trip_id,pickup_datetime,dropoff_datetime,pickup_location_id,dropoff_location_id,passenger_count,trip_distance,fare_amount,tip_amount,total_amount,payment_type,vendor_id,trip_duration,pickup_hour,pickup_day,pickup_month,pickup_date,is_weekend,fare_per_km,tip_per
1,2024-01-11 23:15:00,2024-01-11 23:59:00,53,175,3,9.07,209.62,13.71,223.33,Card,2,44.0,23,Thursday,January,2024-01-11,False,23.11,6.54
2,2024-01-01 14:20:00,2024-01-01 14:34:00,148,109,1,8.4,197.26,19.11,216.37,Cash,2,14.0,14,Monday,January,2024-01-01,False,23.48,9.69
3,2024-01-27 11:58:00,2024-01-27 12:54:00,187,14,1,1.48,92.42,16.9,109.32,Card,1,56.0,11,Saturday,January,2024-01-27,False,62.45,18.29
4,2024-01-08 20:04:00,2024-01-08 21:20:00,21,181,1,14.98,329.97,42.33,372.3,Card,1,76.0,20,Monday,January,2024-01-08,False,22.03,12.83
5,2024-01-05 08:25:00,2024-01-05 09:44:00,90,43,1,17.77,376.24,26.47,402.71,Card,1,79.0,8,Friday,January,2024-01-05,False,21.17,7.04
6,2024-01-12 16:50:00,2024-01-12 17:55:00,233,102,3,21.49,438.85,35.27,474.12,Card,2,65.0,16,Friday,January,2024-01-12,False,20.42,8.04
7,2024-01-26 19:54:00,2024-01-26 21:02:00,215,113,1,4.36,131.4,12.7,144.1,Card,2,68.0,19,Friday,January,2024-01-26,False,30.14,9.67
8,2024-01-16 06:02:00,2024-01-16 06:11:00,51,193,1,14.06,294.8,40.84,335.64,Cash,1,9.0,6,Tuesday,January,2024-01-16,False,20.97,13.85
9,2024-01-12 03:03:00,2024-01-12 04:00:00,153,9,1,1.19,75.07,7.5,82.57,Card,1,57.0,3,Friday,January,2024-01-12,False,63.08,9.99
10,2024-01-29 12:50:00,2024-01-29 13:49:00,116,149,1,3.28,122.9,19.92,142.82,Card,2,59.0,12,Monday,January,2024-01-29,False,37.47,16.21
11,2024-01-02 04:05:00,2024-01-02 04:46:00,214,224,3,2.3,93.04,13.25,106.29,Card,1,41.0,4,Tuesday,January,2024-01-02,False,40.45,14.24
12,2024-01-01 12:49:00,2024-01-01 13:49:00,137,110,1,18.41,382.89,69.33,452.22,Cash,1,60.0,12,Monday,January,2024-01-01,False,20.8,18.11
13,2024-01-02 16:33:00,2024-01-02 17:36:00,71,84,1,2.95,93.57,11.71,105.28,Card,1,63.0,16,Tuesday,January,2024-01-02,False,31.72,12.51
14,2024-01-04 16:31:00,2024-01-04 17:44:00,245,43,2,18.19,381.16,37.99,419.15,Cash,2,73.0,16,Thursday,January,2024-01-04,False,20.95,9.97
15,2024-01-27 06:19:00,2024-01-27 07:36:00,38,66,1,6.99,166.58,33.22,199.8,Cash,1,77.0,6,Saturday,January,2024-01-27,False,23.83,19.94
16,2024-01-28 05:08:00,2024-01-28 06:11:00,216,109,1,22.07,454.37,46.96,501.33,Card,1,63.0,5,Sunday,January,2024-01-28,False,20.59,10.34
17,2024-01-13 04:48:00,2024-01-13 04:54:00,127,102,1,20.52,424.56,48.52,473.08,Card,1,6.0,4,Saturday,January,2024-01-13,False,20.69,11.43
18,2024-01-14 17:29:00,2024-01-14 18:38:00,72,135,1,23.99,497.02,85.17,582.19,Card,2,69.0,17,Sunday,January,2024-01-14,False,20.72,17.14
19,2024-01-20 22:13:00,2024-01-20 23:17:00,226,86,1,22.21,457.23,28.94,486.17,Card,2,64.0,22,Saturday,January,2024-01-20,False,20.59,6.33
20,2024-01-05 10:36:00,2024-01-05 11:31:00,246,84,1,23.4,470.9,50.84,521.74,Card,1,55.0,10,Friday,January,2024-01-05,False,20.12,10.8
21,2024-01-20 02:00:00,2024-01-20 02:34:00,71,227,1,21.61,444.47,27.94,472.41,Cash,1,34.0,2,Saturday,January,2024-01-20,False,20.57,6.29
22,2024-01-29 18:34:00,2024-01-29 18:49:00,195,260,2,17.64,378.51,26.83,405.34,Card,1,15.0,18,Monday,January,2024-01-29,False,21.46,7.09
23,2024-01-18 19:38:00,2024-01-18 20:58:00,38,20,1,5.09,134.44,6.82,141.26,Card,1,80.0,19,Thursday,January,2024-01-18,False,26.41,5.07
24,2024-01-14 03:42:00,2024-01-14 04:25:00,117,35,5,7.52,193.99,9.98,203.97,Card,1,43.0,3,Sunday,January,2024-01-14,False,25.8,5.14
25,2024-01-13 19:11:00,2024-01-13 20:32:00,238,243,1,6.11,177.48,19.0,196.48,Cash,2,81.0,19,Saturday,January,2024-01-13,False,29.05,10.71
26,2024-01-02 21:47:00,2024-01-02 23:03:00,204,223,2,15.49,327.79,56.17,383.96,Card,1,76.0,21,Tuesday,January,2024-01-02,False,21.16,17.14
27,2024-01-01 03:09:00,2024-01-01 04:16:00,5,158,3,13.09,294.42,40.64,335.06,Card,1,67.0,3,Monday,January,2024-01-01,False,22.49,13.8
28,2024-01-14 06:38:00,2024-01-14 07:46:00,157,36,1,21.81,457.22,66.41,523.63,Card,2,68.0,6,Sunday,January,2024-01-14,False,20.96,14.52
29,2024-01-25 20:13:00,2024-01-25 21:18:00,107,29,2,23.86,484.83,62.0,546.83,Cash,2,65.0,20,Thursday,January,2024-01-25,False,20.32,12.79
30,2024-01-02 07:39:00,2024-01-02 08:37:00,228,255,3,10.72,254.5,44.02,298.52,Card,1,58.0,7,Tuesday,January,2024-01-02,False,23.74,17.3
31,2024-01-01 21:07:00,2024-01-01 22:24:00,142,142,1,13.15,286.03,52.07,338.1,Cash,2,77.0,21,Monday,January,2024-01-01,False,21.75,18.2
32,2024-01-22 21:51:00,2024-01-22 22:53:00,172,134,6,24.32,486.94,86.41,573.35,Card,2,62.0,21,Monday,January,2024-01-22,False,20.02,17.75
33,2024-01-08 21:54:00,2024-01-08 23:23:00,146,144,1,7.63,197.37,33.91,231.28,Cash,1,89.0,21,Monday,January,2024-01-08,False,25.87,17.18
34,2024-01-03 11:16:00,2024-01-03 12:16:00,7,245,1,20.02,421.52,32.63,454.15,Cash,1,60.0,11,Wednesday,January,2024-01-03,False,21.05,7.74
35,2024-01-03 16:50:00,2024-01-03 17:28:00,16,254,2,6.41,183.49,25.52,209.01,Card,2,38.0,16,Wednesday,January,2024-01-03,False,28.63,13.91
36,2024-01-29 21:26:00,2024-01-29 22:01:00,37,5,1,17.36,359.23,49.33,408.56,Card,1,35.0,21,Monday,January,2024-01-29,False,20.69,13.73
37,2024-01-22 08:20:00,2024-01-22 09:16:00,153,239,2,7.09,181.67,23.47,205.14,Card,1,56.0,8,Monday,January,2024-01-22,False,25.62,12.92
38,2024-01-11 01:42:00,2024-01-11 03:02:00,183,250,3,22.21,447.3,54.63,501.93,Cash,2,80.0,1,Thursday,January,2024-01-11,False,20.14,12.21
39,2024-01-16 02:57:00,2024-01-16 03:02:00,156,31,5,14.48,303.04,19.21,322.25,Card,1,5.0,2,Tuesday,January,2024-01-16,False,20.93,6.34
40,2024-01-08 09:07:00,2024-01-08 10:06:00,137,120,1,5.46,150.38,9.82,160.2,Card,2,59.0,9,Monday,January,2024-01-08,False,27.54,6.53
41,2024-01-07 02:32:00,2024-01-07 02:58:00,90,79,5,6.38,166.06,30.78,196.84,Card,2,26.0,2,Sunday,January,2024-01-07,False,26.03,18.54
42,2024-01-30 21:01:00,2024-01-30 21:45:00,218,9,1,12.85,279.41,40.38,319.79,Card,2,44.0,21,Tuesday,January,2024-01-30,False,21.74,14.45
43,2024-01-06 20:33:00,2024-01-06 20:38:00,186,44,1,24.08,482.35,43.1,525.45,Card,2,5.0,20,Saturday,January,2024-01-06,False,20.03,8.94
44,2024-01-30 20:41:00,2024-01-30 21:50:00,209,222,1,19.47,401.27,36.87,438.14,Card,2,69.0,20,Tuesday,January,2024-01-30,False,20.61,9.19
45,2024-01-08 15:36:00,2024-01-08 16:43:00,51,144,2,12.72,298.63,42.26,340.89,Card,1,67.0,15,Monday,January,2024-01-08,False,23.48,14.15
46,2024-01-17 14:17:00,2024-01-17 15:15:00,88,120,1,9.11,227.47,25.26,252.73,Card,2,58.0,14,Wednesday,January,2024-01-17,False,24.97,11.1
47,2024-01-02 19:32:00,2024-01-02 20:18:00,136,53,2,14.18,297.38,34.56,331.94,Card,1,46.0,19,Tuesday,January,2024-01-02,False,20.97,11.62
48,2024-01-17 07:23:00,2024-01-17 07:48:00,158,65,1,18.96,407.45,24.08,431.53,Cash,1,25.0,7,Wednesday,January,2024-01-17,False,21.49,5.91
49,2024-01-12 21:59:00,2024-01-12 23:22:00,155,176,1,19.81,415.58,29.43,445.01,Card,2,83.0,21,Friday,January,2024-01-12,False,20.98,7.08
50,2024-01-29 11:14:00,2024-01-29 12:39:00,220,70,5,8.79,224.94,24.52,249.46,Card,1,85.0,11,Monday,January,2024-01-29,False,25.59,10.9
51,2024-01-11 02:21:00,2024-01-11 02:47:00,167,121,1,18.31,379.83,58.86,438.69,Card,2,26.0,2,Thursday,January,2024-01-11,False,20.74,15.5
52,2024-01-25 22:40:00,2024-01-25 23:22:00,179,203,1,16.79,356.16,20.37,376.53,Cash,2,42.0,22,Thursday,January,2024-01-25,False,21.21,5.72
53,2024-01-19 10:11:00,2024-01-19 11:35:00,50,180,2,24.02,499.25,50.02,549.27,Card,1,84.0,10,Friday,January,2024-01-19,False,20.78,10.02
54,2024-01-02 02:25:00,2024-01-02 02:37:00,87,81,1,23.35,468.48,72.27,540.75,Cash,2,12.0,2,Tuesday,January,2024-01-02,False,20.06,15.43
55,2024-01-03 17:43:00,2024-01-03 18:49:00,33,55,3,19.95,426.57,72.01,498.58,Card,1,66.0,17,Wednesday,January,2024-01-03,False,21.38,16.88
56,2024-01-17 14:59:00,2024-01-17 15:50:00,141,179,1,18.36,395.33,31.05,426.38,Card,1,51.0,14,Wednesday,January,2024-01-17,False,21.53,7.85
57,2024-01-14 12:17:00,2024-01-14 12:38:00,206,98,1,7.58,205.86,32.88,238.74,Card,1,21.0,12,Sunday,January,2024-01-14,False,27.16,15.97
58,2024-01-01 17:01:00,2024-01-01 17:22:00,224,110,1,21.3,433.13,83.73,516.86,Card,2,21.0,17,Monday,January,2024-01-01,False,20.33,19.33
59,2024-01-09 02:13:00,2024-01-09 02:30:00,113,153,1,11.26,249.75,46.46,296.21,Cash,1,17.0,2,Tuesday,January,2024-01-09,False,22.18,18.6
60,2024-01-10 07:37:00,2024-01-10 07:58:00,5,125,2,7.53,185.47,31.23,216.7,Cash,2,21.0,7,Wednesday,January,2024-01-10,False,24.63,16.84
61,2024-01-29 07:17:00,2024-01-29 07:59:00,212,91,1,10.22,252.6,39.62,292.22,Card,1,42.0,7,Monday,January,2024-01-29,False,24.72,15.68
62,2024-01-07 17:32:00,2024-01-07 18:57:00,256,37,3,21.06,429.07,36.59,465.66,Card,1,85.0,17,Sunday,January,2024-01-07,False,20.37,8.53
63,2024-01-05 18:33:00,2024-01-05 19:55:00,30,5,1,4.57,139.22,20.2,159.42,Card,2,82.0,18,Friday,January,2024-01-05,False,30.46,14.51
64,2024-01-04 22:35:00,2024-01-04 23:24:00,82,150,1,11.95,267.21,39.14,306.35,Cash,1,49.0,22,Thursday,January,2024-01-04,False,22.36,14.65
65,2024-01-01 02:41:00,2024-01-01 02:51:00,236,172,2,12.82,282.65,31.38,314.03,Card,1,10.0,2,Monday,January,2024-01-01,False,22.05,11.1
66,2024-01-26 17:45:00,2024-01-26 18:24:00,253,262,2,1.88,79.64,9.87,89.51,Card,1,39.0,17,Friday,January,2024-01-26,False,42.36,12.39
67,2024-01-19 10:37:00,2024-01-19 10:55:00,118,27,2,5.7,158.71,24.46,183.17,Card,2,18.0,10,Friday,January,2024-01-19,False,27.84,15.41
68,2024-01-24 10:43:00,2024-01-24 11:59:00,30,55,2,20.84,440.6,84.95,525.55,Cash,2,76.0,10,Wednesday,January,2024-01-24,False,21.14,19.28
69,2024-01-23 15:26:00,2024-01-23 16:31:00,111,249,1,20.94,418.4,39.45,457.85,Card,1,65.0,15,Tuesday,January,2024-01-23,False,19.98,9.43
70,2024-01-09 00:14:00,2024-01-09 00:33:00,254,259,2,8.02,211.04,18.35,229.39,Card,1,19.0,0,Tuesday,January,2024-01-09,False,26.31,8.7
71,2024-01-21 05:27:00,2024-01-21 06:25:00,199,191,1,22.0,455.96,63.96,519.92,Card,2,58.0,5,Sunday,January,2024-01-21,False,20.73,14.03
72,2024-01-29 01:17:00,2024-01-29 01:48:00,244,63,1,19.52,409.86,28.53,438.39,Cash,2,31.0,1,Monday,January,2024-01-29,False,21.0,6.96
73,2024-01-18 22:51:00,2024-01-18 23:08:00,221,104,4,11.03,257.32,35.35,292.67,Card,2,17.0,22,Thursday,January,2024-01-18,False,23.33,13.74
74,2024-01-01 16:56:00,2024-01-01 17:31:00,156,259,1,18.96,390.17,24.71,414.88,Card,1,35.0,16,Monday,January,2024-01-01,False,20.58,6.33
75,2024-01-17 20:13:00,2024-01-17 20:52:00,236,161,2,24.07,485.71,60.03,545.74,Card,1,39.0,20,Wednesday,January,2024-01-17,False,20.18,12.36
76,2024-01-17 20:36:00,2024-01-17 21:40:00,19,171,1,12.02,280.34,40.11,320.45,Card,2,64.0,20,Wednesday,January,2024-01-17,False,23.32,14.31
77,2024-01-17 03:27:00,2024-01-17 03:37:00,215,109,1,6.72,170.15,10.3,180.45,Card,2,10.0,3,Wednesday,January,2024-01-17,False,25.32,6.05
78,2024-01-17 21:00:00,2024-01-17 22:13:00,114,140,1,23.6,478.9,38.81,517.71,Card,1,73.0,21,Wednesday,January,2024-01-17,False,20.29,8.1
79,2024-01-06 22:09:00,2024-01-06 23:39:00,200,93,2,15.49,319.41,32.04,351.45,Card,1,90.0,22,Saturday,January,2024-01-06,False,20.62,10.03
80,2024-01-12 23:42:00,2024-01-13 00:44:00,25,103,1,3.53,125.55,13.22,138.77,Card,2,62.0,23,Friday,January,2024-01-12,False,35.57,10.53
81,2024-01-07 10:28:00,2024-01-07 11:21:00,121,226,1,14.74,317.85,48.13,365.98,Card,2,53.0,10,Sunday,January,2024-01-07,False,21.56,15.14
82,2024-01-15 18:31:00,2024-01-15 18:58:00,230,160,3,13.01,289.94,37.5,327.44,Card,1,27.0,18,Monday,January,2024-01-15,False,22.29,12.93
83,2024-01-09 11:05:00,2024-01-09 11:43:00,99,195,1,21.53,430.98,46.25,477.23,Cash,2,38.0,11,Tuesday,January,2024-01-09,False,20.02,10.73
84,2024-01-15 18:03:00,2024-01-15 18:33:00,3,145,1,13.74,317.07,37.29,354.36,Card,1,30.0,18,Monday,January,2024-01-15,False,23.08,11.76
85,2024-01-28 03:39:00,2024-01-28 04:30:00,261,242,3,7.13,177.41,9.22,186.63,Card,1,51.0,3,Sunday,January,2024-01-28,False,24.88,5.2
86,2024-01-06 22:51:00,2024-01-06 23:00:00,254,132,4,17.22,369.01,61.1,430.11,Card,1,9.0,22,Saturday,January,2024-01-06,False,21.43,16.56
87,2024-01-28 18:16:00,2024-01-28 18:40:00,20,93,1,14.02,309.8,17.4,327.2,Card,2,24.0,18,Sunday,January,2024-01-28,False,22.1,5.62
88,2024-01-27 10:04:00,2024-01-27 10:14:00,204,192,3,6.59,182.17,31.77,213.94,Cash,1,10.0,10,Saturday,January,2024-01-27,False,27.64,17.44
89,2024-01-29 07:34:00,2024-01-29 08:48:00,128,22,1,14.77,314.68,41.27,355.95,Card,2,74.0,7,Monday,January,2024-01-29,False,21.31,13.11
90,2024-01-02 18:48:00,2024-01-02 19:51:00,174,194,1,20.72,435.64,56.27,491.91,Card,2,63.0,18,Tuesday,January,2024-01-02,False,21.03,12.92
91,2024-01-02 09:47:00,2024-01-02 10:55:00,221,170,3,1.69,81.9,12.75,94.65,Cash,1,68.0,9,Tuesday,January,2024-01-02,False,48.46,15.57
92,2024-01-02 20:55:00,2024-01-02 21:17:00,37,11,4,16.14,342.85,61.35,404.2,Card,2,22.0,20,Tuesday,January,2024-01-02,False,21.24,17.89
93,2024-01-04 15:38:00,2024-01-04 15:46:00,149,181,1,9.39,229.2,43.87,273.07,Cash,1,8.0,15,Thursday,January,2024-01-04,False,24.41,19.14
94,2024-01-16 06:42:00,2024-01-16 07:03:00,92,232,1,8.02,207.89,27.34,235.23,Card,2,21.0,6,Tuesday,January,2024-01-16,False,25.92,13.15
95,2024-01-28 10:24:00,2024-01-28 10:42:00,70,29,1,10.42,247.57,17.97,265.54,Card,1,18.0,10,Sunday,January,2024-01-28,False,23.76,7.26
96,2024-01-24 00:39:00,2024-01-24 02:01:00,84,20,1,9.21,232.78,42.32,275.1,Cash,1,82.0,0,Wednesday,January,2024-01-24,False,25.27,18.18
97,2024-01-10 17:06:00,2024-01-10 17:23:00,205,5,2,20.97,426.01,23.9,449.91,Cash,1,17.0,17,Wednesday,January,2024-01-10,False,20.32,5.61
98,2024-01-09 19:06:00,2024-01-09 19:17:00,88,34,1,7.6,203.82,34.87,238.69,Card,1,11.0,19,Tuesday,January,2024-01-09,False,26.82,17.11
99,2024-01-27 20:20:00,2024-01-27 21:08:00,252,140,1,18.6,378.73,57.59,436.32,Cash,1,48.0,20,Saturday,January,2024-01-27,False,20.36,15.21
100,2024-01-03 11:21:00,2024-01-03 11:40:00,211,28,2,3.26,118.47,22.0,140.47,Card,2,19.0,11,Wednesday,January,2024-01-03,False,36.34,18.57
101,2024-01-19 15:34:00,2024-01-19 15:57:00,31,98,3,23.83,485.37,89.61,574.98,Card,2,23.0,15,Friday,January,2024-01-19,False,20.37,18.46
102,2024-01-28 01:12:00,2024-01-28 02:19:00,61,262,1,15.94,341.76,19.81,361.57,Card,1,67.0,1,Sunday,January,2024-01-28,False,21.44,5.8
103,2024-01-16 17:42:00,2024-01-16 18:21:00,67,246,2,17.96,372.61,52.69,425.3,Card,2,39.0,17,Tuesday,January,2024-01-16,False,20.75,14.14
104,2024-01-06 19:52:00,2024-01-06 21:17:00,226,19,4,8.15,201.81,13.86,215.67,Card,2,85.0,19,Saturday,January,2024-01-06,False,24.76,6.87
105,2024-01-22 04:55:00,2024-01-22 05:34:00,67,12,1,10.89,240.87,14.88,255.75,Card,1,39.0,4,Monday,January,2024-01-22,False,22.12,6.18
106,2024-01-10 01:47:00,2024-01-10 02:10:00,128,25,3,6.37,165.74,19.43,185.17,Card,1,23.0,1,Wednesday,January,2024-01-10,False,26.02,11.72
107,2024-01-17 09:19:00,2024-01-17 09:43:00,111,13,2,23.38,463.8,29.98,493.78,Card,1,24.0,9,Wednesday,January,2024-01-17,False,19.84,6.46
108,2024-01-25 11:02:00,2024-01-25 11:41:00,34,76,1,12.71,285.94,45.52,331.46,Card,1,39.0,11,Thursday,January,2024-01-25,False,22.5,15.92
109,2024-01-09 05:17:00,2024-01-09 05:53:00,212,259,1,16.13,333.21,65.09,398.3,Cash,1,36.0,5,Tuesday,January,2024-01-09,False,20.66,19.53
110,2024-01-10 17:59:00,2024-01-10 18:51:00,125,24,2,18.62,379.97,51.46,431.43,Card,2,52.0,17,Wednesday,January,2024-01-10,False,20.41,13.54
111,2024-01-22 09:38:00,2024-01-22 10:26:00,103,8,1,9.91,220.94,18.84,239.78,Cash,2,48.0,9,Monday,January,2024-01-22,False,22.29,8.53
112,2024-01-14 06:35:00,2024-01-14 07:03:00,206,228,1,18.28,380.48,67.15,447.63,Card,2,28.0,6,Sunday,January,2024-01-14,False,20.81,17.65
113,2024-01-08 14:45:00,2024-01-08 15:50:00,120,123,1,17.22,375.22,66.78,442.0,Cash,1,65.0,14,Monday,January,2024-01-08,False,21.79,17.8
114,2024-01-18 00:58:00,2024-01-18 01:19:00,170,90,2,17.94,390.13,62.39,452.52,Card,2,21.0,0,Thursday,January,2024-01-18,False,21.75,15.99
115,2024-01-30 12:50:00,2024-01-30 14:05:00,35,224,1,12.74,271.48,38.62,310.1,Cash,1,75.0,12,Tuesday,January,2024-01-30,False,21.31,14.23
116,2024-01-04 12:16:00,2024-01-04 13:10:00,246,224,1,10.19,242.46,43.68,286.14,Card,1,54.0,12,Thursday,January,2024-01-04,False,23.79,18.02
117,2024-01-23 13:22:00,2024-01-23 14:31:00,58,257,1,6.33,174.47,13.0,187.47,Card,1,69.0,13,Tuesday,January,2024-01-23,False,27.56,7.45
118,2024-01-06 15:10:00,2024-01-06 15:46:00,141,3,2,20.79,430.23,81.63,511.86,Card,1,36.0,15,Saturday,January,2024-01-06,False,20.69,18.97
119,2024-01-10 13:33:00,2024-01-10 14:13:00,111,148,1,15.6,340.81,65.46,406.27,Cash,2,40.0,13,Wednesday,January,2024-01-10,False,21.85,19.21
120,2024-01-19 22:26:00,2024-01-19 22:43:00,163,189,1,11.66,256.89,46.45,303.34,Cash,1,17.0,22,Friday,January,2024-01-19,False,22.03,18.08
121,2024-01-13 02:12:00,2024-01-13 03:26:00,111,187,1,23.66,480.57,42.1,522.67,Card,2,74.0,2,Saturday,January,2024-01-13,False,20.31,8.76
122,2024-01-24 02:30:00,2024-01-24 03:32:00,152,188,1,2.15,90.43,16.16,106.59,Card,1,62.0,2,Wednesday,January,2024-01-24,False,42.06,17.87
123,2024-01-05 19:10:00,2024-01-05 19:28:00,65,124,1,21.4,427.89,53.33,481.22,Cash,2,18.0,19,Friday,January,2024-01-05,False,19.99,12.46
124,2024-01-18 16:06:00,2024-01-18 16:47:00,106,37,2,24.94,507.69,70.69,578.38,Cash,2,41.0,16,Thursday,January,2024-01-18,False,20.36,13.92
125,2024-01-01 03:26:00,2024-01-01 04:49:00,216,149,2,22.29,456.08,80.31,536.39,Card,1,83.0,3,Monday,January,2024-01-01,False,20.46,17.61
126,2024-01-15 22:38:00,2024-01-15 23:50:00,91,106,2,20.45,416.36,22.67,439.03,Cash,2,72.0,22,Monday,January,2024-01-15,False,20.36,5.44
127,2024-01-16 12:41:00,2024-01-16 13:25:00,26,103,1,9.98,233.85,24.42,258.27,Card,2,44.0,12,Tuesday,January,2024-01-16,False,23.43,10.44
128,2024-01-17 06:19:00,2024-01-17 07:22:00,157,232,1,6.55,181.16,31.22,212.38,Cash,1,63.0,6,Wednesday,January,2024-01-17,False,27.66,17.23
129,2024-01-29 20:03:00,2024-01-29 21:27:00,72,146,5,18.64,399.57,68.76,468.33,Card,2,84.0,20,Monday,January,2024-01-29,False,21.44,17.21
130,2024-01-16 13:23:00,2024-01-16 13:43:00,44,17,1,8.31,209.07,37.07,246.14,Card,2,20.0,13,Tuesday,January,2024-01-16,False,25.16,17.73
131,2024-01-13 14:21:00,2024-01-13 15:27:00,90,159,2,5.22,147.99,11.16,159.15,Card,2,66.0,14,Saturday,January,2024-01-13,False,28.35,7.54
132,2024-01-11 07:00:00,2024-01-11 07:08:00,133,125,4,19.88,415.11,64.71,479.82,Card,1,8.0,7,Thursday,January,2024-01-11,False,20.88,15.59
133,2024-01-29 00:22:00,2024-01-29 01:11:00,161,173,2,8.5,204.55,14.72,219.27,Card,1,49.0,0,Monday,January,2024-01-29,False,24.06,7.2
134,2024-01-05 10:14:00,2024-01-05 10:46:00,232,163,1,22.95,456.9,76.65,533.55,Cash,2,32.0,10,Friday,January,2024-01-05,False,19.91,16.78
135,2024-01-02 03:58:00,2024-01-02 05:08:00,261,203,1,21.18,432.81,37.55,470.36,Cash,2,70.0,3,Tuesday,January,2024-01-02,False,20.43,8.68
136,2024-01-24 11:47:00,2024-01-24 12:22:00,111,155,1,21.34,440.03,70.7,510.73,Card,2,35.0,11,Wednesday,January,2024-01-24,False,20.62,16.07
137,2024-01-12 05:58:00,2024-01-12 06:05:00,164,261,2,19.52,409.33,48.4,457.73,Cash,2,7.0,5,Friday,January,2024-01-12,False,20.97,11.82
138,2024-01-07 21:14:00,2024-01-07 21:26:00,77,186,2,22.14,466.59,92.36,558.95,Card,1,12.0,21,Sunday,January,2024-01-07,False,21.07,19.79
139,2024-01-20 08:50:00,2024-01-20 09:18:00,209,57,2,20.34,429.44,58.83,488.27,Cash,2,28.0,8,Saturday,January,2024-01-20,False,21.11,13.7
140,2024-01-16 11:39:00,2024-01-16 11:58:00,13,217,1,15.46,322.84,46.78,369.62,Cash,2,19.0,11,Tuesday,January,2024-01-16,False,20.88,14.49
141,2024-01-30 13:17:00,2024-01-30 14:04:00,58,208,3,8.1,191.03,20.1,211.13,Cash,2,47.0,13,Tuesday,January,2024-01-30,False,23.58,10.52
142,2024-01-02 20:53:00,2024-01-02 21:28:00,36,202,2,22.32,444.77,71.24,516.01,Card,1,35.0,20,Tuesday,January,2024-01-02,False,19.93,16.02
143,2024-01-21 11:07:00,2024-01-21 12:24:00,25,74,1,21.17,443.21,55.06,498.27,Card,2,77.0,11,Sunday,January,2024-01-21,False,20.94,12.42
144,2024-01-21 15:23:00,2024-01-21 16:12:00,34,85,1,12.35,283.48,14.94,298.42,Card,2,49.0,15,Sunday,January,2024-01-21,False,22.95,5.27
145,2024-01-03 12:27:00,2024-01-03 13:37:00,140,120,2,1.94,104.51,14.77,119.28,Card,1,70.0,12,Wednesday,January,2024-01-03,False,53.87,14.13
146,2024-01-19 00:19:00,2024-01-19 00:31:00,222,14,1,16.33,349.6,61.03,410.63,Card,2,12.0,0,Friday,January,2024-01-19,False,21.41,17.46
147,2024-01-30 19:41:00,2024-01-30 20:56:00,37,129,1,2.21,104.57,8.94,113.51,Cash,2,75.0,19,Tuesday,January,2024-01-30,False,47.32,8.55
148,2024-01-16 03:54:00,2024-01-16 04:55:00,129,49,1,23.23,475.43,39.54,514.97,Card,2,61.0,3,Tuesday,January,2024-01-16,False,20.47,8.32
149,2024-01-13 12:47:00,2024-01-13 14:11:00,218,242,2,24.08,499.66,70.62,570.28,Card,1,84.0,12,Saturday,January,2024-01-13,False,20.75,14.13
150,2024-01-19 03:05:00,2024-01-19 03:39:00,248,53,1,5.55,161.53,27.9,189.43,Card,1,34.0,3,Friday,January,2024-01-19,False,29.1,17.27
151,2024-01-08 02:30:00,2024-01-08 03:48:00,111,69,1,17.23,369.43,32.3,401.73,Card,2,78.0,2,Monday,January,2024-01-08,False,21.44,8.74
152,2024-01-11 21:47:00,2024-01-11 22:09:00,220,40,3,3.21,114.73,21.78,136.51,Card,2,22.0,21,Thursday,January,2024-01-11,False,35.74,18.98
153,2024-01-16 06:16:00,2024-01-16 07:29:00,196,184,2,18.51,394.87,74.67,469.54,Card,1,73.0,6,Tuesday,January,2024-01-16,False,21.33,18.91
154,2024-01-17 12:16:00,2024-01-17 12:59:00,147,133,2,9.33,220.53,17.66,238.19,Card,1,43.0,12,Wednesday,January,2024-01-17,False,23.64,8.01
155,2024-01-21 21:20:00,2024-01-21 22:24:00,40,56,1,17.35,355.2,31.81,387.01,Card,2,64.0,21,Sunday,January,2024-01-21,False,20.47,8.96
156,2024-01-01 21:46:00,2024-01-01 22:33:00,134,255,2,9.95,220.3,34.17,254.47,Card,2,47.0,21,Monday,January,2024-01-01,False,22.14,15.51
157,2024-01-05 16:56:00,2024-01-05 17:45:00,191,5,2,4.49,135.19,26.06,161.25,Card,2,49.0,16,Friday,January,2024-01-05,False,30.11,19.28
158,2024-01-19 22:11:00,2024-01-19 22:38:00,163,69,5,10.75,251.48,39.35,290.83,Cash,1,27.0,22,Friday,January,2024-01-19,False,23.39,15.65
159,2024-01-07 13:54:00,2024-01-07 15:07:00,61,52,1,3.7,108.97,12.72,121.69,Cash,1,73.0,13,Sunday,January,2024-01-07,False,29.45,11.67
160,2024-01-28 23:34:00,2024-01-28 23:44:00,5,98,1,14.85,315.91,23.8,339.71,Card,1,10.0,23,Sunday,January,2024-01-28,False,21.27,7.53
161,2024-01-16 05:59:00,2024-01-16 06:59:00,37,161,1,1.98,85.3,10.16,95.46,Card,1,60.0,5,Tuesday,January,2024-01-16,False,43.08,11.91
162,2024-01-04 20:10:00,2024-01-04 20:18:00,217,65,2,13.66,302.76,42.69,345.45,Cash,1,8.0,20,Thursday,January,2024-01-04,False,22.16,14.1
163,2024-01-21 08:40:00,2024-01-21 09:07:00,225,243,1,22.27,449.21,44.76,493.97,Card,2,27.0,8,Sunday,January,2024-01-21,False,20.17,9.96
164,2024-01-03 14:28:00,2024-01-03 14:38:00,216,262,1,21.11,422.85,53.51,476.36,Card,2,10.0,14,Wednesday,January,2024-01-03,False,20.03,12.65
165,2024-01-23 04:48:00,2024-01-23 05:24:00,139,212,1,22.19,444.37,30.9,475.27,Card,2,36.0,4,Tuesday,January,2024-01-23,False,20.03,6.95
166,2024-01-23 14:42:00,2024-01-23 15:04:00,106,154,1,23.13,461.56,54.38,515.94,Cash,1,22.0,14,Tuesday,January,2024-01-23,False,19.96,11.78
167,2024-01-10 09:45:00,2024-01-10 10:04:00,99,234,1,3.51,128.46,8.17,136.63,Cash,2,19.0,9,Wednesday,January,2024-01-10,False,36.6,6.36
168,2024-01-01 11:03:00,2024-01-01 11:47:00,168,140,5,4.09,122.15,7.01,129.16,Card,1,44.0,11,Monday,January,2024-01-01,False,29.87,5.74
169,2024-01-25 03:26:00,2024-01-25 04:43:00,87,115,2,14.37,320.1,57.17,377.27,Card,1,77.0,3,Thursday,January,2024-01-25,False,22.28,17.86
170,2024-01-06 13:14:00,2024-01-06 14:32:00,84,130,1,22.46,461.32,37.26,498.58,Card,2,78.0,13,Saturday,January,2024-01-06,False,20.54,8.08
171,2024-01-20 11:01:00,2024-01-20 12:29:00,224,178,1,24.38,508.15,69.25,577.4,Cash,2,88.0,11,Saturday,January,2024-01-20,False,20.84,13.63
172,2024-01-22 01:03:00,2024-01-22 01:13:00,11,95,1,2.11,86.16,6.23,92.39,Cash,2,10.0,1,Monday,January,2024-01-22,False,40.83,7.23
173,2024-01-03 07:04:00,2024-01-03 08:11:00,186,101,2,9.54,216.47,19.35,235.82,Card,2,67.0,7,Wednesday,January,2024-01-03,False,22.69,8.94
174,2024-01-28 07:53:00,2024-01-28 09:04:00,231,196,1,6.11,151.54,15.79,167.33,Cash,2,71.0,7,Sunday,January,2024-01-28,False,24.8,10.42
175,2024-01-13 06:35:00,2024-01-13 06:50:00,141,208,6,19.14,391.75,28.03,419.78,Card,1,15.0,6,Saturday,January,2024-01-13,False,20.47,7.16
176,2024-01-17 14:58:00,2024-01-17 15:45:00,106,95,2,16.36,355.0,20.2,375.2,Card,1,47.0,14,Wednesday,January,2024-01-17,False,21.7,5.69
177,2024-01-17 10:24:00,2024-01-17 10:45:00,253,103,1,3.88,112.4,20.41,132.81,Card,1,21.0,10,Wednesday,January,2024-01-17,False,28.97,18.16
178,2024-01-02 03:16:00,2024-01-02 03:24:00,49,8,3,12.6,274.14,14.19,288.33,Card,2,8.0,3,Tuesday,January,2024-01-02,False,21.76,5.18
179,2024-01-14 22:40:00,2024-01-14 23:47:00,263,136,2,17.45,379.76,22.48,402.24,Card,2,67.0,22,Sunday,January,2024-01-14,False,21.76,5.92
180,2024-01-20 06:08:00,2024-01-20 07:20:00,205,98,1,19.7,412.09,70.37,482.46,Cash,2,72.0,6,Saturday,January,2024-01-20,False,20.92,17.08
181,2024-01-19 13:36:00,2024-01-19 15:01:00,51,261,1,1.48,68.73,6.34,75.07,Card,2,85.0,13,Friday,January,2024-01-19,False,46.44,9.22
182,2024-01-20 21:53:00,2024-01-20 22:38:00,175,147,2,22.37,444.09,70.35,514.44,Card,1,45.0,21,Saturday,January,2024-01-20,False,19.85,15.84
183,2024-01-27 01:05:00,2024-01-27 02:32:00,225,185,1,14.66,305.71,21.99,327.7,Card,2,87.0,1,Saturday,January,2024-01-27,False,20.85,7.19
184,2024-01-01 14:14:00,2024-01-01 14:23:00,261,232,1,20.49,437.08,37.41,474.49,Card,2,9.0,14,Monday,January,2024-01-01,False,21.33,8.56
185,2024-01-18 01:08:00,2024-01-18 01:44:00,222,101,1,20.39,432.52,58.79,491.31,Card,2,36.0,1,Thursday,January,2024-01-18,False,21.21,13.59
186,2024-01-27 19:43:00,2024-01-27 21:13:00,223,147,1,5.56,165.43,32.8,198.23,Card,2,90.0,19,Saturday,January,2024-01-27,False,29.75,19.83
187,2024-01-06 03:12:00,2024-01-06 04:26:00,74,205,1,3.64,133.25,8.13,141.38,Card,2,74.0,3,Saturday,January,2024-01-06,False,36.61,6.1
188,2024-01-15 23:16:00,2024-01-15 23:55:00,114,46,4,18.31,384.74,42.35,427.09,Card,1,39.0,23,Monday,January,2024-01-15,False,21.01,11.01
189,2024-01-27 18:39:00,2024-01-27 19:05:00,219,104,2,4.75,132.92,7.5,140.42,Card,2,26.0,18,Saturday,January,2024-01-27,False,27.98,5.64
190,2024-01-19 06:29:00,2024-01-19 07:38:00,54,222,2,21.4,437.24,34.93,472.17,Card,2,69.0,6,Friday,January,2024-01-19,False,20.43,7.99
191,2024-01-16 05:19:00,2024-01-16 06:47:00,200,118,2,18.43,393.31,73.2,466.51,Card,2,88.0,5,Tuesday,January,2024-01-16,False,21.34,18.61
192,2024-01-04 10:11:00,2024-01-04 10:37:00,131,5,2,21.2,447.88,28.87,476.75,Card,1,26.0,10,Thursday,January,2024-01-04,False,21.13,6.45
193,2024-01-23 21:30:00,2024-01-23 21:45:00,192,211,6,8.18,200.29,35.76,236.05,Card,2,15.0,21,Tuesday,January,2024-01-23,False,24.49,17.85
194,2024-01-09 19:28:00,2024-01-09 20:49:00,179,55,1,8.6,210.86,16.17,227.03,Card,1,81.0,19,Tuesday,January,2024-01-09,False,24.52,7.67
195,2024-01-18 14:22:00,2024-01-18 14:29:00,240,19,2,17.11,375.93,67.39,443.32,Card,1,7.0,14,Thursday,January,2024-01-18,False,21.97,17.93
196,2024-01-26 19:17:00,2024-01-26 19:30:00,245,88,1,1.75,74.72,9.77,84.49,Cash,2,13.0,19,Friday,January,2024-01-26,False,42.7,13.08
197,2024-01-02 14:47:00,2024-01-02 15:51:00,117,247,3,18.44,397.79,72.29,470.08,Card,2,64.0,14,Tuesday,January,2024-01-02,False,21.57,18.17
198,2024-01-29 07:32:00,2024-01-29 08:52:00,208,117,3,21.06,423.86,30.84,454.7,Card,2,80.0,7,Monday,January,2024-01-29,False,20.13,7.28
199,2024-01-29 03:45:00,2024-01-29 04:03:00,212,170,4,10.96,251.8,41.37,293.17,Cash,2,18.0,3,Monday,January,2024-01-29,False,22.97,16.43
200,2024-01-01 03:17:00,2024-01-01 03:39:00,259,150,1,19.36,395.03,60.09,455.12,Card,1,22.0,3,Monday,January,2024-01-01,False,20.4,15.21
201,2024-01-17 07:49:00,2024-01-17 09:06:00,163,208,1,5.19,151.51,19.91,171.42,Card,1,77.0,7,Wednesday,January,2024-01-17,False,29.19,13.14
202,2024-01-25 02:18:00,2024-01-25 02:45:00,226,174,1,8.73,213.9,36.7,250.6,Card,1,27.0,2,Thursday,January,2024-01-25,False,24.5,17.16
203,2024-01-11 11:27:00,2024-01-11 12:45:00,64,127,1,24.38,490.24,72.18,562.42,Card,1,78.0,11,Thursday,January,2024-01-11,False,20.11,14.72
204,2024-01-16 17:51:00,2024-01-16 19:18:00,246,156,1,24.67,509.96,92.59,602.55,Card,2,87.0,17,Tuesday,January,2024-01-16,False,20.67,18.16
205,2024-01-18 11:44:00,2024-01-18 12:35:00,18,180,1,13.3,299.19,32.06,331.25,Cash,2,51.0,11,Thursday,January,2024-01-18,False,22.5,10.72
206,2024-01-20 08:08:00,2024-01-20 09:21:00,34,87,2,23.42,483.2,66.92,550.12,Cash,1,73.0,8,Saturday,January,2024-01-20,False,20.63,13.85
207,2024-01-30 05:47:00,2024-01-30 06:38:00,181,82,1,13.55,288.42,52.09,340.51,Cash,1,51.0,5,Tuesday,January,2024-01-30,False,21.29,18.06
208,2024-01-15 08:26:00,2024-01-15 09:00:00,194,64,3,8.0,210.49,17.31,227.8,Card,1,34.0,8,Monday,January,2024-01-15,False,26.31,8.22
209,2024-01-11 21:48:00,2024-01-11 22:17:00,192,119,1,7.41,178.39,21.92,200.31,Cash,1,29.0,21,Thursday,January,2024-01-11,False,24.07,12.29
210,2024-01-19 07:30:00,2024-01-19 08:02:00,67,163,1,23.31,466.26,90.51,556.77,Card,2,32.0,7,Friday,January,2024-01-19,False,20.0,19.41
211,2024-01-02 22:51:00,2024-01-02 23:20:00,209,178,2,5.14,136.36,16.51,152.87,Cash,1,29.0,22,Tuesday,January,2024-01-02,False,26.53,12.11
212,2024-01-05 13:06:00,2024-01-05 14:24:00,167,30,2,14.91,321.59,28.28,349.87,Card,1,78.0,13,Friday,January,2024-01-05,False,21.57,8.79
213,2024-01-25 03:14:00,2024-01-25 04:36:00,246,161,1,14.33,324.57,33.32,357.89,Card,1,82.0,3,Thursday,January,2024-01-25,False,22.65,10.27
214,2024-01-21 23:26:00,2024-01-22 00:28:00,245,3,3,18.75,385.07,70.38,455.45,Card,1,62.0,23,Sunday,January,2024-01-21,False,20.54,18.28
215,2024-01-29 13:06:00,2024-01-29 13:51:00,166,24,2,12.98,284.85,55.04,339.89,Card,2,45.0,13,Monday,January,2024-01-29,False,21.95,19.32
216,2024-01-08 22:11:00,2024-01-08 22:40:00,211,59,3,7.53,200.92,38.68,239.6,Card,1,29.0,22,Monday,January,2024-01-08,False,26.68,19.25
217,2024-01-03 00:31:00,2024-01-03 01:53:00,133,237,3,5.07,149.79,23.19,172.98,Card,1,82.0,0,Wednesday,January,2024-01-03,False,29.54,15.48
218,2024-01-02 04:54:00,2024-01-02 05:46:00,197,240,1,15.9,348.75,44.1,392.85,Card,1,52.0,4,Tuesday,January,2024-01-02,False,21.93,12.65
219,2024-01-13 15:47:00,2024-01-13 16:01:00,49,160,4,18.26,375.1,29.03,404.13,Card,1,14.0,15,Saturday,January,2024-01-13,False,20.54,7.74
220,2024-01-07 00:40:00,2024-01-07 01:59:00,64,60,3,14.67,325.55,22.29,347.84,Card,1,79.0,0,Sunday,January,2024-01-07,False,22.19,6.85
221,2024-01-14 10:40:00,2024-01-14 10:55:00,112,240,5,18.72,383.79,22.63,406.42,Card,2,15.0,10,Sunday,January,2024-01-14,False,20.5,5.9
222,2024-01-13 17:43:00,2024-01-13 19:12:00,185,59,3,4.4,148.82,7.84,156.66,Card,1,89.0,17,Saturday,January,2024-01-13,False,33.82,5.27
223,2024-01-04 23:59:00,2024-01-05 00:24:00,104,53,3,22.18,456.04,82.87,538.91,Card,1,25.0,23,Thursday,January,2024-01-04,False,20.56,18.17
224,2024-01-17 00:38:00,2024-01-17 02:08:00,213,64,1,14.98,330.51,56.64,387.15,Cash,1,90.0,0,Wednesday,January,2024-01-17,False,22.06,17.14
225,2024-01-25 09:53:00,2024-01-25 10:42:00,5,121,1,4.04,116.27,15.72,131.99,Card,1,49.0,9,Thursday,January,2024-01-25,False,28.78,13.52
226,2024-01-08 17:11:00,2024-01-08 17:22:00,119,119,4,12.09,265.14,52.98,318.12,Card,2,11.0,17,Monday,January,2024-01-08,False,21.93,19.98
227,2024-01-27 01:04:00,2024-01-27 02:29:00,249,18,2,21.28,427.23,82.44,509.67,Cash,2,85.0,1,Saturday,January,2024-01-27,False,20.08,19.3
228,2024-01-02 06:02:00,2024-01-02 07:10:00,167,5,1,22.54,457.43,67.82,525.25,Card,2,68.0,6,Tuesday,January,2024-01-02,False,20.29,14.83
229,2024-01-06 15:55:00,2024-01-06 17:03:00,242,160,1,7.35,180.82,21.64,202.46,Card,1,68.0,15,Saturday,January,2024-01-06,False,24.6,11.97
230,2024-01-06 15:20:00,2024-01-06 15:26:00,238,142,2,18.07,387.25,28.2,415.45,Cash,2,6.0,15,Saturday,January,2024-01-06,False,21.43,7.28
231,2024-01-28 08:24:00,2024-01-28 09:44:00,205,18,1,3.4,104.46,13.3,117.76,Card,1,80.0,8,Sunday,January,2024-01-28,False,30.72,12.73
232,2024-01-16 05:18:00,2024-01-16 06:04:00,1,68,1,1.81,95.14,7.01,102.15,Cash,2,46.0,5,Tuesday,January,2024-01-16,False,52.56,7.37
233,2024-01-15 04:45:00,2024-01-15 06:11:00,171,114,1,14.45,301.47,33.09,334.56,Cash,2,86.0,4,Monday,January,2024-01-15,False,20.86,10.98
234,2024-01-22 01:06:00,2024-01-22 02:04:00,167,22,2,17.68,364.3,69.73,434.03,Cash,2,58.0,1,Monday,January,2024-01-22,False,20.61,19.14
235,2024-01-12 13:26:00,2024-01-12 14:45:00,258,20,1,20.1,425.56,43.11,468.67,Card,2,79.0,13,Friday,January,2024-01-12,False,21.17,10.13
236,2024-01-22 13:45:00,2024-01-22 14:05:00,63,263,1,9.17,227.34,16.58,243.92,Card,1,20.0,13,Monday,January,2024-01-22,False,24.79,7.29
237,2024-01-18 11:59:00,2024-01-18 12:21:00,37,98,2,1.16,75.17,10.33,85.5,Card,2,22.0,11,Thursday,January,2024-01-18,False,64.8,13.74
238,2024-01-30 03:36:00,2024-01-30 04:39:00,16,105,2,12.51,266.68,37.43,304.11,Cash,2,63.0,3,Tuesday,January,2024-01-30,False,21.32,14.04
239,2024-01-12 08:51:00,2024-01-12 09:11:00,254,5,1,1.38,83.14,6.57,89.71,Cash,1,20.0,8,Friday,January,2024-01-12,False,60.25,7.9
240,2024-01-09 05:15:00,2024-01-09 05:25:00,27,129,1,3.21,109.98,8.74,118.72,Cash,2,10.0,5,Tuesday,January,2024-01-09,False,34.26,7.95
241,2024-01-02 10:09:00,2024-01-02 11:10:00,111,159,2,8.84,208.62,41.4,250.02,Card,2,61.0,10,Tuesday,January,2024-01-02,False,23.6,19.84
242,2024-01-22 22:56:00,2024-01-22 23:47:00,233,251,2,11.49,266.03,23.01,289.04,Card,2,51.0,22,Monday,January,2024-01-22,False,23.15,8.65
243,2024-01-27 12:31:00,2024-01-27 13:23:00,64,83,1,7.71,191.88,33.72,225.6,Card,1,52.0,12,Saturday,January,2024-01-27,False,24.89,17.57
244,2024-01-15 12:52:00,2024-01-15 13:38:00,97,118,1,14.96,312.05,37.62,349.67,Card,1,46.0,12,Monday,January,2024-01-15,False,20.86,12.06
245,2024-01-21 17:35:00,2024-01-21 18:55:00,232,29,3,2.33,109.42,12.61,122.03,Cash,2,80.0,17,Sunday,January,2024-01-21,False,46.96,11.52
246,2024-01-05 23:18:00,2024-01-06 00:22:00,48,138,4,4.47,143.81,13.55,157.36,Card,2,64.0,23,Friday,January,2024-01-05,False,32.17,9.42
247,2024-01-30 20:56:00,2024-01-30 22:17:00,210,157,1,17.69,360.11,59.8,419.91,Card,1,81.0,20,Tuesday,January,2024-01-30,False,20.36,16.61
248,2024-01-06 03:20:00,2024-01-06 03:28:00,76,31,1,4.41,135.13,24.61,159.74,Cash,1,8.0,3,Saturday,January,2024-01-06,False,30.64,18.21
249,2024-01-30 14:42:00,2024-01-30 14:48:00,247,153,1,16.35,336.8,30.03,366.83,Card,2,6.0,14,Tuesday,January,2024-01-30,False,20.6,8.92
250,2024-01-11 12:31:00,2024-01-11 13:34:00,68,58,1,2.31,106.7,6.86,113.56,Cash,1,63.0,12,Thursday,January,2024-01-11,False,46.19,6.43
251,2024-01-01 19:14:00,2024-01-01 19:45:00,64,87,1,10.78,252.43,17.81,270.24,Card,2,31.0,19,Monday,January,2024-01-01,False,23.42,7.06
252,2024-01-04 02:59:00,2024-01-04 03:30:00,182,123,1,5.26,139.85,23.62,163.47,Cash,1,31.0,2,Thursday,January,2024-01-04,False,26.59,16.89
253,2024-01-05 08:55:00,2024-01-05 10:18:00,80,191,2,3.63,105.96,12.23,118.19,Card,1,83.0,8,Friday,January,2024-01-05,False,29.19,11.54
254,2024-01-09 11:03:00,2024-01-09 12:19:00,203,28,1,14.61,303.93,21.21,325.14,Card,2,76.0,11,Tuesday,January,2024-01-09,False,20.8,6.98
255,2024-01-21 08:19:00,2024-01-21 08:30:00,182,155,3,23.28,474.26,47.92,522.18,Card,2,11.0,8,Sunday,January,2024-01-21,False,20.37,10.1
256,2024-01-09 22:34:00,2024-01-09 23:41:00,214,230,2,2.31,103.61,13.17,116.78,Cash,2,67.0,22,Tuesday,January,2024-01-09,False,44.85,12.71
257,2024-01-23 17:11:00,2024-01-23 18:01:00,120,37,2,11.12,243.79,43.35,287.14,Card,1,50.0,17,Tuesday,January,2024-01-23,False,21.92,17.78
258,2024-01-04 20:19:00,2024-01-04 21:26:00,241,6,6,17.98,370.28,54.16,424.44,Card,2,67.0,20,Thursday,January,2024-01-04,False,20.59,14.63
259,2024-01-30 10:45:00,2024-01-30 11:01:00,202,225,2,12.1,267.62,20.45,288.07,Cash,2,16.0,10,Tuesday,January,2024-01-30,False,22.12,7.64
260,2024-01-02 18:37:00,2024-01-02 18:54:00,54,33,4,20.36,413.02,30.48,443.5,Card,1,17.0,18,Tuesday,January,2024-01-02,False,20.29,7.38
261,2024-01-27 15:20:00,2024-01-27 16:07:00,145,89,1,5.31,147.32,16.48,163.8,Cash,1,47.0,15,Saturday,January,2024-01-27,False,27.74,11.19
262,2024-01-12 10:42:00,2024-01-12 11:03:00,86,40,1,24.03,489.33,29.99,519.32,Card,2,21.0,10,Friday,January,2024-01-12,False,20.36,6.13
263,2024-01-02 12:40:00,2024-01-02 13:47:00,22,169,1,10.24,244.87,40.0,284.87,Card,1,67.0,12,Tuesday,January,2024-01-02,False,23.91,16.34
264,2024-01-03 01:21:00,2024-01-03 02:46:00,236,18,1,9.2,234.51,25.85,260.36,Card,2,85.0,1,Wednesday,January,2024-01-03,False,25.49,11.02
265,2024-01-15 19:57:00,2024-01-15 20:37:00,29,15,1,21.99,463.75,47.05,510.8,Card,1,40.0,19,Monday,January,2024-01-15,False,21.09,10.15
266,2024-01-09 07:29:00,2024-01-09 08:58:00,183,132,2,14.53,318.64,40.27,358.91,Card,1,89.0,7,Tuesday,January,2024-01-09,False,21.93,12.64
267,2024-01-02 23:49:00,2024-01-03 00:01:00,160,209,1,13.39,303.04,47.38,350.42,Card,1,12.0,23,Tuesday,January,2024-01-02,False,22.63,15.63
268,2024-01-20 21:23:00,2024-01-20 22:36:00,18,76,2,18.45,400.63,54.25,454.88,Card,1,73.0,21,Saturday,January,2024-01-20,False,21.71,13.54
269,2024-01-18 04:16:00,2024-01-18 05:40:00,38,112,1,14.92,311.06,52.99,364.05,Card,2,84.0,4,Thursday,January,2024-01-18,False,20.85,17.04
270,2024-01-27 17:07:00,2024-01-27 17:47:00,101,72,2,4.9,128.37,18.54,146.91,Card,1,40.0,17,Saturday,January,2024-01-27,False,26.2,14.44
271,2024-01-17 04:48:00,2024-01-17 05:20:00,173,21,1,17.18,350.13,58.89,409.02,Card,2,32.0,4,Wednesday,January,2024-01-17,False,20.38,16.82
272,2024-01-18 23:16:00,2024-01-19 00:07:00,67,188,5,4.2,132.5,20.47,152.97,Card,1,51.0,23,Thursday,January,2024-01-18,False,31.55,15.45
273,2024-01-15 18:55:00,2024-01-15 20:15:00,191,121,1,20.34,429.01,33.88,462.89,Cash,2,80.0,18,Monday,January,2024-01-15,False,21.09,7.9
274,2024-01-03 18:27:00,2024-01-03 19:01:00,43,141,6,24.75,496.51,28.72,525.23,Card,2,34.0,18,Wednesday,January,2024-01-03,False,20.06,5.78
275,2024-01-16 13:19:00,2024-01-16 13:46:00,123,204,1,10.06,237.44,44.05,281.49,Card,1,27.0,13,Tuesday,January,2024-01-16,False,23.6,18.55
276,2024-01-24 14:26:00,2024-01-24 14:46:00,196,209,2,11.67,265.55,50.95,316.5,Card,2,20.0,14,Wednesday,January,2024-01-24,False,22.75,19.19
277,2024-01-15 12:00:00,2024-01-15 12:18:00,125,9,1,2.11,80.82,12.85,93.67,Card,2,18.0,12,Monday,January,2024-01-15,False,38.3,15.9
278,2024-01-04 06:55:00,2024-01-04 08:13:00,96,185,3,1.33,73.59,11.67,85.26,Card,2,78.0,6,Thursday,January,2024-01-04,False,55.33,15.86
279,2024-01-04 03:55:00,2024-01-04 05:10:00,157,201,2,23.11,456.56,41.33,497.89,Card,2,75.0,3,Thursday,January,2024-01-04,False,19.76,9.05
280,2024-01-30 02:34:00,2024-01-30 03:30:00,40,64,3,4.09,116.94,15.36,132.3,Cash,2,56.0,2,Tuesday,January,2024-01-30,False,28.59,13.13
281,2024-01-29 08:18:00,2024-01-29 08:59:00,173,25,1,11.7,274.96,54.67,329.63,Card,2,41.0,8,Monday,January,2024-01-29,False,23.5,19.88
282,2024-01-14 18:30:00,2024-01-14 19:03:00,173,156,3,20.57,435.14,77.64,512.78,Card,1,33.0,18,Sunday,January,2024-01-14,False,21.15,17.84
283,2024-01-13 02:29:00,2024-01-13 03:40:00,120,221,1,22.34,466.18,44.59,510.77,Cash,2,71.0,2,Saturday,January,2024-01-13,False,20.87,9.56
284,2024-01-05 18:53:00,2024-01-05 19:12:00,261,139,1,13.47,304.26,28.95,333.21,Card,2,19.0,18,Friday,January,2024-01-05,False,22.59,9.51
285,2024-01-10 23:33:00,2024-01-11 00:24:00,124,21,1,14.56,325.88,39.93,365.81,Card,2,51.0,23,Wednesday,January,2024-01-10,False,22.38,12.25
286,2024-01-03 09:16:00,2024-01-03 10:06:00,93,154,1,17.07,367.39,40.67,408.06,Card,1,50.0,9,Wednesday,January,2024-01-03,False,21.52,11.07
287,2024-01-07 01:54:00,2024-01-07 02:50:00,35,68,2,24.07,493.36,52.13,545.49,Card,1,56.0,1,Sunday,January,2024-01-07,False,20.5,10.57
288,2024-01-08 09:57:00,2024-01-08 10:20:00,128,41,1,15.46,338.3,48.73,387.03,Card,1,23.0,9,Monday,January,2024-01-08,False,21.88,14.4
289,2024-01-05 02:15:00,2024-01-05 03:36:00,20,15,1,14.43,315.16,16.3,331.46,Card,2,81.0,2,Friday,January,2024-01-05,False,21.84,5.17
290,2024-01-14 16:58:00,2024-01-14 17:23:00,261,169,2,1.35,75.2,12.37,87.57,Card,1,25.0,16,Sunday,January,2024-01-14,False,55.7,16.45
291,2024-01-22 08:26:00,2024-01-22 09:34:00,167,134,6,2.94,114.83,18.49,133.32,Card,1,68.0,8,Monday,January,2024-01-22,False,39.06,16.1
292,2024-01-23 11:12:00,2024-01-23 11:53:00,236,199,2,14.85,316.26,55.2,371.46,Cash,1,41.0,11,Tuesday,January,2024-01-23,False,21.3,17.45
293,2024-01-28 15:10:00,2024-01-28 15:41:00,32,238,2,23.47,478.75,84.36,563.11,Cash,2,31.0,15,Sunday,January,2024-01-28,False,20.4,17.62
294,2024-01-30 02:39:00,2024-01-30 03:38:00,231,112,2,21.8,445.4,60.11,505.51,Card,1,59.0,2,Tuesday,January,2024-01-30,False,20.43,13.5
295,2024-01-04 21:20:00,2024-01-04 21:53:00,191,52,2,24.58,490.74,81.96,572.7,Card,1,33.0,21,Thursday,January,2024-01-04,False,19.97,16.7
296,2024-01-21 05:24:00,2024-01-21 05:48:00,145,137,5,13.67,315.3,39.05,354.35,Card,2,24.0,5,Sunday,January,2024-01-21,False,23.07,12.39
297,2024-01-20 04:43:00,2024-01-20 05:12:00,101,255,1,19.91,406.14,78.28,484.42,Card,2,29.0,4,Saturday,January,2024-01-20,False,20.4,19.27
298,2024-01-29 07:24:00,2024-01-29 08:38:00,79,115,1,21.17,430.34,33.83,464.17,Cash,1,74.0,7,Monday,January,2024-01-29,False,20.33,7.86
299,2024-01-07 06:07:00,2024-01-07 07:14:00,160,158,3,16.55,342.75,64.21,406.96,Cash,2,67.0,6,Sunday,January,2024-01-07,False,20.71,18.73
300,2024-01-26 23:30:00,2024-01-27 00:10:00,255,99,5,9.13,229.03,20.33,249.36,Card,1,40.0,23,Friday,January,2024-01-26,False,25.09,8.88
301,2024-01-29 02:07:00,2024-01-29 02:13:00,188,121,1,12.28,278.64,18.23,296.87,Card,2,6.0,2,Monday,January,2024-01-29,False,22.69,6.54
302,2024-01-06 16:48:00,2024-01-06 17:14:00,210,90,2,21.59,447.01,51.79,498.8,Cash,1,26.0,16,Saturday,January,2024-01-06,False,20.7,11.59
303,2024-01-13 21:49:00,2024-01-13 22:09:00,241,30,2,8.17,211.68,30.11,241.79,Cash,2,20.0,21,Saturday,January,2024-01-13,False,25.91,14.22
304,2024-01-13 02:53:00,2024-01-13 03:15:00,56,230,1,23.17,467.35,39.56,506.91,Card,2,22.0,2,Saturday,January,2024-01-13,False,20.17,8.46
305,2024-01-26 03:32:00,2024-01-26 04:45:00,137,139,1,6.52,163.17,21.76,184.93,Card,2,73.0,3,Friday,January,2024-01-26,False,25.03,13.34
306,2024-01-23 15:55:00,2024-01-23 16:53:00,106,254,2,18.99,387.77,66.38,454.15,Card,1,58.0,15,Tuesday,January,2024-01-23,False,20.42,17.12
307,2024-01-24 11:48:00,2024-01-24 12:22:00,69,31,1,16.13,352.32,31.2,383.52,Cash,1,34.0,11,Wednesday,January,2024-01-24,False,21.84,8.86
308,2024-01-13 23:51:00,2024-01-14 00:40:00,190,162,1,18.99,400.24,54.85,455.09,Card,1,49.0,23,Saturday,January,2024-01-13,False,21.08,13.7
309,2024-01-03 09:00:00,2024-01-03 09:23:00,192,156,6,11.5,253.19,25.55,278.74,Cash,2,23.0,9,Wednesday,January,2024-01-03,False,22.02,10.09
310,2024-01-22 16:16:00,2024-01-22 16:54:00,32,117,2,23.38,465.19,60.23,525.42,Card,2,38.0,16,Monday,January,2024-01-22,False,19.9,12.95
311,2024-01-01 05:01:00,2024-01-01 05:18:00,175,191,3,16.18,334.86,50.24,385.1,Cash,1,17.0,5,Monday,January,2024-01-01,False,20.7,15.0
312,2024-01-01 11:39:00,2024-01-01 12:26:00,258,176,3,7.92,201.39,20.66,222.05,Card,2,47.0,11,Monday,January,2024-01-01,False,25.43,10.26
313,2024-01-01 03:10:00,2024-01-01 04:16:00,123,5,2,16.32,333.76,66.48,400.24,Card,1,66.0,3,Monday,January,2024-01-01,False,20.45,19.92
314,2024-01-08 06:52:00,2024-01-08 07:18:00,85,12,3,7.88,182.39,24.54,206.93,Card,1,26.0,6,Monday,January,2024-01-08,False,23.15,13.45
315,2024-01-25 19:43:00,2024-01-25 20:39:00,216,59,1,8.05,196.59,34.14,230.73,Card,1,56.0,19,Thursday,January,2024-01-25,False,24.42,17.37
316,2024-01-05 05:42:00,2024-01-05 06:38:00,216,250,2,10.59,251.36,39.91,291.27,Card,2,56.0,5,Friday,January,2024-01-05,False,23.74,15.88
317,2024-01-14 17:38:00,2024-01-14 18:18:00,14,93,2,21.46,447.13,79.55,526.68,Card,1,40.0,17,Sunday,January,2024-01-14,False,20.84,17.79
318,2024-01-19 12:01:00,2024-01-19 13:18:00,37,111,2,13.01,287.08,21.84,308.92,Card,1,77.0,12,Friday,January,2024-01-19,False,22.07,7.61
319,2024-01-25 00:24:00,2024-01-25 00:47:00,27,17,1,17.29,371.95,31.01,402.96,Card,1,23.0,0,Thursday,January,2024-01-25,False,21.51,8.34
320,2024-01-23 17:45:00,2024-01-23 18:27:00,152,220,1,10.41,243.01,29.92,272.93,Card,1,42.0,17,Tuesday,January,2024-01-23,False,23.34,12.31
321,2024-01-17 00:53:00,2024-01-17 02:07:00,64,5,1,7.33,201.25,35.79,237.04,Card,1,74.0,0,Wednesday,January,2024-01-17,False,27.46,17.78
322,2024-01-01 09:29:00,2024-01-01 10:52:00,70,129,2,23.91,475.25,37.85,513.1,Card,2,83.0,9,Monday,January,2024-01-01,False,19.88,7.96
323,2024-01-27 12:50:00,2024-01-27 13:51:00,154,112,5,15.49,336.84,65.91,402.75,Card,2,61.0,12,Saturday,January,2024-01-27,False,21.75,19.57
324,2024-01-25 01:43:00,2024-01-25 02:07:00,253,24,5,23.41,476.12,32.92,509.04,Card,1,24.0,1,Thursday,January,2024-01-25,False,20.34,6.91
325,2024-01-26 10:31:00,2024-01-26 10:44:00,29,29,1,5.88,151.67,11.57,163.24,Card,1,13.0,10,Friday,January,2024-01-26,False,25.79,7.63
326,2024-01-06 04:15:00,2024-01-06 04:51:00,74,132,1,4.53,144.04,10.82,154.86,Card,1,36.0,4,Saturday,January,2024-01-06,False,31.8,7.51
327,2024-01-03 18:54:00,2024-01-03 19:02:00,59,44,1,21.54,435.99,60.12,496.11,Card,1,8.0,18,Wednesday,January,2024-01-03,False,20.24,13.79
328,2024-01-08 16:53:00,2024-01-08 17:47:00,243,207,1,17.34,363.57,68.22,431.79,Card,2,54.0,16,Monday,January,2024-01-08,False,20.97,18.76
329,2024-01-13 13:10:00,2024-01-13 14:36:00,149,216,3,5.48,149.88,13.23,163.11,Card,2,86.0,13,Saturday,January,2024-01-13,False,27.35,8.83
330,2024-01-25 20:17:00,2024-01-25 20:26:00,10,244,4,7.46,181.61,24.15,205.76,Card,1,9.0,20,Thursday,January,2024-01-25,False,24.34,13.3
331,2024-01-12 11:38:00,2024-01-12 12:02:00,132,31,1,20.22,416.88,31.84,448.72,Card,2,24.0,11,Friday,January,2024-01-12,False,20.62,7.64
332,2024-01-08 10:49:00,2024-01-08 12:08:00,62,11,1,11.89,268.22,38.8,307.02,Cash,2,79.0,10,Monday,January,2024-01-08,False,22.56,14.47
333,2024-01-24 17:37:00,2024-01-24 18:18:00,262,82,1,17.09,369.95,25.34,395.29,Card,1,41.0,17,Wednesday,January,2024-01-24,False,21.65,6.85
334,2024-01-01 13:04:00,2024-01-01 13:30:00,218,156,1,8.64,218.47,27.02,245.49,Card,1,26.0,13,Monday,January,2024-01-01,False,25.29,12.37
335,2024-01-20 06:31:00,2024-01-20 07:33:00,232,166,3,10.15,227.46,33.73,261.19,Card,1,62.0,6,Saturday,January,2024-01-20,False,22.41,14.83
336,2024-01-29 09:04:00,2024-01-29 10:16:00,72,208,2,24.78,503.82,68.96,572.78,Card,1,72.0,9,Monday,January,2024-01-29,False,20.33,13.69
337,2024-01-29 00:08:00,2024-01-29 00:56:00,16,24,2,6.94,191.81,13.62,205.43,Card,1,48.0,0,Monday,January,2024-01-29,False,27.64,7.1
338,2024-01-09 16:53:00,2024-01-09 17:31:00,38,179,2,13.15,279.96,20.77,300.73,Cash,2,38.0,16,Tuesday,January,2024-01-09,False,21.29,7.42
339,2024-01-28 20:31:00,2024-01-28 21:52:00,177,50,1,21.27,437.05,65.87,502.92,Cash,2,81.0,20,Sunday,January,2024-01-28,False,20.55,15.07
340,2024-01-28 18:14:00,2024-01-28 19:00:00,83,7,1,6.74,183.83,31.5,215.33,Cash,2,46.0,18,Sunday,January,2024-01-28,False,27.27,17.14
341,2024-01-05 00:41:00,2024-01-05 00:54:00,17,100,1,10.97,255.8,47.63,303.43,Cash,2,13.0,0,Friday,January,2024-01-05,False,23.32,18.62
342,2024-01-14 07:50:00,2024-01-14 08:01:00,156,81,2,15.76,326.7,56.21,382.91,Card,1,11.0,7,Sunday,January,2024-01-14,False,20.73,17.21
343,2024-01-27 21:54:00,2024-01-27 23:06:00,172,241,3,12.55,277.8,54.47,332.27,Card,2,72.0,21,Saturday,January,2024-01-27,False,22.14,19.61
344,2024-01-21 13:12:00,2024-01-21 13:35:00,70,181,2,12.03,271.76,30.23,301.99,Cash,1,23.0,13,Sunday,January,2024-01-21,False,22.59,11.12
345,2024-01-08 09:27:00,2024-01-08 10:02:00,71,83,1,9.7,244.48,24.37,268.85,Cash,2,35.0,9,Monday,January,2024-01-08,False,25.2,9.97
346,2024-01-07 01:16:00,2024-01-07 01:55:00,255,54,2,15.08,316.8,17.18,333.98,Card,1,39.0,1,Sunday,January,2024-01-07,False,21.01,5.42
347,2024-01-17 05:15:00,2024-01-17 06:16:00,131,90,1,15.98,357.11,41.95,399.06,Card,2,61.0,5,Wednesday,January,2024-01-17,False,22.35,11.75
348,2024-01-16 06:49:00,2024-01-16 08:18:00,49,203,1,16.68,351.52,51.92,403.44,Cash,2,89.0,6,Tuesday,January,2024-01-16,False,21.07,14.77
349,2024-01-17 22:16:00,2024-01-17 23:21:00,21,31,1,2.69,94.43,16.27,110.7,Card,2,65.0,22,Wednesday,January,2024-01-17,False,35.1,17.23
350,2024-01-04 07:40:00,2024-01-04 08:15:00,220,193,1,16.14,342.94,30.91,373.85,Card,1,35.0,7,Thursday,January,2024-01-04,False,21.25,9.01
351,2024-01-02 15:28:00,2024-01-02 16:55:00,187,100,3,23.88,488.26,62.03,550.29,Card,1,87.0,15,Tuesday,January,2024-01-02,False,20.45,12.7
352,2024-01-09 08:39:00,2024-01-09 09:36:00,32,89,2,13.98,298.04,44.5,342.54,Card,2,57.0,8,Tuesday,January,2024-01-09,False,21.32,14.93
353,2024-01-05 14:55:00,2024-01-05 15:31:00,203,123,1,18.17,375.8,49.88,425.68,Card,1,36.0,14,Friday,January,2024-01-05,False,20.68,13.27
354,2024-01-29 10:21:00,2024-01-29 11:31:00,242,47,1,14.36,324.12,29.53,353.65,Cash,2,70.0,10,Monday,January,2024-01-29,False,22.57,9.11
355,2024-01-04 02:55:00,2024-01-04 03:58:00,16,146,1,21.51,457.15,77.46,534.61,Card,2,63.0,2,Thursday,January,2024-01-04,False,21.25,16.94
356,2024-01-08 13:33:00,2024-01-08 13:47:00,173,3,1,23.31,469.13,35.66,504.79,Cash,1,14.0,13,Monday,January,2024-01-08,False,20.13,7.6
357,2024-01-18 17:47:00,2024-01-18 17:53:00,137,18,1,5.42,142.03,26.38,168.41,Cash,1,6.0,17,Thursday,January,2024-01-18,False,26.2,18.57
358,2024-01-16 13:06:00,2024-01-16 14:16:00,179,81,2,11.48,270.44,52.17,322.61,Cash,2,70.0,13,Tuesday,January,2024-01-16,False,23.56,19.29
359,2024-01-10 07:23:00,2024-01-10 08:27:00,61,153,1,10.42,245.57,25.74,271.31,Cash,2,64.0,7,Wednesday,January,2024-01-10,False,23.57,10.48
360,2024-01-23 06:57:00,2024-01-23 07:18:00,104,67,3,10.73,236.15,25.13,261.28,Card,2,21.0,6,Tuesday,January,2024-01-23,False,22.01,10.64
361,2024-01-10 02:41:00,2024-01-10 03:01:00,195,89,1,4.01,140.58,22.7,163.28,Card,2,20.0,2,Wednesday,January,2024-01-10,False,35.06,16.15
362,2024-01-08 14:46:00,2024-01-08 15:06:00,256,135,1,20.53,411.88,48.78,460.66,Cash,2,20.0,14,Monday,January,2024-01-08,False,20.06,11.84
363,2024-01-24 08:21:00,2024-01-24 09:11:00,76,202,1,1.86,92.24,5.01,97.25,Card,2,50.0,8,Wednesday,January,2024-01-24,False,49.59,5.43
364,2024-01-20 15:52:00,2024-01-20 16:35:00,181,179,2,13.68,298.96,56.2,355.16,Card,2,43.0,15,Saturday,January,2024-01-20,False,21.85,18.8
365,2024-01-16 17:57:00,2024-01-16 18:32:00,132,79,1,16.89,360.72,41.34,402.06,Card,1,35.0,17,Tuesday,January,2024-01-16,False,21.36,11.46
366,2024-01-22 17:29:00,2024-01-22 17:34:00,151,85,1,5.98,154.04,12.4,166.44,Card,1,5.0,17,Monday,January,2024-01-22,False,25.76,8.05
367,2024-01-22 13:04:00,2024-01-22 13:19:00,155,21,4,22.74,469.96,62.67,532.63,Cash,1,15.0,13,Monday,January,2024-01-22,False,20.67,13.34
368,2024-01-30 15:15:00,2024-01-30 16:44:00,235,165,1,21.13,449.13,37.2,486.33,Card,1,89.0,15,Tuesday,January,2024-01-30,False,21.26,8.28
369,2024-01-04 07:37:00,2024-01-04 07:45:00,248,28,4,12.31,275.33,22.28,297.61,Card,1,8.0,7,Thursday,January,2024-01-04,False,22.37,8.09
370,2024-01-21 15:49:00,2024-01-21 17:04:00,165,237,1,10.87,251.35,33.14,284.49,Card,1,75.0,15,Sunday,January,2024-01-21,False,23.12,13.18
371,2024-01-11 15:38:00,2024-01-11 16:08:00,205,185,2,6.68,167.43,18.19,185.62,Card,1,30.0,15,Thursday,January,2024-01-11,False,25.06,10.86
372,2024-01-02 17:31:00,2024-01-02 18:25:00,165,155,1,18.52,400.12,54.4,454.52,Card,2,54.0,17,Tuesday,January,2024-01-02,False,21.6,13.6
373,2024-01-19 21:56:00,2024-01-19 22:12:00,213,123,1,4.16,144.02,28.74,172.76,Cash,2,16.0,21,Friday,January,2024-01-19,False,34.62,19.96
374,2024-01-11 03:19:00,2024-01-11 04:44:00,254,87,1,17.33,375.53,67.16,442.69,Card,1,85.0,3,Thursday,January,2024-01-11,False,21.67,17.88
375,2024-01-14 13:08:00,2024-01-14 14:27:00,157,202,1,21.22,438.24,22.42,460.66,Cash,2,79.0,13,Sunday,January,2024-01-14,False,20.65,5.12
376,2024-01-03 02:51:00,2024-01-03 04:00:00,177,40,2,6.48,185.34,10.67,196.01,Cash,1,69.0,2,Wednesday,January,2024-01-03,False,28.6,5.76
377,2024-01-16 00:06:00,2024-01-16 00:57:00,75,169,3,21.79,436.84,61.82,498.66,Card,1,51.0,0,Tuesday,January,2024-01-16,False,20.05,14.15
378,2024-01-16 01:39:00,2024-01-16 02:36:00,178,70,1,1.8,86.75,12.49,99.24,Cash,1,57.0,1,Tuesday,January,2024-01-16,False,48.19,14.4
379,2024-01-01 14:36:00,2024-01-01 15:51:00,133,27,1,22.91,468.51,85.14,553.65,Card,1,75.0,14,Monday,January,2024-01-01,False,20.45,18.17
380,2024-01-23 06:53:00,2024-01-23 06:59:00,125,131,1,3.84,123.88,17.88,141.76,Card,2,6.0,6,Tuesday,January,2024-01-23,False,32.26,14.43
381,2024-01-03 21:02:00,2024-01-03 21:30:00,127,254,2,16.5,361.07,30.39,391.46,Card,1,28.0,21,Wednesday,January,2024-01-03,False,21.88,8.42
382,2024-01-11 13:22:00,2024-01-11 13:30:00,225,85,1,7.0,186.11,22.38,208.49,Card,1,8.0,13,Thursday,January,2024-01-11,False,26.59,12.03
383,2024-01-28 14:14:00,2024-01-28 14:37:00,17,9,1,21.08,423.24,72.52,495.76,Card,1,23.0,14,Sunday,January,2024-01-28,False,20.08,17.13
384,2024-01-05 21:59:00,2024-01-05 22:29:00,246,50,2,13.3,289.79,54.6,344.39,Card,2,30.0,21,Friday,January,2024-01-05,False,21.79,18.84
385,2024-01-06 13:07:00,2024-01-06 14:26:00,137,1,1,4.25,126.67,10.84,137.51,Cash,2,79.0,13,Saturday,January,2024-01-06,False,29.8,8.56
386,2024-01-28 11:27:00,2024-01-28 12:11:00,217,4,1,14.7,321.57,42.11,363.68,Card,1,44.0,11,Sunday,January,2024-01-28,False,21.88,13.1
387,2024-01-21 02:20:00,2024-01-21 03:14:00,196,4,1,10.79,242.96,17.94,260.9,Card,2,54.0,2,Sunday,January,2024-01-21,False,22.52,7.38
388,2024-01-26 20:33:00,2024-01-26 21:20:00,201,90,2,16.87,347.18,43.24,390.42,Card,1,47.0,20,Friday,January,2024-01-26,False,20.58,12.45
389,2024-01-12 19:39:00,2024-01-12 20:58:00,207,162,1,22.17,458.67,29.13,487.8,Card,2,79.0,19,Friday,January,2024-01-12,False,20.69,6.35
390,2024-01-13 13:17:00,2024-01-13 14:28:00,16,155,3,10.83,260.47,49.82,310.29,Card,1,71.0,13,Saturday,January,2024-01-13,False,24.05,19.13
391,2024-01-19 05:38:00,2024-01-19 05:54:00,13,15,1,7.96,211.23,30.78,242.01,Card,1,16.0,5,Friday,January,2024-01-19,False,26.54,14.57
392,2024-01-15 16:16:00,2024-01-15 17:27:00,78,32,1,1.35,93.48,16.65,110.13,Cash,1,71.0,16,Monday,January,2024-01-15,False,69.24,17.81
393,2024-01-06 18:31:00,2024-01-06 19:02:00,214,63,2,14.8,329.83,65.88,395.71,Card,2,31.0,18,Saturday,January,2024-01-06,False,22.29,19.97
394,2024-01-12 22:54:00,2024-01-12 23:52:00,119,108,1,10.65,235.89,18.26,254.15,Card,2,58.0,22,Friday,January,2024-01-12,False,22.15,7.74
395,2024-01-10 18:58:00,2024-01-10 20:08:00,181,14,1,9.99,245.41,37.82,283.23,Card,1,70.0,18,Wednesday,January,2024-01-10,False,24.57,15.41
396,2024-01-20 14:51:00,2024-01-20 15:44:00,137,23,1,5.39,149.02,27.28,176.3,Card,2,53.0,14,Saturday,January,2024-01-20,False,27.65,18.31
397,2024-01-27 08:25:00,2024-01-27 08:45:00,179,111,1,11.32,265.66,36.23,301.89,Cash,2,20.0,8,Saturday,January,2024-01-27,False,23.47,13.64
398,2024-01-19 00:25:00,2024-01-19 00:31:00,208,160,2,24.63,499.28,72.87,572.15,Cash,1,6.0,0,Friday,January,2024-01-19,False,20.27,14.6
399,2024-01-18 13:56:00,2024-01-18 15:00:00,54,41,1,8.15,211.56,23.52,235.08,Card,1,64.0,13,Thursday,January,2024-01-18,False,25.96,11.12
400,2024-01-23 08:57:00,2024-01-23 09:55:00,79,144,2,15.39,329.79,49.87,379.66,Card,2,58.0,8,Tuesday,January,2024-01-23,False,21.43,15.12
401,2024-01-06 18:28:00,2024-01-06 19:02:00,118,153,2,19.64,395.37,43.23,438.6,Card,1,34.0,18,Saturday,January,2024-01-06,False,20.13,10.93
402,2024-01-05 03:09:00,2024-01-05 04:37:00,106,82,2,18.98,398.34,48.4,446.74,Card,2,88.0,3,Friday,January,2024-01-05,False,20.99,12.15
403,2024-01-01 19:10:00,2024-01-01 19:52:00,105,226,2,8.89,205.16,13.43,218.59,Card,1,42.0,19,Monday,January,2024-01-01,False,23.08,6.55
404,2024-01-17 15:04:00,2024-01-17 15:36:00,118,152,2,15.66,350.85,17.95,368.8,Card,1,32.0,15,Wednesday,January,2024-01-17,False,22.4,5.12
405,2024-01-25 02:19:00,2024-01-25 02:48:00,229,259,1,21.91,450.19,26.23,476.42,Card,1,29.0,2,Thursday,January,2024-01-25,False,20.55,5.83
406,2024-01-07 09:24:00,2024-01-07 09:38:00,148,79,1,1.37,81.27,6.41,87.68,Card,1,14.0,9,Sunday,January,2024-01-07,False,59.32,7.89
407,2024-01-01 18:01:00,2024-01-01 19:05:00,150,195,1,11.46,273.5,32.41,305.91,Card,1,64.0,18,Monday,January,2024-01-01,False,23.87,11.85
408,2024-01-21 08:25:00,2024-01-21 09:11:00,256,223,2,6.38,173.58,9.23,182.81,Card,1,46.0,8,Sunday,January,2024-01-21,False,27.21,5.32
409,2024-01-12 17:36:00,2024-01-12 18:20:00,82,230,2,10.33,235.02,17.25,252.27,Cash,1,44.0,17,Friday,January,2024-01-12,False,22.75,7.34
410,2024-01-06 10:05:00,2024-01-06 11:26:00,16,150,1,10.98,246.52,41.22,287.74,Card,1,81.0,10,Saturday,January,2024-01-06,False,22.45,16.72
411,2024-01-04 15:17:00,2024-01-04 16:03:00,193,136,3,18.92,395.61,65.01,460.62,Card,2,46.0,15,Thursday,January,2024-01-04,False,20.91,16.43
412,2024-01-14 22:16:00,2024-01-14 23:07:00,211,123,2,3.25,124.5,20.97,145.47,Card,2,51.0,22,Sunday,January,2024-01-14,False,38.31,16.84
413,2024-01-03 07:43:00,2024-01-03 08:24:00,74,110,1,13.3,303.24,57.08,360.32,Card,2,41.0,7,Wednesday,January,2024-01-03,False,22.8,18.82
414,2024-01-10 09:00:00,2024-01-10 10:24:00,61,143,1,14.54,330.6,22.43,353.03,Card,2,84.0,9,Wednesday,January,2024-01-10,False,22.74,6.78
415,2024-01-21 09:35:00,2024-01-21 10:01:00,24,70,1,12.86,273.64,20.38,294.02,Card,2,26.0,9,Sunday,January,2024-01-21,False,21.28,7.45
416,2024-01-07 17:02:00,2024-01-07 18:03:00,23,54,2,18.56,382.13,38.23,420.36,Card,2,61.0,17,Sunday,January,2024-01-07,False,20.59,10.0
417,2024-01-12 18:44:00,2024-01-12 20:12:00,258,40,1,10.21,226.19,42.36,268.55,Card,2,88.0,18,Friday,January,2024-01-12,False,22.15,18.73
418,2024-01-06 15:30:00,2024-01-06 16:01:00,198,197,1,23.68,488.77,81.29,570.06,Card,2,31.0,15,Saturday,January,2024-01-06,False,20.64,16.63
419,2024-01-14 13:31:00,2024-01-14 14:16:00,53,27,6,12.56,270.31,26.66,296.97,Cash,2,45.0,13,Sunday,January,2024-01-14,False,21.52,9.86
420,2024-01-02 03:59:00,2024-01-02 05:23:00,139,180,2,14.71,307.78,19.43,327.21,Card,1,84.0,3,Tuesday,January,2024-01-02,False,20.92,6.31
421,2024-01-03 10:26:00,2024-01-03 11:04:00,201,46,1,20.81,431.43,61.46,492.89,Card,2,38.0,10,Wednesday,January,2024-01-03,False,20.73,14.25
422,2024-01-10 05:24:00,2024-01-10 06:00:00,164,142,1,7.61,189.32,16.76,206.08,Card,2,36.0,5,Wednesday,January,2024-01-10,False,24.88,8.85
423,2024-01-06 00:53:00,2024-01-06 02:03:00,92,98,1,2.8,111.85,14.5,126.35,Card,1,70.0,0,Saturday,January,2024-01-06,False,39.95,12.96
424,2024-01-14 06:48:00,2024-01-14 07:04:00,23,126,5,17.99,378.43,72.38,450.81,Card,2,16.0,6,Sunday,January,2024-01-14,False,21.04,19.13
425,2024-01-20 09:32:00,2024-01-20 10:16:00,88,58,4,12.59,279.38,37.97,317.35,Card,1,44.0,9,Saturday,January,2024-01-20,False,22.19,13.59
426,2024-01-07 13:15:00,2024-01-07 14:32:00,182,177,2,22.52,458.13,86.39,544.52,Cash,1,77.0,13,Sunday,January,2024-01-07,False,20.34,18.86
427,2024-01-10 05:36:00,2024-01-10 06:56:00,21,207,1,24.58,508.6,55.41,564.01,Card,2,80.0,5,Wednesday,January,2024-01-10,False,20.69,10.89
428,2024-01-22 03:25:00,2024-01-22 04:42:00,49,154,1,10.58,242.3,35.13,277.43,Card,2,77.0,3,Monday,January,2024-01-22,False,22.9,14.5
429,2024-01-10 04:45:00,2024-01-10 04:59:00,190,27,1,10.97,247.46,45.55,293.01,Card,1,14.0,4,Wednesday,January,2024-01-10,False,22.56,18.41
430,2024-01-21 05:24:00,2024-01-21 06:16:00,205,163,1,10.79,244.38,33.77,278.15,Card,2,52.0,5,Sunday,January,2024-01-21,False,22.65,13.82
431,2024-01-21 18:19:00,2024-01-21 18:43:00,44,250,1,8.79,204.12,29.03,233.15,Cash,2,24.0,18,Sunday,January,2024-01-21,False,23.22,14.22
432,2024-01-25 11:27:00,2024-01-25 12:10:00,128,188,2,19.76,421.5,66.36,487.86,Card,2,43.0,11,Thursday,January,2024-01-25,False,21.33,15.74
433,2024-01-21 07:02:00,2024-01-21 08:06:00,189,90,1,19.22,390.36,71.17,461.53,Card,2,64.0,7,Sunday,January,2024-01-21,False,20.31,18.23
434,2024-01-19 04:51:00,2024-01-19 06:01:00,170,131,1,12.49,292.08,18.47,310.55,Cash,1,70.0,4,Friday,January,2024-01-19,False,23.39,6.32
435,2024-01-26 20:20:00,2024-01-26 21:29:00,201,13,2,2.07,85.76,8.62,94.38,Card,1,69.0,20,Friday,January,2024-01-26,False,41.43,10.05
436,2024-01-19 12:06:00,2024-01-19 13:01:00,125,29,1,8.43,218.72,23.98,242.7,Card,2,55.0,12,Friday,January,2024-01-19,False,25.95,10.96
437,2024-01-27 20:09:00,2024-01-27 20:49:00,16,32,3,8.02,208.08,38.8,246.88,Card,2,40.0,20,Saturday,January,2024-01-27,False,25.95,18.65
438,2024-01-17 00:09:00,2024-01-17 00:37:00,20,150,1,20.47,425.92,82.37,508.29,Card,2,28.0,0,Wednesday,January,2024-01-17,False,20.81,19.34
439,2024-01-10 18:29:00,2024-01-10 19:00:00,19,86,1,3.1,115.88,7.89,123.77,Cash,1,31.0,18,Wednesday,January,2024-01-10,False,37.38,6.81
440,2024-01-23 15:00:00,2024-01-23 15:06:00,13,58,1,20.34,415.9,28.23,444.13,Card,2,6.0,15,Tuesday,January,2024-01-23,False,20.45,6.79
441,2024-01-23 02:43:00,2024-01-23 03:18:00,17,57,6,17.06,364.31,69.3,433.61,Card,2,35.0,2,Tuesday,January,2024-01-23,False,21.35,19.02
442,2024-01-02 23:29:00,2024-01-03 00:30:00,206,25,2,18.58,383.21,36.16,419.37,Card,1,61.0,23,Tuesday,January,2024-01-02,False,20.62,9.44
443,2024-01-28 21:18:00,2024-01-28 22:40:00,30,190,1,11.37,256.73,22.15,278.88,Card,1,82.0,21,Sunday,January,2024-01-28,False,22.58,8.63
444,2024-01-17 04:09:00,2024-01-17 05:19:00,43,76,1,17.31,374.52,20.73,395.25,Card,2,70.0,4,Wednesday,January,2024-01-17,False,21.64,5.54
445,2024-01-25 11:37:00,2024-01-25 12:10:00,93,225,2,15.62,328.48,30.0,358.48,Card,1,33.0,11,Thursday,January,2024-01-25,False,21.03,9.13
446,2024-01-07 19:43:00,2024-01-07 20:02:00,66,183,1,19.46,415.45,63.99,479.44,Card,2,19.0,19,Sunday,January,2024-01-07,False,21.35,15.4
447,2024-01-30 03:35:00,2024-01-30 03:51:00,119,154,6,11.72,262.24,29.87,292.11,Card,1,16.0,3,Tuesday,January,2024-01-30,False,22.38,11.39
448,2024-01-07 15:00:00,2024-01-07 15:32:00,72,23,5,12.35,278.27,35.49,313.76,Card,1,32.0,15,Sunday,January,2024-01-07,False,22.53,12.75
449,2024-01-12 08:44:00,2024-01-12 10:12:00,162,14,2,16.45,364.36,68.35,432.71,Card,1,88.0,8,Friday,January,2024-01-12,False,22.15,18.76
450,2024-01-04 04:51:00,2024-01-04 05:19:00,218,94,5,3.59,125.06,8.4,133.46,Cash,1,28.0,4,Thursday,January,2024-01-04,False,34.84,6.72
451,2024-01-20 05:03:00,2024-01-20 05:28:00,254,52,1,11.47,265.83,16.13,281.96,Cash,1,25.0,5,Saturday,January,2024-01-20,False,23.18,6.07
452,2024-01-27 20:06:00,2024-01-27 20:20:00,59,41,1,24.33,499.29,88.77,588.06,Cash,1,14.0,20,Saturday,January,2024-01-27,False,20.52,17.78
453,2024-01-22 12:17:00,2024-01-22 13:39:00,32,164,1,1.9,101.74,16.91,118.65,Card,2,82.0,12,Monday,January,2024-01-22,False,53.55,16.62
454,2024-01-21 06:08:00,2024-01-21 06:30:00,120,6,1,8.58,201.9,18.08,219.98,Card,2,22.0,6,Sunday,January,2024-01-21,False,23.53,8.95
455,2024-01-18 16:31:00,2024-01-18 16:49:00,2,138,5,8.54,212.12,20.92,233.04,Cash,1,18.0,16,Thursday,January,2024-01-18,False,24.84,9.86
456,2024-01-16 18:07:00,2024-01-16 18:45:00,118,99,1,16.2,343.61,33.17,376.78,Cash,1,38.0,18,Tuesday,January,2024-01-16,False,21.21,9.65
457,2024-01-01 14:11:00,2024-01-01 15:13:00,37,224,3,3.54,104.08,15.32,119.4,Card,2,62.0,14,Monday,January,2024-01-01,False,29.4,14.72
458,2024-01-13 13:11:00,2024-01-13 14:31:00,97,30,2,16.09,333.38,19.73,353.11,Card,2,80.0,13,Saturday,January,2024-01-13,False,20.72,5.92
459,2024-01-05 17:53:00,2024-01-05 18:19:00,257,225,1,3.28,108.79,13.43,122.22,Card,1,26.0,17,Friday,January,2024-01-05,False,33.17,12.34
460,2024-01-09 06:58:00,2024-01-09 08:12:00,128,261,1,3.28,115.99,8.13,124.12,Cash,1,74.0,6,Tuesday,January,2024-01-09,False,35.36,7.01
461,2024-01-25 10:35:00,2024-01-25 11:15:00,156,247,1,18.48,399.08,69.03,468.11,Cash,2,40.0,10,Thursday,January,2024-01-25,False,21.6,17.3
462,2024-01-19 03:44:00,2024-01-19 04:33:00,145,79,1,8.78,221.77,23.75,245.52,Cash,1,49.0,3,Friday,January,2024-01-19,False,25.26,10.71
463,2024-01-03 18:40:00,2024-01-03 19:20:00,57,185,1,24.46,496.88,64.17,561.05,Card,2,40.0,18,Wednesday,January,2024-01-03,False,20.31,12.91
464,2024-01-04 12:12:00,2024-01-04 12:38:00,70,180,1,1.9,76.42,4.16,80.58,Card,1,26.0,12,Thursday,January,2024-01-04,False,40.22,5.44
465,2024-01-25 15:46:00,2024-01-25 17:08:00,44,77,2,11.68,258.82,15.2,274.02,Card,1,82.0,15,Thursday,January,2024-01-25,False,22.16,5.87
466,2024-01-20 11:54:00,2024-01-20 13:18:00,212,262,2,3.72,117.96,17.84,135.8,Cash,1,84.0,11,Saturday,January,2024-01-20,False,31.71,15.12
467,2024-01-27 11:55:00,2024-01-27 13:00:00,175,229,1,9.43,228.39,37.69,266.08,Cash,1,65.0,11,Saturday,January,2024-01-27,False,24.22,16.5
468,2024-01-29 07:30:00,2024-01-29 08:30:00,141,2,1,24.96,491.23,76.88,568.11,Card,2,60.0,7,Monday,January,2024-01-29,False,19.68,15.65
469,2024-01-23 10:40:00,2024-01-23 11:17:00,76,17,3,22.33,457.85,73.51,531.36,Card,2,37.0,10,Tuesday,January,2024-01-23,False,20.5,16.06
470,2024-01-27 14:24:00,2024-01-27 15:13:00,158,12,1,2.16,105.92,6.96,112.88,Card,2,49.0,14,Saturday,January,2024-01-27,False,49.04,6.57
471,2024-01-03 17:13:00,2024-01-03 17:53:00,85,182,1,14.52,322.52,49.67,372.19,Card,2,40.0,17,Wednesday,January,2024-01-03,False,22.21,15.4
472,2024-01-13 02:50:00,2024-01-13 03:14:00,18,7,2,16.55,361.81,27.95,389.76,Card,2,24.0,2,Saturday,January,2024-01-13,False,21.86,7.73
473,2024-01-17 17:47:00,2024-01-17 18:09:00,42,246,4,6.03,168.99,10.93,179.92,Cash,2,22.0,17,Wednesday,January,2024-01-17,False,28.02,6.47
474,2024-01-15 10:04:00,2024-01-15 10:46:00,134,157,4,4.48,126.84,20.75,147.59,Cash,1,42.0,10,Monday,January,2024-01-15,False,28.31,16.36
475,2024-01-15 05:31:00,2024-01-15 06:42:00,102,174,1,22.71,452.09,82.92,535.01,Card,1,71.0,5,Monday,January,2024-01-15,False,19.91,18.34
476,2024-01-27 17:34:00,2024-01-27 18:01:00,137,181,1,24.25,501.38,78.97,580.35,Card,2,27.0,17,Saturday,January,2024-01-27,False,20.68,15.75
477,2024-01-03 08:13:00,2024-01-03 08:33:00,222,237,1,24.81,507.45,86.69,594.14,Card,1,20.0,8,Wednesday,January,2024-01-03,False,20.45,17.08
478,2024-01-09 10:41:00,2024-01-09 11:44:00,229,157,5,19.95,416.35,82.71,499.06,Card,2,63.0,10,Tuesday,January,2024-01-09,False,20.87,19.87
479,2024-01-23 05:16:00,2024-01-23 06:29:00,119,251,1,16.92,350.24,24.59,374.83,Cash,2,73.0,5,Tuesday,January,2024-01-23,False,20.7,7.02
480,2024-01-19 20:02:00,2024-01-19 21:14:00,99,221,1,9.3,225.5,43.92,269.42,Cash,1,72.0,20,Friday,January,2024-01-19,False,24.25,19.48
481,2024-01-25 04:50:00,2024-01-25 05:15:00,159,223,3,5.11,132.92,18.63,151.55,Card,2,25.0,4,Thursday,January,2024-01-25,False,26.01,14.02
482,2024-01-19 23:50:00,2024-01-20 01:12:00,239,211,5,2.9,95.77,16.47,112.24,Card,1,82.0,23,Friday,January,2024-01-19,False,33.02,17.2
483,2024-01-20 01:52:00,2024-01-20 03:14:00,189,134,2,17.64,366.88,54.12,421.0,Card,2,82.0,1,Saturday,January,2024-01-20,False,20.8,14.75
484,2024-01-20 23:21:00,2024-01-21 00:35:00,249,259,1,19.83,410.25,55.59,465.84,Card,2,74.0,23,Saturday,January,2024-01-20,False,20.69,13.55
485,2024-01-18 14:31:00,2024-01-18 14:47:00,26,35,1,20.83,418.56,65.1,483.66,Card,2,16.0,14,Thursday,January,2024-01-18,False,20.09,15.55
486,2024-01-17 01:32:00,2024-01-17 01:52:00,189,183,3,22.93,456.34,44.74,501.08,Card,1,20.0,1,Wednesday,January,2024-01-17,False,19.9,9.8
487,2024-01-11 15:05:00,2024-01-11 16:30:00,140,161,2,22.12,459.94,86.76,546.7,Cash,1,85.0,15,Thursday,January,2024-01-11,False,20.79,18.86
488,2024-01-07 19:37:00,2024-01-07 19:55:00,181,93,1,24.99,506.91,34.11,541.02,Card,1,18.0,19,Sunday,January,2024-01-07,False,20.28,6.73
489,2024-01-08 19:41:00,2024-01-08 20:46:00,21,197,1,6.86,179.49,17.54,197.03,Cash,1,65.0,19,Monday,January,2024-01-08,False,26.16,9.77
490,2024-01-01 06:57:00,2024-01-01 08:12:00,163,206,3,19.32,401.33,21.94,423.27,Card,2,75.0,6,Monday,January,2024-01-01,False,20.77,5.47
491,2024-01-29 20:56:00,2024-01-29 21:46:00,71,18,1,15.08,340.74,30.9,371.64,Cash,1,50.0,20,Monday,January,2024-01-29,False,22.6,9.07
492,2024-01-15 03:18:00,2024-01-15 03:54:00,82,234,2,7.27,172.35,14.26,186.61,Cash,1,36.0,3,Monday,January,2024-01-15,False,23.71,8.27
493,2024-01-03 06:27:00,2024-01-03 06:46:00,155,66,1,24.57,487.68,28.01,515.69,Card,1,19.0,6,Wednesday,January,2024-01-03,False,19.85,5.74
494,2024-01-12 22:49:00,2024-01-12 23:37:00,47,244,1,22.55,465.33,57.59,522.92,Card,1,48.0,22,Friday,January,2024-01-12,False,20.64,12.38
495,2024-01-17 16:52:00,2024-01-17 17:13:00,194,199,5,4.08,117.53,14.14,131.67,Cash,2,21.0,16,Wednesday,January,2024-01-17,False,28.81,12.03
496,2024-01-27 17:53:00,2024-01-27 18:38:00,224,18,1,1.63,87.02,5.37,92.39,Card,1,45.0,17,Saturday,January,2024-01-27,False,53.39,6.17
497,2024-01-19 02:52:00,2024-01-19 03:50:00,237,72,2,17.52,372.39,33.25,405.64,Card,2,58.0,2,Friday,January,2024-01-19,False,21.26,8.93
498,2024-01-08 20:58:00,2024-01-08 21:46:00,10,155,1,15.5,348.13,67.19,415.32,Cash,1,48.0,20,Monday,January,2024-01-08,False,22.46,19.3
499,2024-01-01 06:52:00,2024-01-01 07:01:00,152,170,1,23.46,488.78,32.56,521.34,Card,1,9.0,6,Monday,January,2024-01-01,False,20.83,6.66
500,2024-01-06 05:43:00,2024-01-06 06:14:00,104,151,2,6.62,187.53,17.96,205.49,Card,1,31.0,5,Saturday,January,2024-01-06,False,28.33,9.58
501,2024-01-29 00:35:00,2024-01-29 01:57:00,124,261,3,3.03,97.95,5.42,103.37,Card,1,82.0,0,Monday,January,2024-01-29,False,32.33,5.53
502,2024-01-24 06:16:00,2024-01-24 07:39:00,185,80,2,7.22,196.0,14.18,210.18,Card,1,83.0,6,Wednesday,January,2024-01-24,False,27.15,7.23
503,2024-01-17 08:28:00,2024-01-17 09:15:00,41,106,1,1.45,69.97,10.84,80.81,Card,1,47.0,8,Wednesday,January,2024-01-17,False,48.26,15.49
504,2024-01-20 00:24:00,2024-01-20 00:59:00,11,11,1,1.86,92.47,9.71,102.18,Card,1,35.0,0,Saturday,January,2024-01-20,False,49.72,10.5
505,2024-01-27 21:56:00,2024-01-27 22:17:00,218,208,4,22.96,474.88,55.95,530.83,Card,1,21.0,21,Saturday,January,2024-01-27,False,20.68,11.78
506,2024-01-14 02:48:00,2024-01-14 04:15:00,1,130,1,9.45,214.93,15.81,230.74,Card,1,87.0,2,Sunday,January,2024-01-14,False,22.74,7.36
507,2024-01-25 19:35:00,2024-01-25 20:33:00,171,171,3,10.86,254.46,38.76,293.22,Card,2,58.0,19,Thursday,January,2024-01-25,False,23.43,15.23
508,2024-01-13 03:46:00,2024-01-13 04:52:00,53,33,1,1.44,67.49,10.98,78.47,Card,1,66.0,3,Saturday,January,2024-01-13,False,46.87,16.27
509,2024-01-15 05:03:00,2024-01-15 05:39:00,125,24,4,7.49,183.62,14.17,197.79,Cash,1,36.0,5,Monday,January,2024-01-15,False,24.52,7.72
510,2024-01-13 11:15:00,2024-01-13 11:59:00,175,197,4,20.31,433.21,24.58,457.79,Card,1,44.0,11,Saturday,January,2024-01-13,False,21.33,5.67
511,2024-01-27 06:41:00,2024-01-27 06:58:00,199,46,1,15.77,329.01,20.45,349.46,Cash,2,17.0,6,Saturday,January,2024-01-27,False,20.86,6.22
512,2024-01-04 13:04:00,2024-01-04 14:32:00,256,231,2,19.09,385.58,57.28,442.86,Card,2,88.0,13,Thursday,January,2024-01-04,False,20.2,14.86
513,2024-01-25 05:51:00,2024-01-25 06:30:00,172,133,1,11.73,264.45,18.6,283.05,Card,1,39.0,5,Thursday,January,2024-01-25,False,22.54,7.03
514,2024-01-17 02:30:00,2024-01-17 02:39:00,59,85,1,8.43,217.26,26.96,244.22,Card,1,9.0,2,Wednesday,January,2024-01-17,False,25.77,12.41
515,2024-01-06 02:37:00,2024-01-06 03:54:00,106,5,1,12.59,268.92,19.6,288.52,Card,2,77.0,2,Saturday,January,2024-01-06,False,21.36,7.29
516,2024-01-23 13:19:00,2024-01-23 13:52:00,125,221,2,8.75,208.17,15.72,223.89,Card,2,33.0,13,Tuesday,January,2024-01-23,False,23.79,7.55
517,2024-01-26 03:28:00,2024-01-26 04:42:00,16,194,1,21.14,447.51,22.67,470.18,Card,1,74.0,3,Friday,January,2024-01-26,False,21.17,5.07
518,2024-01-14 23:50:00,2024-01-15 00:19:00,38,69,2,8.14,190.06,18.65,208.71,Cash,2,29.0,23,Sunday,January,2024-01-14,False,23.35,9.81
519,2024-01-04 22:04:00,2024-01-04 22:30:00,243,176,1,16.83,352.26,22.36,374.62,Card,1,26.0,22,Thursday,January,2024-01-04,False,20.93,6.35
520,2024-01-03 00:34:00,2024-01-03 01:44:00,210,239,1,4.29,140.57,15.34,155.91,Card,2,70.0,0,Wednesday,January,2024-01-03,False,32.77,10.91
521,2024-01-15 19:52:00,2024-01-15 20:41:00,168,179,2,17.48,370.94,51.81,422.75,Cash,1,49.0,19,Monday,January,2024-01-15,False,21.22,13.97
522,2024-01-10 23:57:00,2024-01-11 01:10:00,98,256,1,22.92,477.53,50.2,527.73,Card,1,73.0,23,Wednesday,January,2024-01-10,False,20.83,10.51
523,2024-01-29 20:35:00,2024-01-29 21:51:00,134,211,2,15.61,324.33,50.52,374.85,Card,1,76.0,20,Monday,January,2024-01-29,False,20.78,15.58
524,2024-01-01 12:08:00,2024-01-01 12:13:00,181,227,2,14.44,327.54,52.81,380.35,Card,1,5.0,12,Monday,January,2024-01-01,False,22.68,16.12
525,2024-01-01 11:38:00,2024-01-01 13:06:00,222,72,3,24.07,501.31,77.45,578.76,Card,1,88.0,11,Monday,January,2024-01-01,False,20.83,15.45
526,2024-01-28 17:54:00,2024-01-28 18:42:00,149,65,1,16.06,333.74,63.58,397.32,Card,2,48.0,17,Sunday,January,2024-01-28,False,20.78,19.05
527,2024-01-10 16:03:00,2024-01-10 17:22:00,244,166,1,7.23,171.16,14.65,185.81,Card,1,79.0,16,Wednesday,January,2024-01-10,False,23.67,8.56
528,2024-01-12 15:39:00,2024-01-12 16:22:00,76,214,2,8.02,214.06,16.79,230.85,Card,2,43.0,15,Friday,January,2024-01-12,False,26.69,7.84
529,2024-01-06 03:20:00,2024-01-06 04:18:00,262,17,2,17.93,377.21,53.36,430.57,Cash,2,58.0,3,Saturday,January,2024-01-06,False,21.04,14.15
530,2024-01-17 23:46:00,2024-01-18 01:05:00,231,173,1,18.65,392.86,54.7,447.56,Card,2,79.0,23,Wednesday,January,2024-01-17,False,21.06,13.92
531,2024-01-26 15:39:00,2024-01-26 16:12:00,191,129,2,8.28,207.52,26.25,233.77,Card,2,33.0,15,Friday,January,2024-01-26,False,25.06,12.65
532,2024-01-04 00:40:00,2024-01-04 01:38:00,134,3,1,9.29,230.91,11.7,242.61,Card,1,58.0,0,Thursday,January,2024-01-04,False,24.86,5.07
533,2024-01-25 11:50:00,2024-01-25 12:10:00,252,248,1,24.79,510.58,68.05,578.63,Cash,2,20.0,11,Thursday,January,2024-01-25,False,20.6,13.33
534,2024-01-12 21:01:00,2024-01-12 21:25:00,245,70,2,3.45,107.92,20.5,128.42,Card,2,24.0,21,Friday,January,2024-01-12,False,31.28,19.0
535,2024-01-23 10:27:00,2024-01-23 11:17:00,4,52,1,10.71,239.88,24.03,263.91,Card,2,50.0,10,Tuesday,January,2024-01-23,False,22.4,10.02
536,2024-01-04 19:26:00,2024-01-04 20:37:00,37,259,1,2.5,111.3,21.72,133.02,Card,1,71.0,19,Thursday,January,2024-01-04,False,44.52,19.51
537,2024-01-06 18:55:00,2024-01-06 20:04:00,71,239,1,20.71,437.37,45.27,482.64,Card,1,69.0,18,Saturday,January,2024-01-06,False,21.12,10.35
538,2024-01-15 20:04:00,2024-01-15 21:06:00,262,94,1,3.22,116.49,8.27,124.76,Card,2,62.0,20,Monday,January,2024-01-15,False,36.18,7.1
539,2024-01-26 20:59:00,2024-01-26 21:56:00,237,47,2,17.18,379.08,41.61,420.69,Card,2,57.0,20,Friday,January,2024-01-26,False,22.07,10.98
540,2024-01-17 08:56:00,2024-01-17 09:01:00,178,75,1,2.36,104.54,12.98,117.52,Card,1,5.0,8,Wednesday,January,2024-01-17,False,44.3,12.42
541,2024-01-22 23:47:00,2024-01-23 01:12:00,96,91,6,17.15,355.18,51.29,406.47,Cash,2,85.0,23,Monday,January,2024-01-22,False,20.71,14.44
542,2024-01-08 17:30:00,2024-01-08 18:40:00,227,86,2,21.23,447.54,56.27,503.81,Card,1,70.0,17,Monday,January,2024-01-08,False,21.08,12.57
543,2024-01-16 06:12:00,2024-01-16 06:45:00,11,6,1,10.57,242.7,31.67,274.37,Cash,2,33.0,6,Tuesday,January,2024-01-16,False,22.96,13.05
544,2024-01-29 01:39:00,2024-01-29 03:07:00,189,230,1,13.53,284.62,15.26,299.88,Card,2,88.0,1,Monday,January,2024-01-29,False,21.04,5.36
545,2024-01-01 19:27:00,2024-01-01 20:41:00,209,43,1,10.64,241.16,21.23,262.39,Card,1,74.0,19,Monday,January,2024-01-01,False,22.67,8.8
546,2024-01-19 21:12:00,2024-01-19 21:24:00,13,198,2,8.21,210.69,20.35,231.04,Cash,1,12.0,21,Friday,January,2024-01-19,False,25.66,9.66
547,2024-01-01 17:42:00,2024-01-01 18:15:00,162,182,1,20.28,433.85,85.93,519.78,Cash,2,33.0,17,Monday,January,2024-01-01,False,21.39,19.81
548,2024-01-13 21:00:00,2024-01-13 21:55:00,60,169,1,7.53,183.82,17.34,201.16,Card,1,55.0,21,Saturday,January,2024-01-13,False,24.41,9.43
549,2024-01-17 20:04:00,2024-01-17 20:41:00,5,203,1,18.35,377.7,69.68,447.38,Card,2,37.0,20,Wednesday,January,2024-01-17,False,20.58,18.45
550,2024-01-15 23:05:00,2024-01-15 23:12:00,202,194,2,5.95,164.01,15.7,179.71,Cash,1,7.0,23,Monday,January,2024-01-15,False,27.56,9.57
551,2024-01-16 01:29:00,2024-01-16 02:33:00,12,31,2,7.0,190.35,12.26,202.61,Card,1,64.0,1,Tuesday,January,2024-01-16,False,27.19,6.44
552,2024-01-08 18:14:00,2024-01-08 18:53:00,240,102,2,9.08,225.84,19.68,245.52,Card,1,39.0,18,Monday,January,2024-01-08,False,24.87,8.71
553,2024-01-16 22:05:00,2024-01-16 23:18:00,225,64,3,15.14,329.32,29.94,359.26,Card,2,73.0,22,Tuesday,January,2024-01-16,False,21.75,9.09
554,2024-01-27 00:57:00,2024-01-27 02:17:00,182,91,1,11.91,273.32,53.77,327.09,Card,2,80.0,0,Saturday,January,2024-01-27,False,22.95,19.67
555,2024-01-07 11:48:00,2024-01-07 13:16:00,178,250,2,18.88,387.1,58.51,445.61,Card,2,88.0,11,Sunday,January,2024-01-07,False,20.5,15.11
556,2024-01-17 11:14:00,2024-01-17 11:38:00,118,183,1,6.13,163.32,30.99,194.31,Card,1,24.0,11,Wednesday,January,2024-01-17,False,26.64,18.98
557,2024-01-27 11:02:00,2024-01-27 12:19:00,76,205,1,1.26,70.34,12.33,82.67,Card,2,77.0,11,Saturday,January,2024-01-27,False,55.83,17.53
558,2024-01-07 04:44:00,2024-01-07 05:27:00,46,89,2,19.64,420.05,57.46,477.51,Cash,1,43.0,4,Sunday,January,2024-01-07,False,21.39,13.68
559,2024-01-26 18:18:00,2024-01-26 18:26:00,227,159,1,20.72,416.34,63.0,479.34,Card,1,8.0,18,Friday,January,2024-01-26,False,20.09,15.13
560,2024-01-17 22:34:00,2024-01-17 22:57:00,240,130,1,2.43,104.13,14.97,119.1,Card,1,23.0,22,Wednesday,January,2024-01-17,False,42.85,14.38
561,2024-01-05 17:21:00,2024-01-05 18:10:00,141,248,3,15.66,329.69,49.43,379.12,Card,1,49.0,17,Friday,January,2024-01-05,False,21.05,14.99
562,2024-01-27 02:54:00,2024-01-27 03:41:00,204,140,1,10.08,235.71,21.15,256.86,Cash,2,47.0,2,Saturday,January,2024-01-27,False,23.38,8.97
563,2024-01-05 16:11:00,2024-01-05 16:28:00,150,189,1,20.05,409.88,45.59,455.47,Card,2,17.0,16,Friday,January,2024-01-05,False,20.44,11.12
564,2024-01-17 09:45:00,2024-01-17 10:02:00,130,91,4,21.99,445.52,61.88,507.4,Card,2,17.0,9,Wednesday,January,2024-01-17,False,20.26,13.89
565,2024-01-13 00:57:00,2024-01-13 02:01:00,137,56,1,21.42,433.37,24.0,457.37,Cash,1,64.0,0,Saturday,January,2024-01-13,False,20.23,5.54
566,2024-01-25 12:27:00,2024-01-25 13:28:00,116,226,2,19.65,416.28,50.96,467.24,Cash,2,61.0,12,Thursday,January,2024-01-25,False,21.18,12.24
567,2024-01-05 21:36:00,2024-01-05 23:06:00,161,165,3,7.46,185.25,33.15,218.4,Card,1,90.0,21,Friday,January,2024-01-05,False,24.83,17.89
568,2024-01-08 23:56:00,2024-01-09 00:52:00,155,36,1,20.49,430.61,53.33,483.94,Cash,2,56.0,23,Monday,January,2024-01-08,False,21.02,12.38
569,2024-01-02 01:42:00,2024-01-02 02:39:00,173,29,1,13.8,302.08,40.13,342.21,Card,2,57.0,1,Tuesday,January,2024-01-02,False,21.89,13.28
570,2024-01-16 01:17:00,2024-01-16 02:47:00,130,80,2,2.27,97.28,7.81,105.09,Card,2,90.0,1,Tuesday,January,2024-01-16,False,42.85,8.03
571,2024-01-28 03:21:00,2024-01-28 04:08:00,79,169,2,11.97,271.76,45.97,317.73,Card,2,47.0,3,Sunday,January,2024-01-28,False,22.7,16.92
572,2024-01-20 03:29:00,2024-01-20 04:56:00,57,33,1,23.61,494.26,51.32,545.58,Card,2,87.0,3,Saturday,January,2024-01-20,False,20.93,10.38
573,2024-01-17 04:42:00,2024-01-17 05:58:00,57,93,1,22.31,452.59,87.57,540.16,Card,2,76.0,4,Wednesday,January,2024-01-17,False,20.29,19.35
574,2024-01-14 05:45:00,2024-01-14 07:01:00,134,112,1,3.45,108.33,21.56,129.89,Card,1,76.0,5,Sunday,January,2024-01-14,False,31.4,19.9
575,2024-01-13 10:44:00,2024-01-13 11:30:00,14,209,3,18.86,406.83,76.24,483.07,Card,1,46.0,10,Saturday,January,2024-01-13,False,21.57,18.74
576,2024-01-16 15:56:00,2024-01-16 16:26:00,147,194,1,20.34,411.37,25.81,437.18,Cash,1,30.0,15,Tuesday,January,2024-01-16,False,20.22,6.27
577,2024-01-19 17:22:00,2024-01-19 17:49:00,127,247,4,7.51,200.21,20.02,220.23,Cash,2,27.0,17,Friday,January,2024-01-19,False,26.66,10.0
578,2024-01-20 15:35:00,2024-01-20 16:22:00,260,118,6,12.32,266.27,51.06,317.33,Card,1,47.0,15,Saturday,January,2024-01-20,False,21.61,19.18
579,2024-01-10 14:07:00,2024-01-10 15:28:00,218,228,2,18.06,384.84,65.68,450.52,Cash,2,81.0,14,Wednesday,January,2024-01-10,False,21.31,17.07
580,2024-01-30 09:48:00,2024-01-30 10:20:00,233,9,2,11.54,252.24,47.09,299.33,Cash,1,32.0,9,Tuesday,January,2024-01-30,False,21.86,18.67
581,2024-01-19 08:32:00,2024-01-19 08:45:00,168,199,1,3.71,134.47,18.27,152.74,Card,2,13.0,8,Friday,January,2024-01-19,False,36.25,13.59
582,2024-01-13 07:49:00,2024-01-13 08:13:00,143,129,1,17.94,379.87,46.37,426.24,Cash,2,24.0,7,Saturday,January,2024-01-13,False,21.17,12.21
583,2024-01-29 18:59:00,2024-01-29 19:59:00,260,62,2,22.88,461.72,30.46,492.18,Cash,1,60.0,18,Monday,January,2024-01-29,False,20.18,6.6
584,2024-01-19 05:36:00,2024-01-19 07:03:00,218,2,1,16.66,344.09,60.53,404.62,Card,2,87.0,5,Friday,January,2024-01-19,False,20.65,17.59
585,2024-01-28 23:02:00,2024-01-28 23:45:00,146,172,1,19.57,403.4,65.26,468.66,Cash,2,43.0,23,Sunday,January,2024-01-28,False,20.61,16.18
586,2024-01-26 18:00:00,2024-01-26 18:55:00,99,245,2,9.6,233.95,13.76,247.71,Card,1,55.0,18,Friday,January,2024-01-26,False,24.37,5.88
587,2024-01-01 22:04:00,2024-01-01 22:20:00,182,88,1,5.4,148.75,12.11,160.86,Card,1,16.0,22,Monday,January,2024-01-01,False,27.55,8.14
588,2024-01-18 20:51:00,2024-01-18 22:14:00,169,83,2,16.43,343.12,45.84,388.96,Cash,1,83.0,20,Thursday,January,2024-01-18,False,20.88,13.36
589,2024-01-25 22:29:00,2024-01-25 23:28:00,233,5,1,8.87,216.98,33.12,250.1,Cash,1,59.0,22,Thursday,January,2024-01-25,False,24.46,15.26
590,2024-01-17 12:43:00,2024-01-17 14:05:00,93,39,1,21.64,442.05,31.23,473.28,Card,1,82.0,12,Wednesday,January,2024-01-17,False,20.43,7.06
591,2024-01-14 19:10:00,2024-01-14 19:25:00,117,75,1,3.94,115.89,10.05,125.94,Card,2,15.0,19,Sunday,January,2024-01-14,False,29.41,8.67
592,2024-01-25 00:18:00,2024-01-25 00:48:00,4,101,5,11.4,249.82,19.73,269.55,Card,2,30.0,0,Thursday,January,2024-01-25,False,21.91,7.9
593,2024-01-05 13:48:00,2024-01-05 14:34:00,85,141,3,10.52,250.58,20.8,271.38,Card,1,46.0,13,Friday,January,2024-01-05,False,23.82,8.3
594,2024-01-27 10:29:00,2024-01-27 11:00:00,167,93,1,23.51,492.42,92.63,585.05,Card,2,31.0,10,Saturday,January,2024-01-27,False,20.95,18.81
595,2024-01-19 14:30:00,2024-01-19 14:45:00,7,119,1,4.68,131.23,20.65,151.88,Card,1,15.0,14,Friday,January,2024-01-19,False,28.04,15.74
596,2024-01-18 13:29:00,2024-01-18 14:11:00,232,109,4,1.24,85.51,13.73,99.24,Cash,2,42.0,13,Thursday,January,2024-01-18,False,68.96,16.06
597,2024-01-20 13:38:00,2024-01-20 14:25:00,251,43,1,6.71,163.41,27.63,191.04,Card,2,47.0,13,Saturday,January,2024-01-20,False,24.35,16.91
598,2024-01-20 22:30:00,2024-01-20 22:53:00,85,136,1,20.69,423.87,43.86,467.73,Card,2,23.0,22,Saturday,January,2024-01-20,False,20.49,10.35
599,2024-01-11 18:05:00,2024-01-11 19:13:00,193,217,1,6.02,163.56,27.0,190.56,Card,1,68.0,18,Thursday,January,2024-01-11,False,27.17,16.51
600,2024-01-15 08:12:00,2024-01-15 08:22:00,123,156,2,6.78,170.1,33.47,203.57,Card,2,10.0,8,Monday,January,2024-01-15,False,25.09,19.68
601,2024-01-04 07:08:00,2024-01-04 07:58:00,89,39,1,4.12,130.05,20.13,150.18,Card,1,50.0,7,Thursday,January,2024-01-04,False,31.57,15.48
602,2024-01-15 17:53:00,2024-01-15 18:39:00,95,26,1,18.17,393.54,44.28,437.82,Card,1,46.0,17,Monday,January,2024-01-15,False,21.66,11.25
603,2024-01-07 13:15:00,2024-01-07 14:24:00,45,32,2,2.66,116.21,18.3,134.51,Card,1,69.0,13,Sunday,January,2024-01-07,False,43.69,15.75
604,2024-01-03 13:49:00,2024-01-03 15:05:00,253,46,1,8.95,204.12,37.79,241.91,Card,2,76.0,13,Wednesday,January,2024-01-03,False,22.81,18.51
605,2024-01-22 01:55:00,2024-01-22 02:58:00,51,156,2,7.78,188.2,13.04,201.24,Card,2,63.0,1,Monday,January,2024-01-22,False,24.19,6.93
606,2024-01-10 02:36:00,2024-01-10 03:32:00,65,244,1,14.32,327.13,29.37,356.5,Card,2,56.0,2,Wednesday,January,2024-01-10,False,22.84,8.98
607,2024-01-18 16:30:00,2024-01-18 17:21:00,54,35,1,18.53,381.65,71.71,453.36,Card,1,51.0,16,Thursday,January,2024-01-18,False,20.6,18.79
608,2024-01-30 09:44:00,2024-01-30 09:55:00,222,242,1,13.79,309.0,59.31,368.31,Card,1,11.0,9,Tuesday,January,2024-01-30,False,22.41,19.19
609,2024-01-30 19:18:00,2024-01-30 19:33:00,72,259,2,23.34,467.72,57.35,525.07,Cash,1,15.0,19,Tuesday,January,2024-01-30,False,20.04,12.26
610,2024-01-28 06:58:00,2024-01-28 08:03:00,168,46,1,23.83,479.63,50.93,530.56,Card,1,65.0,6,Sunday,January,2024-01-28,False,20.13,10.62
611,2024-01-30 19:56:00,2024-01-30 21:08:00,186,237,1,9.68,219.98,20.33,240.31,Cash,1,72.0,19,Tuesday,January,2024-01-30,False,22.73,9.24
612,2024-01-11 04:43:00,2024-01-11 05:12:00,143,8,2,19.66,419.57,52.37,471.94,Card,1,29.0,4,Thursday,January,2024-01-11,False,21.34,12.48
613,2024-01-01 08:24:00,2024-01-01 08:40:00,19,260,2,18.73,403.62,76.76,480.38,Card,2,16.0,8,Monday,January,2024-01-01,False,21.55,19.02
614,2024-01-24 14:22:00,2024-01-24 14:52:00,10,44,1,22.43,452.65,32.8,485.45,Card,1,30.0,14,Wednesday,January,2024-01-24,False,20.18,7.25
615,2024-01-24 19:39:00,2024-01-24 19:55:00,171,238,1,11.75,276.21,31.2,307.41,Cash,2,16.0,19,Wednesday,January,2024-01-24,False,23.51,11.3
616,2024-01-20 10:56:00,2024-01-20 11:43:00,16,167,1,13.73,297.89,55.63,353.52,Card,1,47.0,10,Saturday,January,2024-01-20,False,21.7,18.67
617,2024-01-17 15:20:00,2024-01-17 16:15:00,80,76,2,10.98,240.61,24.63,265.24,Card,1,55.0,15,Wednesday,January,2024-01-17,False,21.91,10.24
618,2024-01-24 07:51:00,2024-01-24 08:32:00,190,157,2,21.41,448.12,74.03,522.15,Card,2,41.0,7,Wednesday,January,2024-01-24,False,20.93,16.52
619,2024-01-13 00:32:00,2024-01-13 01:22:00,148,201,2,6.51,175.07,18.98,194.05,Card,2,50.0,0,Saturday,January,2024-01-13,False,26.89,10.84
620,2024-01-27 05:57:00,2024-01-27 06:54:00,163,234,2,6.75,169.73,28.98,198.71,Cash,2,57.0,5,Saturday,January,2024-01-27,False,25.15,17.07
621,2024-01-02 11:05:00,2024-01-02 12:29:00,138,232,3,9.94,226.51,44.66,271.17,Cash,2,84.0,11,Tuesday,January,2024-01-02,False,22.79,19.72
622,2024-01-26 06:35:00,2024-01-26 06:52:00,30,212,1,6.53,186.81,20.21,207.02,Card,2,17.0,6,Friday,January,2024-01-26,False,28.61,10.82
623,2024-01-16 18:20:00,2024-01-16 19:18:00,168,154,1,14.46,326.16,57.65,383.81,Card,2,58.0,18,Tuesday,January,2024-01-16,False,22.56,17.68
624,2024-01-25 01:00:00,2024-01-25 02:01:00,91,213,3,4.23,140.43,27.84,168.27,Card,2,61.0,1,Thursday,January,2024-01-25,False,33.2,19.82
625,2024-01-27 03:58:00,2024-01-27 04:06:00,91,87,1,8.68,200.08,39.53,239.61,Cash,1,8.0,3,Saturday,January,2024-01-27,False,23.05,19.76
626,2024-01-15 06:39:00,2024-01-15 07:58:00,211,18,1,22.92,475.22,54.68,529.9,Card,1,79.0,6,Monday,January,2024-01-15,False,20.73,11.51
627,2024-01-20 02:29:00,2024-01-20 03:22:00,174,191,1,10.82,241.2,29.63,270.83,Cash,1,53.0,2,Saturday,January,2024-01-20,False,22.29,12.28
628,2024-01-20 08:20:00,2024-01-20 08:31:00,134,54,4,18.96,410.6,39.22,449.82,Card,1,11.0,8,Saturday,January,2024-01-20,False,21.66,9.55
629,2024-01-08 15:23:00,2024-01-08 15:38:00,24,216,1,3.72,108.52,10.54,119.06,Card,2,15.0,15,Monday,January,2024-01-08,False,29.17,9.71
630,2024-01-16 02:12:00,2024-01-16 03:10:00,201,42,1,6.94,175.48,21.74,197.22,Card,2,58.0,2,Tuesday,January,2024-01-16,False,25.29,12.39
631,2024-01-18 22:26:00,2024-01-18 23:15:00,219,230,2,20.38,419.7,33.61,453.31,Cash,1,49.0,22,Thursday,January,2024-01-18,False,20.59,8.01
632,2024-01-22 01:54:00,2024-01-22 02:21:00,7,230,1,19.31,412.31,64.6,476.91,Card,2,27.0,1,Monday,January,2024-01-22,False,21.35,15.67
633,2024-01-10 14:43:00,2024-01-10 15:15:00,6,182,4,10.27,247.85,32.33,280.18,Cash,1,32.0,14,Wednesday,January,2024-01-10,False,24.13,13.04
634,2024-01-05 07:10:00,2024-01-05 08:11:00,118,141,1,23.91,481.63,88.96,570.59,Card,2,61.0,7,Friday,January,2024-01-05,False,20.14,18.47
635,2024-01-13 06:00:00,2024-01-13 06:30:00,161,82,2,22.86,468.45,80.38,548.83,Card,1,30.0,6,Saturday,January,2024-01-13,False,20.49,17.16
636,2024-01-27 16:13:00,2024-01-27 16:42:00,85,167,1,24.1,498.87,49.07,547.94,Card,1,29.0,16,Saturday,January,2024-01-27,False,20.7,9.84
637,2024-01-30 09:56:00,2024-01-30 10:54:00,248,54,3,11.27,243.41,30.64,274.05,Card,1,58.0,9,Tuesday,January,2024-01-30,False,21.6,12.59
638,2024-01-29 08:21:00,2024-01-29 08:54:00,166,73,3,5.74,167.39,27.21,194.6,Card,2,33.0,8,Monday,January,2024-01-29,False,29.16,16.26
639,2024-01-03 07:30:00,2024-01-03 08:57:00,145,213,2,16.04,357.13,28.21,385.34,Card,1,87.0,7,Wednesday,January,2024-01-03,False,22.26,7.9
640,2024-01-14 06:07:00,2024-01-14 06:47:00,31,171,3,17.43,354.7,19.42,374.12,Card,1,40.0,6,Sunday,January,2024-01-14,False,20.35,5.48
641,2024-01-29 18:30:00,2024-01-29 18:48:00,220,219,1,4.01,113.55,20.19,133.74,Card,1,18.0,18,Monday,January,2024-01-29,False,28.32,17.78
642,2024-01-18 00:24:00,2024-01-18 01:46:00,133,136,4,19.88,408.18,28.83,437.01,Card,2,82.0,0,Thursday,January,2024-01-18,False,20.53,7.06
643,2024-01-05 22:34:00,2024-01-05 23:13:00,64,35,2,1.43,68.37,12.54,80.91,Card,1,39.0,22,Friday,January,2024-01-05,False,47.81,18.34
644,2024-01-10 06:03:00,2024-01-10 06:37:00,76,146,3,12.59,281.0,52.56,333.56,Card,2,34.0,6,Wednesday,January,2024-01-10,False,22.32,18.7
645,2024-01-24 16:41:00,2024-01-24 17:02:00,131,183,2,8.94,222.78,26.53,249.31,Card,2,21.0,16,Wednesday,January,2024-01-24,False,24.92,11.91
646,2024-01-08 14:55:00,2024-01-08 16:06:00,38,78,1,18.77,394.87,67.53,462.4,Card,1,71.0,14,Monday,January,2024-01-08,False,21.04,17.1
647,2024-01-08 15:43:00,2024-01-08 17:07:00,54,253,2,8.51,199.07,20.8,219.87,Card,2,84.0,15,Monday,January,2024-01-08,False,23.39,10.45
648,2024-01-15 21:27:00,2024-01-15 22:01:00,130,236,1,20.84,434.76,77.71,512.47,Cash,2,34.0,21,Monday,January,2024-01-15,False,20.86,17.87
649,2024-01-18 07:33:00,2024-01-18 08:22:00,218,77,2,15.28,335.59,58.29,393.88,Card,2,49.0,7,Thursday,January,2024-01-18,False,21.96,17.37
650,2024-01-17 15:19:00,2024-01-17 16:42:00,2,73,1,20.05,428.87,26.49,455.36,Card,2,83.0,15,Wednesday,January,2024-01-17,False,21.39,6.18
651,2024-01-01 11:07:00,2024-01-01 12:02:00,246,27,1,24.74,489.72,67.28,557.0,Card,1,55.0,11,Monday,January,2024-01-01,False,19.79,13.74
652,2024-01-21 15:03:00,2024-01-21 15:54:00,140,38,5,17.3,372.17,54.34,426.51,Cash,2,51.0,15,Sunday,January,2024-01-21,False,21.51,14.6
653,2024-01-07 11:37:00,2024-01-07 12:34:00,258,254,4,24.64,510.86,25.61,536.47,Card,1,57.0,11,Sunday,January,2024-01-07,False,20.73,5.01
654,2024-01-26 08:07:00,2024-01-26 09:15:00,105,86,3,1.69,85.47,16.84,102.31,Cash,2,68.0,8,Friday,January,2024-01-26,False,50.57,19.7
655,2024-01-14 06:49:00,2024-01-14 07:31:00,185,31,2,9.12,215.01,23.86,238.87,Card,2,42.0,6,Sunday,January,2024-01-14,False,23.58,11.1
656,2024-01-28 22:51:00,2024-01-28 23:59:00,244,205,2,3.59,109.74,14.0,123.74,Card,1,68.0,22,Sunday,January,2024-01-28,False,30.57,12.76
657,2024-01-23 04:01:00,2024-01-23 04:12:00,164,193,2,7.3,197.4,15.64,213.04,Card,2,11.0,4,Tuesday,January,2024-01-23,False,27.04,7.92
658,2024-01-24 03:07:00,2024-01-24 03:33:00,132,230,1,21.13,432.17,61.21,493.38,Card,2,26.0,3,Wednesday,January,2024-01-24,False,20.45,14.16
659,2024-01-19 23:55:00,2024-01-20 01:20:00,203,181,4,1.78,99.79,17.12,116.91,Card,1,85.0,23,Friday,January,2024-01-19,False,56.06,17.16
660,2024-01-27 04:52:00,2024-01-27 06:18:00,210,245,3,13.48,308.07,42.48,350.55,Card,2,86.0,4,Saturday,January,2024-01-27,False,22.85,13.79
661,2024-01-04 08:35:00,2024-01-04 09:20:00,101,40,2,14.61,314.28,52.86,367.14,Cash,1,45.0,8,Thursday,January,2024-01-04,False,21.51,16.82
662,2024-01-14 23:59:00,2024-01-15 01:17:00,49,157,4,14.47,317.68,50.72,368.4,Card,1,78.0,23,Sunday,January,2024-01-14,False,21.95,15.97
663,2024-01-27 22:50:00,2024-01-27 23:04:00,239,168,2,12.41,264.2,22.63,286.83,Card,2,14.0,22,Saturday,January,2024-01-27,False,21.29,8.57
664,2024-01-28 20:00:00,2024-01-28 21:01:00,215,158,1,19.97,407.36,47.0,454.36,Cash,1,61.0,20,Sunday,January,2024-01-28,False,20.4,11.54
665,2024-01-27 10:48:00,2024-01-27 10:59:00,77,130,5,4.21,137.09,9.91,147.0,Cash,2,11.0,10,Saturday,January,2024-01-27,False,32.56,7.23
666,2024-01-10 04:16:00,2024-01-10 05:10:00,151,82,1,8.45,212.44,11.96,224.4,Card,2,54.0,4,Wednesday,January,2024-01-10,False,25.14,5.63
667,2024-01-25 16:27:00,2024-01-25 17:23:00,157,156,2,15.78,334.64,19.9,354.54,Card,1,56.0,16,Thursday,January,2024-01-25,False,21.21,5.95
668,2024-01-22 20:31:00,2024-01-22 21:08:00,198,175,1,17.58,380.7,72.86,453.56,Card,2,37.0,20,Monday,January,2024-01-22,False,21.66,19.14
669,2024-01-13 00:28:00,2024-01-13 00:33:00,24,88,2,10.7,239.68,47.38,287.06,Card,1,5.0,0,Saturday,January,2024-01-13,False,22.4,19.77
670,2024-01-20 02:52:00,2024-01-20 03:49:00,9,102,2,22.01,450.02,28.91,478.93,Card,2,57.0,2,Saturday,January,2024-01-20,False,20.45,6.42
671,2024-01-24 20:29:00,2024-01-24 21:33:00,132,248,2,10.97,251.64,25.23,276.87,Card,1,64.0,20,Wednesday,January,2024-01-24,False,22.94,10.03
672,2024-01-04 23:13:00,2024-01-04 23:51:00,77,206,1,10.67,242.28,16.27,258.55,Card,1,38.0,23,Thursday,January,2024-01-04,False,22.71,6.72
673,2024-01-04 08:04:00,2024-01-04 08:12:00,226,89,1,1.87,102.3,17.92,120.22,Card,1,8.0,8,Thursday,January,2024-01-04,False,54.71,17.52
674,2024-01-08 00:56:00,2024-01-08 01:17:00,131,96,2,14.23,317.04,39.45,356.49,Card,1,21.0,0,Monday,January,2024-01-08,False,22.28,12.44
675,2024-01-01 00:09:00,2024-01-01 00:17:00,90,159,4,18.01,380.36,54.46,434.82,Card,1,8.0,0,Monday,January,2024-01-01,False,21.12,14.32
676,2024-01-14 08:55:00,2024-01-14 09:42:00,117,114,1,3.75,122.82,16.09,138.91,Card,1,47.0,8,Sunday,January,2024-01-14,False,32.75,13.1
677,2024-01-17 12:33:00,2024-01-17 12:41:00,110,24,1,8.33,194.72,30.48,225.2,Card,2,8.0,12,Wednesday,January,2024-01-17,False,23.38,15.65
678,2024-01-21 12:28:00,2024-01-21 12:33:00,227,163,1,19.75,406.67,39.8,446.47,Card,2,5.0,12,Sunday,January,2024-01-21,False,20.59,9.79
679,2024-01-27 07:32:00,2024-01-27 08:47:00,244,55,4,9.78,236.22,16.68,252.9,Cash,2,75.0,7,Saturday,January,2024-01-27,False,24.15,7.06
680,2024-01-01 16:55:00,2024-01-01 17:49:00,55,64,2,6.8,190.14,10.01,200.15,Cash,2,54.0,16,Monday,January,2024-01-01,False,27.96,5.26
681,2024-01-20 05:52:00,2024-01-20 07:09:00,37,33,5,17.13,372.83,43.57,416.4,Cash,1,77.0,5,Saturday,January,2024-01-20,False,21.76,11.69
682,2024-01-25 06:41:00,2024-01-25 07:46:00,55,46,2,5.72,151.97,28.29,180.26,Card,1,65.0,6,Thursday,January,2024-01-25,False,26.57,18.62
683,2024-01-06 20:15:00,2024-01-06 20:54:00,12,219,1,22.5,458.02,43.87,501.89,Card,1,39.0,20,Saturday,January,2024-01-06,False,20.36,9.58
684,2024-01-17 13:13:00,2024-01-17 13:25:00,185,196,2,3.53,106.03,8.42,114.45,Card,1,12.0,13,Wednesday,January,2024-01-17,False,30.04,7.94
685,2024-01-03 21:18:00,2024-01-03 21:46:00,237,253,1,17.96,366.35,69.21,435.56,Card,2,28.0,21,Wednesday,January,2024-01-03,False,20.4,18.89
686,2024-01-15 02:29:00,2024-01-15 03:56:00,204,236,1,12.99,287.93,18.95,306.88,Card,1,87.0,2,Monday,January,2024-01-15,False,22.17,6.58
687,2024-01-05 20:10:00,2024-01-05 20:50:00,211,79,1,21.88,449.75,25.98,475.73,Card,1,40.0,20,Friday,January,2024-01-05,False,20.56,5.78
688,2024-01-05 19:38:00,2024-01-05 20:32:00,226,92,1,4.03,120.46,21.91,142.37,Cash,1,54.0,19,Friday,January,2024-01-05,False,29.89,18.19
689,2024-01-15 16:48:00,2024-01-15 17:35:00,7,96,1,17.27,370.14,57.42,427.56,Card,2,47.0,16,Monday,January,2024-01-15,False,21.43,15.51
690,2024-01-15 03:44:00,2024-01-15 04:15:00,220,228,1,14.73,326.24,36.97,363.21,Card,2,31.0,3,Monday,January,2024-01-15,False,22.15,11.33
691,2024-01-13 12:17:00,2024-01-13 12:53:00,28,235,1,12.52,274.33,44.68,319.01,Card,2,36.0,12,Saturday,January,2024-01-13,False,21.91,16.29
692,2024-01-08 04:24:00,2024-01-08 05:46:00,212,102,1,12.79,292.97,47.23,340.2,Card,2,82.0,4,Monday,January,2024-01-08,False,22.91,16.12
693,2024-01-28 19:14:00,2024-01-28 19:36:00,189,252,2,18.33,376.11,21.07,397.18,Card,1,22.0,19,Sunday,January,2024-01-28,False,20.52,5.6
694,2024-01-07 01:02:00,2024-01-07 01:34:00,75,140,1,23.51,479.51,72.62,552.13,Card,2,32.0,1,Sunday,January,2024-01-07,False,20.4,15.14
695,2024-01-01 06:24:00,2024-01-01 06:57:00,242,143,1,3.19,121.55,17.76,139.31,Cash,2,33.0,6,Monday,January,2024-01-01,False,38.1,14.61
696,2024-01-01 06:44:00,2024-01-01 07:04:00,114,240,1,1.47,82.57,16.07,98.64,Cash,1,20.0,6,Monday,January,2024-01-01,False,56.17,19.46
697,2024-01-29 10:23:00,2024-01-29 11:14:00,167,61,2,20.34,433.36,84.5,517.86,Card,2,51.0,10,Monday,January,2024-01-29,False,21.31,19.5
698,2024-01-21 06:29:00,2024-01-21 07:32:00,106,23,2,3.6,106.56,11.37,117.93,Cash,2,63.0,6,Sunday,January,2024-01-21,False,29.6,10.67
699,2024-01-09 20:43:00,2024-01-09 21:18:00,151,11,3,24.68,501.89,69.5,571.39,Card,1,35.0,20,Tuesday,January,2024-01-09,False,20.34,13.85
700,2024-01-13 18:24:00,2024-01-13 18:32:00,84,16,3,15.86,342.33,24.38,366.71,Card,2,8.0,18,Saturday,January,2024-01-13,False,21.58,7.12
701,2024-01-23 15:26:00,2024-01-23 16:07:00,212,49,1,16.62,358.97,21.53,380.5,Card,2,41.0,15,Tuesday,January,2024-01-23,False,21.6,6.0
702,2024-01-07 20:20:00,2024-01-07 20:41:00,177,170,1,5.77,168.86,19.4,188.26,Card,2,21.0,20,Sunday,January,2024-01-07,False,29.27,11.49
703,2024-01-27 21:57:00,2024-01-27 22:40:00,182,119,1,6.77,183.64,28.19,211.83,Card,2,43.0,21,Saturday,January,2024-01-27,False,27.13,15.35
704,2024-01-11 11:46:00,2024-01-11 12:38:00,159,42,5,16.82,366.47,49.53,416.0,Card,1,52.0,11,Thursday,January,2024-01-11,False,21.79,13.52
705,2024-01-17 08:54:00,2024-01-17 09:44:00,189,10,2,22.83,459.6,52.6,512.2,Card,1,50.0,8,Wednesday,January,2024-01-17,False,20.13,11.44
706,2024-01-17 08:04:00,2024-01-17 08:56:00,186,49,1,24.58,494.06,85.33,579.39,Card,2,52.0,8,Wednesday,January,2024-01-17,False,20.1,17.27
707,2024-01-03 12:36:00,2024-01-03 13:19:00,246,207,1,5.75,162.3,27.46,189.76,Card,1,43.0,12,Wednesday,January,2024-01-03,False,28.23,16.92
708,2024-01-08 13:56:00,2024-01-08 14:04:00,42,167,1,4.22,132.56,21.18,153.74,Card,1,8.0,13,Monday,January,2024-01-08,False,31.41,15.98
709,2024-01-04 08:09:00,2024-01-04 08:43:00,181,2,1,2.35,111.13,6.84,117.97,Card,2,34.0,8,Thursday,January,2024-01-04,False,47.29,6.15
710,2024-01-23 08:41:00,2024-01-23 09:15:00,182,68,3,21.84,438.73,74.35,513.08,Card,2,34.0,8,Tuesday,January,2024-01-23,False,20.09,16.95
711,2024-01-10 08:16:00,2024-01-10 08:42:00,218,210,2,8.07,195.8,36.79,232.59,Card,1,26.0,8,Wednesday,January,2024-01-10,False,24.26,18.79
712,2024-01-27 22:05:00,2024-01-27 23:24:00,163,139,2,1.04,75.9,4.47,80.37,Card,1,79.0,22,Saturday,January,2024-01-27,False,72.98,5.89
713,2024-01-25 04:16:00,2024-01-25 05:26:00,46,37,1,6.37,180.7,19.92,200.62,Card,2,70.0,4,Thursday,January,2024-01-25,False,28.37,11.02
714,2024-01-12 21:00:00,2024-01-12 21:16:00,92,218,1,9.17,232.94,46.18,279.12,Card,1,16.0,21,Friday,January,2024-01-12,False,25.4,19.82
715,2024-01-16 05:49:00,2024-01-16 06:29:00,105,180,2,24.78,496.12,69.4,565.52,Card,1,40.0,5,Tuesday,January,2024-01-16,False,20.02,13.99
716,2024-01-04 03:44:00,2024-01-04 04:06:00,207,5,2,13.56,286.09,36.34,322.43,Cash,2,22.0,3,Thursday,January,2024-01-04,False,21.1,12.7
717,2024-01-27 05:04:00,2024-01-27 06:01:00,139,130,1,5.91,159.03,12.18,171.21,Card,2,57.0,5,Saturday,January,2024-01-27,False,26.91,7.66
718,2024-01-30 17:03:00,2024-01-30 18:18:00,29,133,1,9.04,214.55,28.93,243.48,Card,2,75.0,17,Tuesday,January,2024-01-30,False,23.73,13.48
719,2024-01-19 12:17:00,2024-01-19 12:22:00,251,99,3,8.93,230.33,26.69,257.02,Card,2,5.0,12,Friday,January,2024-01-19,False,25.79,11.59
720,2024-01-26 03:07:00,2024-01-26 04:09:00,191,160,1,1.47,79.39,5.49,84.88,Cash,1,62.0,3,Friday,January,2024-01-26,False,54.01,6.92
721,2024-01-06 00:39:00,2024-01-06 00:49:00,47,236,1,4.24,125.49,15.01,140.5,Card,2,10.0,0,Saturday,January,2024-01-06,False,29.6,11.96
722,2024-01-11 01:29:00,2024-01-11 02:43:00,251,147,1,17.68,369.2,27.56,396.76,Card,1,74.0,1,Thursday,January,2024-01-11,False,20.88,7.46
723,2024-01-30 22:45:00,2024-01-30 23:33:00,263,115,2,3.89,121.93,19.46,141.39,Cash,1,48.0,22,Tuesday,January,2024-01-30,False,31.34,15.96
724,2024-01-20 19:38:00,2024-01-20 20:54:00,64,4,1,6.54,182.37,35.75,218.12,Card,2,76.0,19,Saturday,January,2024-01-20,False,27.89,19.6
725,2024-01-23 06:09:00,2024-01-23 06:37:00,12,87,2,9.42,211.99,25.53,237.52,Card,1,28.0,6,Tuesday,January,2024-01-23,False,22.5,12.04
726,2024-01-26 18:51:00,2024-01-26 20:21:00,29,46,1,19.19,394.92,57.21,452.13,Card,2,90.0,18,Friday,January,2024-01-26,False,20.58,14.49
727,2024-01-30 19:44:00,2024-01-30 20:07:00,139,83,1,14.98,338.63,38.82,377.45,Cash,2,23.0,19,Tuesday,January,2024-01-30,False,22.61,11.46
728,2024-01-06 20:27:00,2024-01-06 20:49:00,85,154,2,17.54,360.31,25.5,385.81,Cash,1,22.0,20,Saturday,January,2024-01-06,False,20.54,7.08
729,2024-01-29 17:08:00,2024-01-29 17:42:00,74,111,2,14.61,325.26,63.62,388.88,Card,1,34.0,17,Monday,January,2024-01-29,False,22.26,19.56
730,2024-01-17 20:45:00,2024-01-17 21:31:00,251,117,3,17.41,364.07,25.28,389.35,Card,1,46.0,20,Wednesday,January,2024-01-17,False,20.91,6.94
731,2024-01-27 03:06:00,2024-01-27 03:43:00,224,97,1,1.07,76.71,5.12,81.83,Card,2,37.0,3,Saturday,January,2024-01-27,False,71.69,6.67
732,2024-01-30 17:28:00,2024-01-30 18:46:00,47,189,1,23.34,463.11,55.05,518.16,Card,2,78.0,17,Tuesday,January,2024-01-30,False,19.84,11.89
733,2024-01-16 22:08:00,2024-01-16 22:24:00,81,88,2,3.66,115.07,17.13,132.2,Card,2,16.0,22,Tuesday,January,2024-01-16,False,31.44,14.89
734,2024-01-14 07:58:00,2024-01-14 08:29:00,121,87,1,10.75,248.53,25.66,274.19,Card,1,31.0,7,Sunday,January,2024-01-14,False,23.12,10.32
735,2024-01-14 17:18:00,2024-01-14 18:01:00,43,26,1,19.5,397.95,31.39,429.34,Card,2,43.0,17,Sunday,January,2024-01-14,False,20.41,7.89
736,2024-01-11 14:14:00,2024-01-11 14:27:00,146,31,1,11.45,262.36,45.35,307.71,Cash,2,13.0,14,Thursday,January,2024-01-11,False,22.91,17.29
737,2024-01-01 20:52:00,2024-01-01 21:17:00,74,126,1,23.72,473.55,49.47,523.02,Card,1,25.0,20,Monday,January,2024-01-01,False,19.96,10.45
738,2024-01-28 14:44:00,2024-01-28 16:04:00,53,198,1,12.22,279.46,22.12,301.58,Card,1,80.0,14,Sunday,January,2024-01-28,False,22.87,7.92
739,2024-01-09 10:53:00,2024-01-09 11:26:00,233,31,4,22.0,463.13,48.52,511.65,Cash,2,33.0,10,Tuesday,January,2024-01-09,False,21.05,10.48
740,2024-01-27 00:01:00,2024-01-27 00:38:00,200,232,3,20.46,410.84,33.76,444.6,Card,2,37.0,0,Saturday,January,2024-01-27,False,20.08,8.22
741,2024-01-19 12:58:00,2024-01-19 14:04:00,162,45,4,24.54,488.22,62.45,550.67,Cash,2,66.0,12,Friday,January,2024-01-19,False,19.89,12.79
742,2024-01-11 23:01:00,2024-01-11 23:20:00,37,189,6,23.24,483.65,72.67,556.32,Card,1,19.0,23,Thursday,January,2024-01-11,False,20.81,15.03
743,2024-01-10 01:31:00,2024-01-10 01:37:00,97,52,1,22.55,464.85,78.99,543.84,Card,2,6.0,1,Wednesday,January,2024-01-10,False,20.61,16.99
744,2024-01-28 12:49:00,2024-01-28 13:45:00,49,52,1,18.56,376.44,31.67,408.11,Cash,2,56.0,12,Sunday,January,2024-01-28,False,20.28,8.41
745,2024-01-05 19:49:00,2024-01-05 20:37:00,10,79,2,9.81,231.17,17.35,248.52,Card,1,48.0,19,Friday,January,2024-01-05,False,23.56,7.51
746,2024-01-30 08:49:00,2024-01-30 09:47:00,40,49,3,3.55,110.19,5.83,116.02,Card,2,58.0,8,Tuesday,January,2024-01-30,False,31.04,5.29
747,2024-01-06 13:37:00,2024-01-06 13:59:00,153,230,1,17.53,361.51,30.44,391.95,Card,2,22.0,13,Saturday,January,2024-01-06,False,20.62,8.42
748,2024-01-05 19:41:00,2024-01-05 19:48:00,106,44,1,24.49,509.04,27.28,536.32,Card,2,7.0,19,Friday,January,2024-01-05,False,20.79,5.36
749,2024-01-19 00:14:00,2024-01-19 00:25:00,41,247,1,18.44,394.77,40.2,434.97,Card,1,11.0,0,Friday,January,2024-01-19,False,21.41,10.18
750,2024-01-17 05:46:00,2024-01-17 06:33:00,164,219,1,23.29,480.11,34.5,514.61,Card,1,47.0,5,Wednesday,January,2024-01-17,False,20.61,7.19
751,2024-01-08 02:09:00,2024-01-08 03:35:00,258,22,1,20.3,412.57,56.52,469.09,Cash,1,86.0,2,Monday,January,2024-01-08,False,20.32,13.7
752,2024-01-13 07:15:00,2024-01-13 07:57:00,211,130,1,4.91,131.94,14.19,146.13,Cash,1,42.0,7,Saturday,January,2024-01-13,False,26.87,10.75
753,2024-01-21 02:00:00,2024-01-21 02:41:00,202,7,3,6.98,191.76,12.28,204.04,Cash,2,41.0,2,Sunday,January,2024-01-21,False,27.47,6.4
754,2024-01-23 00:23:00,2024-01-23 01:25:00,195,44,1,9.2,205.78,22.63,228.41,Card,1,62.0,0,Tuesday,January,2024-01-23,False,22.37,11.0
755,2024-01-30 09:18:00,2024-01-30 09:55:00,53,240,5,5.04,142.36,11.59,153.95,Card,1,37.0,9,Tuesday,January,2024-01-30,False,28.25,8.14
756,2024-01-04 05:17:00,2024-01-04 06:20:00,147,65,1,14.96,317.61,48.29,365.9,Cash,1,63.0,5,Thursday,January,2024-01-04,False,21.23,15.2
757,2024-01-04 08:54:00,2024-01-04 09:09:00,243,246,4,24.41,496.49,51.97,548.46,Card,1,15.0,8,Thursday,January,2024-01-04,False,20.34,10.47
758,2024-01-30 22:08:00,2024-01-30 23:20:00,51,73,1,19.28,394.56,28.43,422.99,Card,2,72.0,22,Tuesday,January,2024-01-30,False,20.46,7.21
759,2024-01-27 03:40:00,2024-01-27 05:06:00,114,71,2,11.16,250.22,25.63,275.85,Card,1,86.0,3,Saturday,January,2024-01-27,False,22.42,10.24
760,2024-01-28 15:31:00,2024-01-28 16:43:00,120,197,1,1.11,85.48,7.15,92.63,Card,2,72.0,15,Sunday,January,2024-01-28,False,77.01,8.36
761,2024-01-14 18:56:00,2024-01-14 19:22:00,189,189,2,8.52,211.46,35.81,247.27,Card,1,26.0,18,Sunday,January,2024-01-14,False,24.82,16.93
762,2024-01-16 03:53:00,2024-01-16 05:03:00,46,158,3,13.64,289.89,57.25,347.14,Card,2,70.0,3,Tuesday,January,2024-01-16,False,21.25,19.75
763,2024-01-14 20:43:00,2024-01-14 21:31:00,243,25,1,8.78,219.83,11.83,231.66,Card,1,48.0,20,Sunday,January,2024-01-14,False,25.04,5.38
764,2024-01-26 15:32:00,2024-01-26 15:42:00,50,71,1,3.66,112.1,17.21,129.31,Card,1,10.0,15,Friday,January,2024-01-26,False,30.63,15.35
765,2024-01-19 20:49:00,2024-01-19 21:35:00,11,223,1,11.63,262.33,23.5,285.83,Cash,1,46.0,20,Friday,January,2024-01-19,False,22.56,8.96
766,2024-01-06 12:21:00,2024-01-06 12:50:00,48,160,1,7.08,186.84,11.2,198.04,Card,2,29.0,12,Saturday,January,2024-01-06,False,26.39,5.99
767,2024-01-10 23:48:00,2024-01-11 00:49:00,56,75,1,22.82,458.92,23.93,482.85,Card,1,61.0,23,Wednesday,January,2024-01-10,False,20.11,5.21
768,2024-01-04 20:49:00,2024-01-04 22:18:00,8,138,2,3.44,113.44,20.66,134.1,Card,2,89.0,20,Thursday,January,2024-01-04,False,32.98,18.21
769,2024-01-03 23:40:00,2024-01-04 00:39:00,14,41,1,2.18,101.26,10.43,111.69,Card,2,59.0,23,Wednesday,January,2024-01-03,False,46.45,10.3
770,2024-01-28 02:37:00,2024-01-28 02:57:00,215,16,2,1.13,88.48,17.62,106.1,Card,2,20.0,2,Sunday,January,2024-01-28,False,78.3,19.91
771,2024-01-26 09:46:00,2024-01-26 10:04:00,245,189,3,8.87,215.54,25.08,240.62,Card,1,18.0,9,Friday,January,2024-01-26,False,24.3,11.64
772,2024-01-09 08:15:00,2024-01-09 08:58:00,54,28,2,16.85,343.6,26.85,370.45,Card,1,43.0,8,Tuesday,January,2024-01-09,False,20.39,7.81
773,2024-01-05 08:14:00,2024-01-05 08:46:00,131,163,1,18.53,383.69,63.91,447.6,Card,1,32.0,8,Friday,January,2024-01-05,False,20.71,16.66
774,2024-01-12 21:44:00,2024-01-12 22:39:00,9,55,2,11.88,265.8,50.23,316.03,Card,1,55.0,21,Friday,January,2024-01-12,False,22.37,18.9
775,2024-01-17 19:34:00,2024-01-17 20:27:00,212,102,1,17.42,363.74,62.69,426.43,Cash,1,53.0,19,Wednesday,January,2024-01-17,False,20.88,17.23
776,2024-01-28 20:38:00,2024-01-28 20:51:00,122,42,1,9.64,226.61,36.66,263.27,Card,2,13.0,20,Sunday,January,2024-01-28,False,23.51,16.18
777,2024-01-11 13:03:00,2024-01-11 14:05:00,114,263,1,17.03,365.52,36.63,402.15,Card,1,62.0,13,Thursday,January,2024-01-11,False,21.46,10.02
778,2024-01-05 07:58:00,2024-01-05 08:47:00,20,171,4,1.97,79.09,4.72,83.81,Cash,1,49.0,7,Friday,January,2024-01-05,False,40.15,5.97
779,2024-01-05 05:30:00,2024-01-05 05:56:00,21,208,2,10.38,235.02,18.85,253.87,Card,1,26.0,5,Friday,January,2024-01-05,False,22.64,8.02
780,2024-01-09 01:57:00,2024-01-09 02:33:00,208,49,1,19.98,414.87,48.55,463.42,Card,2,36.0,1,Tuesday,January,2024-01-09,False,20.76,11.7
781,2024-01-16 13:35:00,2024-01-16 14:48:00,33,60,1,20.27,414.33,80.14,494.47,Card,1,73.0,13,Tuesday,January,2024-01-16,False,20.44,19.34
782,2024-01-17 17:11:00,2024-01-17 18:24:00,133,6,1,18.19,397.15,62.92,460.07,Card,1,73.0,17,Wednesday,January,2024-01-17,False,21.83,15.84
783,2024-01-30 15:19:00,2024-01-30 16:05:00,191,148,5,5.9,159.14,27.73,186.87,Card,1,46.0,15,Tuesday,January,2024-01-30,False,26.97,17.42
784,2024-01-29 15:20:00,2024-01-29 16:17:00,26,211,5,6.93,190.83,17.48,208.31,Card,1,57.0,15,Monday,January,2024-01-29,False,27.54,9.16
785,2024-01-13 16:31:00,2024-01-13 17:34:00,89,150,1,24.91,515.28,78.62,593.9,Card,2,63.0,16,Saturday,January,2024-01-13,False,20.69,15.26
786,2024-01-26 00:34:00,2024-01-26 01:52:00,92,85,1,3.48,127.72,22.91,150.63,Cash,2,78.0,0,Friday,January,2024-01-26,False,36.7,17.94
787,2024-01-24 05:14:00,2024-01-24 05:57:00,33,160,2,5.34,137.53,16.77,154.3,Card,1,43.0,5,Wednesday,January,2024-01-24,False,25.75,12.19
788,2024-01-03 21:48:00,2024-01-03 22:07:00,238,47,1,4.12,142.59,16.32,158.91,Card,2,19.0,21,Wednesday,January,2024-01-03,False,34.61,11.45
789,2024-01-08 01:21:00,2024-01-08 02:36:00,18,162,1,8.86,203.34,32.11,235.45,Card,2,75.0,1,Monday,January,2024-01-08,False,22.95,15.79
790,2024-01-20 22:52:00,2024-01-20 23:25:00,27,155,2,6.04,149.75,20.06,169.81,Card,2,33.0,22,Saturday,January,2024-01-20,False,24.79,13.4
791,2024-01-08 20:34:00,2024-01-08 20:41:00,108,230,1,12.94,285.35,56.78,342.13,Card,1,7.0,20,Monday,January,2024-01-08,False,22.05,19.9
792,2024-01-17 15:14:00,2024-01-17 16:41:00,226,158,2,12.42,269.4,30.65,300.05,Cash,2,87.0,15,Wednesday,January,2024-01-17,False,21.69,11.38
793,2024-01-15 22:28:00,2024-01-15 22:42:00,19,161,1,22.64,453.05,34.61,487.66,Card,1,14.0,22,Monday,January,2024-01-15,False,20.01,7.64
794,2024-01-16 06:09:00,2024-01-16 06:42:00,223,247,2,1.83,81.57,9.85,91.42,Cash,1,33.0,6,Tuesday,January,2024-01-16,False,44.57,12.08
795,2024-01-27 01:45:00,2024-01-27 03:08:00,104,56,2,8.68,203.69,17.37,221.06,Card,2,83.0,1,Saturday,January,2024-01-27,False,23.47,8.53
796,2024-01-26 11:08:00,2024-01-26 11:47:00,37,151,1,15.32,336.3,45.13,381.43,Card,2,39.0,11,Friday,January,2024-01-26,False,21.95,13.42
797,2024-01-17 00:21:00,2024-01-17 00:31:00,244,54,2,15.52,324.96,22.38,347.34,Card,2,10.0,0,Wednesday,January,2024-01-17,False,20.94,6.89
798,2024-01-10 12:36:00,2024-01-10 12:52:00,43,223,1,12.52,281.65,54.22,335.87,Card,1,16.0,12,Wednesday,January,2024-01-10,False,22.5,19.25
799,2024-01-28 14:29:00,2024-01-28 15:11:00,126,254,1,20.58,440.03,78.75,518.78,Card,2,42.0,14,Sunday,January,2024-01-28,False,21.38,17.9
800,2024-01-28 04:24:00,2024-01-28 05:45:00,9,68,1,2.51,98.15,7.2,105.35,Card,1,81.0,4,Sunday,January,2024-01-28,False,39.1,7.34
801,2024-01-12 17:47:00,2024-01-12 18:10:00,14,53,1,20.57,429.52,32.58,462.1,Card,2,23.0,17,Friday,January,2024-01-12,False,20.88,7.59
802,2024-01-14 00:57:00,2024-01-14 02:08:00,131,245,1,12.87,300.74,38.15,338.89,Card,2,71.0,0,Sunday,January,2024-01-14,False,23.37,12.69
803,2024-01-20 05:33:00,2024-01-20 05:45:00,184,40,2,4.21,119.91,19.9,139.81,Card,2,12.0,5,Saturday,January,2024-01-20,False,28.48,16.6
804,2024-01-30 19:28:00,2024-01-30 19:40:00,53,138,1,22.26,453.24,37.56,490.8,Card,1,12.0,19,Tuesday,January,2024-01-30,False,20.36,8.29
805,2024-01-19 06:49:00,2024-01-19 08:17:00,41,138,1,16.58,363.95,21.53,385.48,Card,2,88.0,6,Friday,January,2024-01-19,False,21.95,5.92
806,2024-01-12 07:22:00,2024-01-12 08:13:00,21,210,3,4.93,156.71,20.66,177.37,Card,1,51.0,7,Friday,January,2024-01-12,False,31.79,13.18
807,2024-01-17 09:44:00,2024-01-17 09:52:00,208,172,2,1.81,90.62,13.93,104.55,Card,2,8.0,9,Wednesday,January,2024-01-17,False,50.07,15.37
808,2024-01-17 04:41:00,2024-01-17 05:36:00,151,185,1,4.39,123.32,10.69,134.01,Cash,1,55.0,4,Wednesday,January,2024-01-17,False,28.09,8.67
809,2024-01-08 06:48:00,2024-01-08 08:17:00,69,240,1,15.61,348.02,56.02,404.04,Card,2,89.0,6,Monday,January,2024-01-08,False,22.29,16.1
810,2024-01-16 16:14:00,2024-01-16 17:25:00,27,211,1,5.3,140.63,27.08,167.71,Cash,2,71.0,16,Tuesday,January,2024-01-16,False,26.53,19.26
811,2024-01-04 15:20:00,2024-01-04 16:09:00,116,151,1,6.42,166.15,11.72,177.87,Cash,2,49.0,15,Thursday,January,2024-01-04,False,25.88,7.05
812,2024-01-08 06:38:00,2024-01-08 06:50:00,142,124,3,1.6,80.07,10.14,90.21,Card,2,12.0,6,Monday,January,2024-01-08,False,50.04,12.66
813,2024-01-14 09:02:00,2024-01-14 09:22:00,41,49,1,18.35,383.72,22.46,406.18,Card,2,20.0,9,Sunday,January,2024-01-14,False,20.91,5.85
814,2024-01-04 01:52:00,2024-01-04 03:13:00,106,124,2,20.45,431.8,34.98,466.78,Cash,2,81.0,1,Thursday,January,2024-01-04,False,21.11,8.1
815,2024-01-21 15:21:00,2024-01-21 16:32:00,74,68,5,20.12,426.22,27.05,453.27,Cash,1,71.0,15,Sunday,January,2024-01-21,False,21.18,6.35
816,2024-01-10 10:08:00,2024-01-10 10:21:00,60,231,2,4.06,134.67,14.89,149.56,Card,2,13.0,10,Wednesday,January,2024-01-10,False,33.17,11.06
817,2024-01-10 20:18:00,2024-01-10 21:22:00,122,9,1,22.68,448.9,77.72,526.62,Cash,2,64.0,20,Wednesday,January,2024-01-10,False,19.79,17.31
818,2024-01-16 09:55:00,2024-01-16 11:17:00,203,125,2,17.13,365.29,49.89,415.18,Cash,1,82.0,9,Tuesday,January,2024-01-16,False,21.32,13.66
819,2024-01-01 05:02:00,2024-01-01 06:23:00,11,112,3,22.54,468.14,39.04,507.18,Card,1,81.0,5,Monday,January,2024-01-01,False,20.77,8.34
820,2024-01-12 19:42:00,2024-01-12 20:57:00,147,54,2,11.73,264.48,14.82,279.3,Cash,2,75.0,19,Friday,January,2024-01-12,False,22.55,5.6
821,2024-01-01 00:55:00,2024-01-01 01:14:00,216,89,3,11.49,275.17,36.6,311.77,Card,1,19.0,0,Monday,January,2024-01-01,False,23.95,13.3
822,2024-01-07 01:17:00,2024-01-07 02:32:00,14,95,1,19.83,421.65,29.48,451.13,Card,1,75.0,1,Sunday,January,2024-01-07,False,21.26,6.99
823,2024-01-20 22:19:00,2024-01-20 23:04:00,67,250,3,3.24,117.46,11.91,129.37,Card,2,45.0,22,Saturday,January,2024-01-20,False,36.25,10.14
824,2024-01-06 15:50:00,2024-01-06 16:16:00,180,166,5,13.5,284.87,36.04,320.91,Card,1,26.0,15,Saturday,January,2024-01-06,False,21.1,12.65
825,2024-01-02 11:25:00,2024-01-02 11:53:00,242,227,1,21.07,438.83,81.43,520.26,Card,2,28.0,11,Tuesday,January,2024-01-02,False,20.83,18.56
826,2024-01-12 15:08:00,2024-01-12 15:56:00,160,136,2,20.92,443.91,27.64,471.55,Card,1,48.0,15,Friday,January,2024-01-12,False,21.22,6.23
827,2024-01-28 11:37:00,2024-01-28 11:42:00,10,65,2,23.95,482.48,72.51,554.99,Card,1,5.0,11,Sunday,January,2024-01-28,False,20.15,15.03
828,2024-01-04 05:01:00,2024-01-04 05:15:00,124,5,2,17.76,384.82,20.05,404.87,Cash,1,14.0,5,Thursday,January,2024-01-04,False,21.67,5.21
829,2024-01-11 10:34:00,2024-01-11 11:58:00,241,120,3,5.99,157.21,22.71,179.92,Card,2,84.0,10,Thursday,January,2024-01-11,False,26.25,14.45
830,2024-01-04 13:26:00,2024-01-04 14:42:00,143,219,1,1.49,83.92,11.14,95.06,Card,2,76.0,13,Thursday,January,2024-01-04,False,56.32,13.27
831,2024-01-04 13:22:00,2024-01-04 14:22:00,167,43,2,12.51,284.63,48.89,333.52,Card,2,60.0,13,Thursday,January,2024-01-04,False,22.75,17.18
832,2024-01-13 12:30:00,2024-01-13 13:24:00,57,188,2,13.33,300.28,38.96,339.24,Card,2,54.0,12,Saturday,January,2024-01-13,False,22.53,12.97
833,2024-01-13 00:22:00,2024-01-13 00:38:00,138,26,2,6.77,188.34,19.38,207.72,Cash,2,16.0,0,Saturday,January,2024-01-13,False,27.82,10.29
834,2024-01-14 07:41:00,2024-01-14 09:06:00,17,162,2,3.99,118.86,10.27,129.13,Card,2,85.0,7,Sunday,January,2024-01-14,False,29.79,8.64
835,2024-01-27 19:58:00,2024-01-27 21:02:00,3,233,1,15.07,319.13,20.04,339.17,Card,1,64.0,19,Saturday,January,2024-01-27,False,21.18,6.28
836,2024-01-02 01:31:00,2024-01-02 02:01:00,243,130,1,19.34,409.24,53.28,462.52,Card,1,30.0,1,Tuesday,January,2024-01-02,False,21.16,13.02
837,2024-01-29 10:20:00,2024-01-29 11:42:00,108,21,3,24.84,492.44,90.24,582.68,Card,2,82.0,10,Monday,January,2024-01-29,False,19.82,18.33
838,2024-01-29 02:01:00,2024-01-29 02:46:00,51,128,4,19.2,399.53,50.82,450.35,Card,1,45.0,2,Monday,January,2024-01-29,False,20.81,12.72
839,2024-01-17 04:53:00,2024-01-17 05:33:00,174,76,1,20.05,401.5,64.59,466.09,Card,2,40.0,4,Wednesday,January,2024-01-17,False,20.02,16.09
840,2024-01-28 12:50:00,2024-01-28 13:17:00,116,73,2,15.8,328.63,31.14,359.77,Card,2,27.0,12,Sunday,January,2024-01-28,False,20.8,9.48
841,2024-01-25 01:54:00,2024-01-25 02:41:00,183,233,3,24.66,504.25,59.11,563.36,Card,1,47.0,1,Thursday,January,2024-01-25,False,20.45,11.72
842,2024-01-25 21:34:00,2024-01-25 21:44:00,154,106,2,16.36,356.9,35.22,392.12,Card,1,10.0,21,Thursday,January,2024-01-25,False,21.82,9.87
843,2024-01-06 15:52:00,2024-01-06 17:05:00,247,9,2,21.65,433.16,28.76,461.92,Card,2,73.0,15,Saturday,January,2024-01-06,False,20.01,6.64
844,2024-01-27 17:58:00,2024-01-27 18:45:00,76,119,1,23.7,473.43,53.28,526.71,Card,2,47.0,17,Saturday,January,2024-01-27,False,19.98,11.25
845,2024-01-08 03:07:00,2024-01-08 03:36:00,244,50,2,23.32,462.73,76.19,538.92,Cash,1,29.0,3,Monday,January,2024-01-08,False,19.84,16.47
846,2024-01-18 13:29:00,2024-01-18 13:51:00,81,10,2,10.15,235.7,25.75,261.45,Card,1,22.0,13,Thursday,January,2024-01-18,False,23.22,10.92
847,2024-01-01 17:42:00,2024-01-01 18:48:00,229,113,2,2.89,95.8,14.13,109.93,Card,1,66.0,17,Monday,January,2024-01-01,False,33.15,14.75
848,2024-01-21 18:46:00,2024-01-21 19:03:00,72,78,2,5.12,145.28,23.8,169.08,Cash,2,17.0,18,Sunday,January,2024-01-21,False,28.38,16.38
849,2024-01-05 07:49:00,2024-01-05 08:36:00,218,36,1,2.42,105.52,10.38,115.9,Cash,2,47.0,7,Friday,January,2024-01-05,False,43.6,9.84
850,2024-01-04 05:12:00,2024-01-04 06:34:00,243,202,6,3.53,124.04,21.04,145.08,Card,2,82.0,5,Thursday,January,2024-01-04,False,35.14,16.96
851,2024-01-28 02:56:00,2024-01-28 03:28:00,78,118,2,5.43,146.15,14.74,160.89,Card,2,32.0,2,Sunday,January,2024-01-28,False,26.92,10.09
852,2024-01-03 11:56:00,2024-01-03 12:18:00,158,190,2,9.19,225.63,19.95,245.58,Card,2,22.0,11,Wednesday,January,2024-01-03,False,24.55,8.84
853,2024-01-05 06:48:00,2024-01-05 07:51:00,48,242,4,14.04,320.55,26.72,347.27,Cash,1,63.0,6,Friday,January,2024-01-05,False,22.83,8.34
854,2024-01-30 13:23:00,2024-01-30 14:27:00,24,169,4,18.08,375.87,30.06,405.93,Card,2,64.0,13,Tuesday,January,2024-01-30,False,20.79,8.0
855,2024-01-06 06:01:00,2024-01-06 07:08:00,110,230,3,6.06,158.95,25.52,184.47,Cash,2,67.0,6,Saturday,January,2024-01-06,False,26.23,16.06
856,2024-01-06 17:38:00,2024-01-06 18:39:00,52,48,2,17.14,365.66,66.96,432.62,Card,2,61.0,17,Saturday,January,2024-01-06,False,21.33,18.31
857,2024-01-12 12:56:00,2024-01-12 13:51:00,259,150,1,17.9,369.57,31.26,400.83,Card,1,55.0,12,Friday,January,2024-01-12,False,20.65,8.46
858,2024-01-19 13:34:00,2024-01-19 14:34:00,139,208,1,14.41,318.93,20.02,338.95,Cash,2,60.0,13,Friday,January,2024-01-19,False,22.13,6.28
859,2024-01-05 10:11:00,2024-01-05 10:42:00,44,61,1,22.69,473.39,45.95,519.34,Cash,1,31.0,10,Friday,January,2024-01-05,False,20.86,9.71
860,2024-01-19 02:29:00,2024-01-19 03:05:00,259,117,1,3.66,119.66,17.79,137.45,Card,2,36.0,2,Friday,January,2024-01-19,False,32.69,14.87
861,2024-01-10 23:29:00,2024-01-10 23:42:00,113,239,2,5.25,154.89,16.31,171.2,Cash,2,13.0,23,Wednesday,January,2024-01-10,False,29.5,10.53
862,2024-01-09 23:10:00,2024-01-10 00:38:00,227,48,1,11.29,262.78,34.79,297.57,Card,1,88.0,23,Tuesday,January,2024-01-09,False,23.28,13.24
863,2024-01-06 12:23:00,2024-01-06 13:35:00,65,245,4,4.04,113.88,18.41,132.29,Card,1,72.0,12,Saturday,January,2024-01-06,False,28.19,16.17
864,2024-01-09 11:19:00,2024-01-09 12:09:00,163,5,2,14.59,308.12,34.29,342.41,Card,2,50.0,11,Tuesday,January,2024-01-09,False,21.12,11.13
865,2024-01-11 22:08:00,2024-01-11 23:19:00,164,100,1,10.56,256.89,51.37,308.26,Card,1,71.0,22,Thursday,January,2024-01-11,False,24.33,20.0
866,2024-01-17 03:55:00,2024-01-17 04:25:00,166,205,1,7.83,209.11,19.8,228.91,Card,1,30.0,3,Wednesday,January,2024-01-17,False,26.71,9.47
867,2024-01-05 16:18:00,2024-01-05 16:30:00,39,180,1,5.08,154.85,30.46,185.31,Card,1,12.0,16,Friday,January,2024-01-05,False,30.48,19.67
868,2024-01-12 01:13:00,2024-01-12 01:23:00,153,17,3,9.05,230.54,18.55,249.09,Card,2,10.0,1,Friday,January,2024-01-12,False,25.47,8.05
869,2024-01-25 11:20:00,2024-01-25 12:44:00,75,90,1,15.59,329.8,21.98,351.78,Card,2,84.0,11,Thursday,January,2024-01-25,False,21.15,6.66
870,2024-01-14 06:43:00,2024-01-14 07:11:00,257,108,2,14.82,314.19,51.1,365.29,Card,2,28.0,6,Sunday,January,2024-01-14,False,21.2,16.26
871,2024-01-24 23:29:00,2024-01-25 00:21:00,200,190,2,4.93,140.27,21.79,162.06,Cash,2,52.0,23,Wednesday,January,2024-01-24,False,28.45,15.53
872,2024-01-08 01:27:00,2024-01-08 02:16:00,98,180,2,4.0,113.66,19.51,133.17,Card,1,49.0,1,Monday,January,2024-01-08,False,28.42,17.17
873,2024-01-08 07:54:00,2024-01-08 08:11:00,104,249,1,1.64,93.82,9.53,103.35,Card,2,17.0,7,Monday,January,2024-01-08,False,57.21,10.16
874,2024-01-12 23:40:00,2024-01-13 00:53:00,164,251,1,1.3,92.93,17.62,110.55,Card,1,73.0,23,Friday,January,2024-01-12,False,71.48,18.96
875,2024-01-03 15:32:00,2024-01-03 16:01:00,113,20,1,22.12,462.88,31.44,494.32,Card,2,29.0,15,Wednesday,January,2024-01-03,False,20.93,6.79
876,2024-01-20 11:04:00,2024-01-20 11:28:00,103,97,1,2.08,94.09,5.13,99.22,Card,2,24.0,11,Saturday,January,2024-01-20,False,45.24,5.45
877,2024-01-19 22:45:00,2024-01-20 00:11:00,37,222,2,18.55,382.76,36.39,419.15,Card,1,86.0,22,Friday,January,2024-01-19,False,20.63,9.51
878,2024-01-19 16:20:00,2024-01-19 17:46:00,106,144,1,21.93,440.67,74.74,515.41,Card,2,86.0,16,Friday,January,2024-01-19,False,20.09,16.96
879,2024-01-02 02:45:00,2024-01-02 03:55:00,187,7,1,3.35,111.22,16.79,128.01,Cash,2,70.0,2,Tuesday,January,2024-01-02,False,33.2,15.1
880,2024-01-04 21:42:00,2024-01-04 23:00:00,21,1,1,11.47,266.47,30.76,297.23,Cash,2,78.0,21,Thursday,January,2024-01-04,False,23.23,11.54
881,2024-01-05 16:47:00,2024-01-05 17:36:00,148,58,2,24.1,487.21,43.09,530.3,Card,1,49.0,16,Friday,January,2024-01-05,False,20.22,8.84
882,2024-01-19 20:19:00,2024-01-19 21:10:00,129,90,1,21.02,446.38,26.29,472.67,Card,2,51.0,20,Friday,January,2024-01-19,False,21.24,5.89
883,2024-01-09 01:33:00,2024-01-09 02:40:00,187,75,1,12.75,295.13,29.7,324.83,Card,1,67.0,1,Tuesday,January,2024-01-09,False,23.15,10.06
884,2024-01-08 08:29:00,2024-01-08 09:49:00,199,261,2,19.3,390.47,46.47,436.94,Card,1,80.0,8,Monday,January,2024-01-08,False,20.23,11.9
885,2024-01-10 15:58:00,2024-01-10 17:19:00,235,243,1,21.0,421.95,64.58,486.53,Card,2,81.0,15,Wednesday,January,2024-01-10,False,20.09,15.31
886,2024-01-14 23:19:00,2024-01-15 00:18:00,108,119,1,9.35,228.59,33.58,262.17,Card,2,59.0,23,Sunday,January,2024-01-14,False,24.45,14.69
887,2024-01-20 01:26:00,2024-01-20 02:45:00,9,47,1,22.41,450.3,86.5,536.8,Card,2,79.0,1,Saturday,January,2024-01-20,False,20.09,19.21
888,2024-01-10 01:26:00,2024-01-10 01:49:00,226,168,4,12.29,284.95,18.54,303.49,Card,2,23.0,1,Wednesday,January,2024-01-10,False,23.19,6.51
889,2024-01-18 05:38:00,2024-01-18 06:17:00,209,27,1,13.67,303.8,30.52,334.32,Card,1,39.0,5,Thursday,January,2024-01-18,False,22.22,10.05
890,2024-01-25 13:18:00,2024-01-25 14:15:00,245,1,1,24.99,496.71,60.72,557.43,Card,1,57.0,13,Thursday,January,2024-01-25,False,19.88,12.22
891,2024-01-04 00:04:00,2024-01-04 00:34:00,66,174,5,21.24,436.68,65.77,502.45,Cash,2,30.0,0,Thursday,January,2024-01-04,False,20.56,15.06
892,2024-01-08 11:47:00,2024-01-08 12:05:00,153,167,1,9.68,226.42,28.15,254.57,Card,2,18.0,11,Monday,January,2024-01-08,False,23.39,12.43
893,2024-01-07 07:51:00,2024-01-07 08:40:00,191,18,2,1.25,88.69,16.58,105.27,Card,2,49.0,7,Sunday,January,2024-01-07,False,70.95,18.69
894,2024-01-27 11:10:00,2024-01-27 11:58:00,218,91,1,16.03,329.5,46.56,376.06,Cash,1,48.0,11,Saturday,January,2024-01-27,False,20.56,14.13
895,2024-01-12 09:09:00,2024-01-12 10:18:00,154,202,1,17.89,388.9,21.76,410.66,Cash,2,69.0,9,Friday,January,2024-01-12,False,21.74,5.6
896,2024-01-29 18:27:00,2024-01-29 19:22:00,82,21,2,16.62,358.72,24.05,382.77,Card,2,55.0,18,Monday,January,2024-01-29,False,21.58,6.7
897,2024-01-10 18:03:00,2024-01-10 18:50:00,221,156,4,24.23,498.27,81.23,579.5,Card,2,47.0,18,Wednesday,January,2024-01-10,False,20.56,16.3
898,2024-01-20 23:06:00,2024-01-21 00:36:00,111,14,1,21.71,430.86,67.8,498.66,Card,1,90.0,23,Saturday,January,2024-01-20,False,19.85,15.74
899,2024-01-16 12:30:00,2024-01-16 12:57:00,92,20,2,11.77,270.71,19.77,290.48,Card,1,27.0,12,Tuesday,January,2024-01-16,False,23.0,7.3
900,2024-01-29 21:25:00,2024-01-29 22:25:00,12,244,2,2.51,102.83,6.05,108.88,Card,2,60.0,21,Monday,January,2024-01-29,False,40.97,5.88
901,2024-01-01 01:57:00,2024-01-01 02:20:00,139,173,1,12.43,279.86,38.29,318.15,Cash,1,23.0,1,Monday,January,2024-01-01,False,22.51,13.68
902,2024-01-14 03:35:00,2024-01-14 05:01:00,155,122,2,17.54,379.3,55.14,434.44,Card,2,86.0,3,Sunday,January,2024-01-14,False,21.62,14.54
903,2024-01-10 04:34:00,2024-01-10 05:54:00,23,184,1,15.59,337.3,23.71,361.01,Card,2,80.0,4,Wednesday,January,2024-01-10,False,21.64,7.03
904,2024-01-27 14:48:00,2024-01-27 15:47:00,220,68,1,13.92,316.27,38.28,354.55,Card,1,59.0,14,Saturday,January,2024-01-27,False,22.72,12.1
905,2024-01-01 14:06:00,2024-01-01 15:10:00,237,159,1,12.25,267.48,25.64,293.12,Card,2,64.0,14,Monday,January,2024-01-01,False,21.84,9.59
906,2024-01-08 14:34:00,2024-01-08 15:37:00,253,49,3,8.05,209.08,39.66,248.74,Card,1,63.0,14,Monday,January,2024-01-08,False,25.97,18.97
907,2024-01-10 12:23:00,2024-01-10 13:00:00,183,181,1,7.66,183.26,15.19,198.45,Card,1,37.0,12,Wednesday,January,2024-01-10,False,23.92,8.29
908,2024-01-16 18:20:00,2024-01-16 18:43:00,198,141,2,13.01,298.57,47.77,346.34,Card,2,23.0,18,Tuesday,January,2024-01-16,False,22.95,16.0
909,2024-01-23 06:03:00,2024-01-23 06:35:00,170,18,1,4.85,155.51,19.86,175.37,Card,2,32.0,6,Tuesday,January,2024-01-23,False,32.06,12.77
910,2024-01-05 11:49:00,2024-01-05 12:45:00,123,140,1,9.18,215.31,11.14,226.45,Card,2,56.0,11,Friday,January,2024-01-05,False,23.45,5.17
911,2024-01-21 21:45:00,2024-01-21 22:38:00,34,72,2,8.78,213.94,27.29,241.23,Card,2,53.0,21,Sunday,January,2024-01-21,False,24.37,12.76
912,2024-01-30 05:41:00,2024-01-30 06:22:00,3,242,2,15.09,331.37,21.51,352.88,Card,2,41.0,5,Tuesday,January,2024-01-30,False,21.96,6.49
913,2024-01-19 07:46:00,2024-01-19 08:16:00,6,261,1,2.6,89.18,13.28,102.46,Card,1,30.0,7,Friday,January,2024-01-19,False,34.3,14.89
914,2024-01-26 16:16:00,2024-01-26 17:00:00,102,263,1,20.91,431.2,58.14,489.34,Card,1,44.0,16,Friday,January,2024-01-26,False,20.62,13.48
915,2024-01-28 02:51:00,2024-01-28 04:15:00,192,143,4,14.5,311.82,16.08,327.9,Cash,1,84.0,2,Sunday,January,2024-01-28,False,21.5,5.16
916,2024-01-02 10:08:00,2024-01-02 10:50:00,13,195,1,17.1,373.97,30.18,404.15,Card,1,42.0,10,Tuesday,January,2024-01-02,False,21.87,8.07
917,2024-01-28 02:01:00,2024-01-28 03:22:00,36,146,2,17.87,387.96,64.57,452.53,Cash,1,81.0,2,Sunday,January,2024-01-28,False,21.71,16.64
918,2024-01-09 23:41:00,2024-01-10 00:39:00,70,26,2,8.0,205.02,18.73,223.75,Card,2,58.0,23,Tuesday,January,2024-01-09,False,25.63,9.14
919,2024-01-30 12:53:00,2024-01-30 13:19:00,105,59,2,12.29,280.89,35.08,315.97,Card,1,26.0,12,Tuesday,January,2024-01-30,False,22.86,12.49
920,2024-01-02 06:28:00,2024-01-02 06:48:00,204,52,4,23.95,493.11,47.73,540.84,Card,2,20.0,6,Tuesday,January,2024-01-02,False,20.59,9.68
921,2024-01-02 07:57:00,2024-01-02 08:29:00,55,149,2,19.4,400.18,75.33,475.51,Cash,2,32.0,7,Tuesday,January,2024-01-02,False,20.63,18.82
922,2024-01-15 07:38:00,2024-01-15 08:17:00,107,107,1,24.27,489.0,63.81,552.81,Cash,1,39.0,7,Monday,January,2024-01-15,False,20.15,13.05
923,2024-01-23 09:34:00,2024-01-23 10:38:00,141,59,1,18.91,396.99,61.31,458.3,Cash,1,64.0,9,Tuesday,January,2024-01-23,False,20.99,15.44
924,2024-01-28 14:36:00,2024-01-28 15:25:00,225,258,1,5.21,161.92,10.12,172.04,Card,1,49.0,14,Sunday,January,2024-01-28,False,31.08,6.25
925,2024-01-14 23:28:00,2024-01-15 00:18:00,36,19,1,2.55,107.62,6.03,113.65,Cash,2,50.0,23,Sunday,January,2024-01-14,False,42.2,5.6
926,2024-01-01 00:09:00,2024-01-01 01:25:00,133,166,4,14.86,324.01,28.8,352.81,Cash,2,76.0,0,Monday,January,2024-01-01,False,21.8,8.89
927,2024-01-12 13:24:00,2024-01-12 14:23:00,25,25,1,9.59,235.73,22.72,258.45,Card,2,59.0,13,Friday,January,2024-01-12,False,24.58,9.64
928,2024-01-16 13:42:00,2024-01-16 15:12:00,37,4,2,7.61,188.11,28.81,216.92,Card,1,90.0,13,Tuesday,January,2024-01-16,False,24.72,15.32
929,2024-01-07 20:25:00,2024-01-07 21:54:00,19,3,2,20.37,428.57,58.02,486.59,Card,2,89.0,20,Sunday,January,2024-01-07,False,21.04,13.54
930,2024-01-02 12:59:00,2024-01-02 13:29:00,35,27,3,9.81,228.9,24.31,253.21,Card,2,30.0,12,Tuesday,January,2024-01-02,False,23.33,10.62
931,2024-01-28 15:29:00,2024-01-28 16:58:00,6,219,2,8.61,203.37,30.12,233.49,Card,1,89.0,15,Sunday,January,2024-01-28,False,23.62,14.81
932,2024-01-04 16:07:00,2024-01-04 16:36:00,199,44,2,21.4,443.49,33.06,476.55,Cash,2,29.0,16,Thursday,January,2024-01-04,False,20.72,7.45
933,2024-01-24 21:07:00,2024-01-24 22:16:00,34,212,1,21.31,444.19,26.44,470.63,Cash,2,69.0,21,Wednesday,January,2024-01-24,False,20.84,5.95
934,2024-01-06 21:52:00,2024-01-06 22:02:00,56,52,2,9.55,225.68,40.21,265.89,Cash,1,10.0,21,Saturday,January,2024-01-06,False,23.63,17.82
935,2024-01-01 22:22:00,2024-01-01 22:49:00,256,153,1,20.98,434.61,58.49,493.1,Card,2,27.0,22,Monday,January,2024-01-01,False,20.72,13.46
936,2024-01-14 08:16:00,2024-01-14 09:24:00,211,202,4,21.42,446.38,65.78,512.16,Card,1,68.0,8,Sunday,January,2024-01-14,False,20.84,14.74
937,2024-01-20 02:54:00,2024-01-20 03:41:00,97,11,1,11.17,264.09,25.38,289.47,Card,1,47.0,2,Saturday,January,2024-01-20,False,23.64,9.61
938,2024-01-10 21:11:00,2024-01-10 21:38:00,241,68,1,2.6,113.67,12.03,125.7,Card,2,27.0,21,Wednesday,January,2024-01-10,False,43.72,10.58
939,2024-01-23 10:13:00,2024-01-23 10:47:00,170,227,1,1.04,69.36,4.32,73.68,Card,2,34.0,10,Tuesday,January,2024-01-23,False,66.69,6.23
940,2024-01-19 11:34:00,2024-01-19 12:55:00,227,121,2,13.56,312.62,55.82,368.44,Card,1,81.0,11,Friday,January,2024-01-19,False,23.05,17.86
941,2024-01-26 04:18:00,2024-01-26 04:40:00,127,15,2,9.26,225.8,31.36,257.16,Card,2,22.0,4,Friday,January,2024-01-26,False,24.38,13.89
942,2024-01-20 14:53:00,2024-01-20 16:16:00,21,57,1,24.93,512.37,32.05,544.42,Card,2,83.0,14,Saturday,January,2024-01-20,False,20.55,6.26
943,2024-01-30 05:18:00,2024-01-30 05:43:00,246,64,1,19.54,412.71,70.44,483.15,Card,1,25.0,5,Tuesday,January,2024-01-30,False,21.12,17.07
944,2024-01-29 07:12:00,2024-01-29 08:13:00,90,230,1,19.27,393.03,45.83,438.86,Cash,1,61.0,7,Monday,January,2024-01-29,False,20.4,11.66
945,2024-01-13 11:48:00,2024-01-13 12:15:00,6,11,1,23.93,472.88,77.91,550.79,Card,1,27.0,11,Saturday,January,2024-01-13,False,19.76,16.48
946,2024-01-22 13:17:00,2024-01-22 14:06:00,97,121,1,22.31,463.37,24.05,487.42,Card,1,49.0,13,Monday,January,2024-01-22,False,20.77,5.19
947,2024-01-09 11:39:00,2024-01-09 12:27:00,150,224,1,8.64,210.85,11.45,222.3,Cash,1,48.0,11,Tuesday,January,2024-01-09,False,24.4,5.43
948,2024-01-01 03:55:00,2024-01-01 05:21:00,80,225,2,4.98,150.71,11.4,162.11,Card,1,86.0,3,Monday,January,2024-01-01,False,30.26,7.56
949,2024-01-30 19:29:00,2024-01-30 20:20:00,17,125,1,18.9,394.51,32.21,426.72,Card,2,51.0,19,Tuesday,January,2024-01-30,False,20.87,8.16
950,2024-01-02 07:48:00,2024-01-02 08:32:00,138,148,4,10.08,230.81,37.99,268.8,Card,2,44.0,7,Tuesday,January,2024-01-02,False,22.9,16.46
951,2024-01-06 22:47:00,2024-01-06 23:42:00,140,228,1,12.36,271.03,42.28,313.31,Card,1,55.0,22,Saturday,January,2024-01-06,False,21.93,15.6
952,2024-01-26 04:58:00,2024-01-26 05:44:00,40,30,2,16.13,352.26,50.17,402.43,Card,1,46.0,4,Friday,January,2024-01-26,False,21.84,14.24
953,2024-01-04 15:36:00,2024-01-04 15:47:00,168,10,2,22.79,458.52,83.78,542.3,Cash,1,11.0,15,Thursday,January,2024-01-04,False,20.12,18.27
954,2024-01-14 04:59:00,2024-01-14 05:53:00,74,54,1,11.06,260.52,22.68,283.2,Card,1,54.0,4,Sunday,January,2024-01-14,False,23.56,8.71
955,2024-01-06 16:02:00,2024-01-06 16:54:00,74,186,1,19.8,407.92,75.73,483.65,Card,1,52.0,16,Saturday,January,2024-01-06,False,20.6,18.56
956,2024-01-04 18:15:00,2024-01-04 19:43:00,50,207,1,7.44,197.05,36.73,233.78,Card,2,88.0,18,Thursday,January,2024-01-04,False,26.49,18.64
957,2024-01-26 02:39:00,2024-01-26 02:49:00,10,255,1,17.75,363.78,41.89,405.67,Card,1,10.0,2,Friday,January,2024-01-26,False,20.49,11.52
958,2024-01-05 03:11:00,2024-01-05 03:24:00,103,157,1,1.04,64.87,4.16,69.03,Card,2,13.0,3,Friday,January,2024-01-05,False,62.38,6.41
959,2024-01-16 04:12:00,2024-01-16 05:13:00,104,129,1,21.92,455.14,72.36,527.5,Card,1,61.0,4,Tuesday,January,2024-01-16,False,20.76,15.9
960,2024-01-06 13:27:00,2024-01-06 14:02:00,142,58,1,1.73,87.95,8.84,96.79,Card,2,35.0,13,Saturday,January,2024-01-06,False,50.84,10.05
961,2024-01-30 01:12:00,2024-01-30 01:37:00,170,195,1,18.11,372.1,62.97,435.07,Card,2,25.0,1,Tuesday,January,2024-01-30,False,20.55,16.92
962,2024-01-22 04:43:00,2024-01-22 05:27:00,13,76,1,2.11,105.06,7.83,112.89,Card,1,44.0,4,Monday,January,2024-01-22,False,49.79,7.45
963,2024-01-17 04:45:00,2024-01-17 05:34:00,157,89,1,7.39,181.3,23.74,205.04,Card,1,49.0,4,Wednesday,January,2024-01-17,False,24.53,13.09
964,2024-01-15 17:24:00,2024-01-15 18:45:00,174,81,1,12.93,285.37,36.02,321.39,Card,1,81.0,17,Monday,January,2024-01-15,False,22.07,12.62
965,2024-01-11 18:44:00,2024-01-11 19:37:00,162,186,2,11.08,245.51,15.97,261.48,Card,2,53.0,18,Thursday,January,2024-01-11,False,22.16,6.5
966,2024-01-14 09:22:00,2024-01-14 09:46:00,132,79,2,5.6,152.44,15.93,168.37,Card,1,24.0,9,Sunday,January,2024-01-14,False,27.22,10.45
967,2024-01-17 14:50:00,2024-01-17 15:11:00,28,145,4,9.01,216.93,13.6,230.53,Card,1,21.0,14,Wednesday,January,2024-01-17,False,24.08,6.27
968,2024-01-01 01:17:00,2024-01-01 01:49:00,83,129,1,18.46,381.14,45.63,426.77,Cash,2,32.0,1,Monday,January,2024-01-01,False,20.65,11.97
969,2024-01-29 00:25:00,2024-01-29 01:10:00,251,14,1,17.06,370.15,65.31,435.46,Card,2,45.0,0,Monday,January,2024-01-29,False,21.7,17.64
970,2024-01-15 07:31:00,2024-01-15 08:41:00,106,119,1,2.72,100.78,9.12,109.9,Cash,1,70.0,7,Monday,January,2024-01-15,False,37.05,9.05
971,2024-01-12 19:04:00,2024-01-12 19:33:00,261,2,1,18.94,402.81,66.35,469.16,Card,1,29.0,19,Friday,January,2024-01-12,False,21.27,16.47
972,2024-01-10 18:20:00,2024-01-10 19:22:00,14,4,2,2.27,87.07,6.75,93.82,Cash,1,62.0,18,Wednesday,January,2024-01-10,False,38.36,7.75
973,2024-01-13 02:49:00,2024-01-13 03:34:00,80,244,1,14.03,303.85,45.9,349.75,Card,1,45.0,2,Saturday,January,2024-01-13,False,21.66,15.11
974,2024-01-13 20:40:00,2024-01-13 20:50:00,160,66,2,7.24,170.56,31.95,202.51,Card,1,10.0,20,Saturday,January,2024-01-13,False,23.56,18.73
975,2024-01-07 14:30:00,2024-01-07 15:49:00,178,246,2,15.1,334.56,32.98,367.54,Cash,1,79.0,14,Sunday,January,2024-01-07,False,22.16,9.86
976,2024-01-21 08:07:00,2024-01-21 08:49:00,155,90,6,7.27,189.64,35.1,224.74,Card,1,42.0,8,Sunday,January,2024-01-21,False,26.09,18.51
977,2024-01-20 13:33:00,2024-01-20 13:43:00,35,178,1,24.64,508.05,63.92,571.97,Cash,2,10.0,13,Saturday,January,2024-01-20,False,20.62,12.58
978,2024-01-28 13:51:00,2024-01-28 14:40:00,259,60,1,8.43,205.41,20.03,225.44,Card,2,49.0,13,Sunday,January,2024-01-28,False,24.37,9.75
979,2024-01-09 07:14:00,2024-01-09 08:33:00,260,232,1,6.81,186.57,34.42,220.99,Card,2,79.0,7,Tuesday,January,2024-01-09,False,27.4,18.45
980,2024-01-06 10:04:00,2024-01-06 10:22:00,135,176,1,7.68,197.67,10.83,208.5,Card,2,18.0,10,Saturday,January,2024-01-06,False,25.74,5.48
981,2024-01-05 13:25:00,2024-01-05 14:35:00,131,167,4,22.52,445.47,24.15,469.62,Card,1,70.0,13,Friday,January,2024-01-05,False,19.78,5.42
982,2024-01-05 03:44:00,2024-01-05 04:28:00,81,198,1,16.27,340.47,47.66,388.13,Card,1,44.0,3,Friday,January,2024-01-05,False,20.93,14.0
983,2024-01-15 22:46:00,2024-01-15 22:53:00,59,60,2,18.54,388.54,65.86,454.4,Cash,2,7.0,22,Monday,January,2024-01-15,False,20.96,16.95
984,2024-01-26 23:58:00,2024-01-27 00:26:00,74,83,1,23.03,473.1,76.99,550.09,Cash,2,28.0,23,Friday,January,2024-01-26,False,20.54,16.27
985,2024-01-13 21:34:00,2024-01-13 21:57:00,239,74,1,22.88,453.81,28.1,481.91,Card,1,23.0,21,Saturday,January,2024-01-13,False,19.83,6.19
986,2024-01-07 09:04:00,2024-01-07 09:26:00,129,26,1,18.73,398.29,76.69,474.98,Card,1,22.0,9,Sunday,January,2024-01-07,False,21.26,19.25
987,2024-01-14 06:16:00,2024-01-14 07:24:00,138,243,1,5.75,159.81,24.84,184.65,Card,2,68.0,6,Sunday,January,2024-01-14,False,27.79,15.54
988,2024-01-02 12:32:00,2024-01-02 13:11:00,103,116,2,21.24,438.09,84.27,522.36,Card,2,39.0,12,Tuesday,January,2024-01-02,False,20.63,19.24
989,2024-01-24 14:56:00,2024-01-24 16:02:00,9,180,5,5.89,154.78,15.38,170.16,Card,2,66.0,14,Wednesday,January,2024-01-24,False,26.28,9.94
990,2024-01-08 19:26:00,2024-01-08 19:31:00,232,262,2,18.83,396.78,61.14,457.92,Card,2,5.0,19,Monday,January,2024-01-08,False,21.07,15.41
991,2024-01-13 18:21:00,2024-01-13 18:50:00,99,114,1,17.45,354.92,63.53,418.45,Card,1,29.0,18,Saturday,January,2024-01-13,False,20.34,17.9
992,2024-01-26 07:35:00,2024-01-26 08:24:00,218,38,1,19.21,387.72,41.51,429.23,Cash,1,49.0,7,Friday,January,2024-01-26,False,20.18,10.71
993,2024-01-19 13:27:00,2024-01-19 14:20:00,237,77,3,13.78,310.06,60.38,370.44,Card,1,53.0,13,Friday,January,2024-01-19,False,22.5,19.47
994,2024-01-03 18:58:00,2024-01-03 19:18:00,222,102,1,16.33,343.6,30.84,374.44,Card,2,20.0,18,Wednesday,January,2024-01-03,False,21.04,8.98
995,2024-01-08 20:22:00,2024-01-08 20:45:00,168,12,4,23.88,480.25,46.75,527.0,Card,1,23.0,20,Monday,January,2024-01-08,False,20.11,9.73
996,2024-01-02 08:50:00,2024-01-02 09:17:00,62,49,1,3.43,107.99,20.31,128.3,Card,2,27.0,8,Tuesday,January,2024-01-02,False,31.48,18.81
997,2024-01-29 13:57:00,2024-01-29 15:24:00,10,254,1,8.41,204.75,40.02,244.77,Card,1,87.0,13,Monday,January,2024-01-29,False,24.35,19.55
998,2024-01-19 21:22:00,2024-01-19 21:51:00,234,249,1,15.67,323.62,30.03,353.65,Card,2,29.0,21,Friday,January,2024-01-19,False,20.65,9.28
999,2024-01-22 14:30:00,2024-01-22 14:50:00,87,72,6,24.14,483.53,34.07,517.6,Card,2,20.0,14,Monday,January,2024-01-22,False,20.03,7.05
1000,2024-01-13 05:06:00,2024-01-13 06:04:00,204,197,1,3.29,115.03,18.85,133.88,Cash,1,58.0,5,Saturday,January,2024-01-13,False,34.96,16.39
1001,2024-01-18 00:39:00,2024-01-18 01:56:00,241,253,1,1.54,81.69,15.48,97.17,Card,1,77.0,0,Thursday,January,2024-01-18,False,53.05,18.95
1002,2024-01-22 17:13:00,2024-01-22 17:18:00,56,222,1,2.34,112.11,15.71,127.82,Cash,1,5.0,17,Monday,January,2024-01-22,False,47.91,14.01
1003,2024-01-16 05:51:00,2024-01-16 06:37:00,110,60,2,2.26,92.34,13.41,105.75,Card,2,46.0,5,Tuesday,January,2024-01-16,False,40.86,14.52
1004,2024-01-11 16:14:00,2024-01-11 16:37:00,49,157,1,22.79,461.83,75.94,537.77,Card,2,23.0,16,Thursday,January,2024-01-11,False,20.26,16.44
1005,2024-01-05 00:28:00,2024-01-05 01:06:00,243,202,2,18.31,384.69,28.07,412.76,Cash,2,38.0,0,Friday,January,2024-01-05,False,21.01,7.3
1006,2024-01-04 18:08:00,2024-01-04 19:32:00,16,35,4,17.25,356.21,69.82,426.03,Card,1,84.0,18,Thursday,January,2024-01-04,False,20.65,19.6
1007,2024-01-18 09:33:00,2024-01-18 10:32:00,73,255,4,13.54,310.01,32.44,342.45,Card,2,59.0,9,Thursday,January,2024-01-18,False,22.9,10.46
1008,2024-01-07 13:26:00,2024-01-07 13:48:00,202,23,1,19.77,413.03,59.57,472.6,Card,1,22.0,13,Sunday,January,2024-01-07,False,20.89,14.42
1009,2024-01-01 15:22:00,2024-01-01 16:00:00,93,165,2,4.74,131.08,15.77,146.85,Cash,2,38.0,15,Monday,January,2024-01-01,False,27.65,12.03
1010,2024-01-24 01:07:00,2024-01-24 01:56:00,137,28,1,10.41,251.18,30.2,281.38,Card,1,49.0,1,Wednesday,January,2024-01-24,False,24.13,12.02
1011,2024-01-08 11:49:00,2024-01-08 11:59:00,33,53,2,12.76,270.71,42.07,312.78,Card,2,10.0,11,Monday,January,2024-01-08,False,21.22,15.54
1012,2024-01-23 08:24:00,2024-01-23 08:49:00,88,85,3,3.65,135.18,26.93,162.11,Card,1,25.0,8,Tuesday,January,2024-01-23,False,37.04,19.92
1013,2024-01-01 18:40:00,2024-01-01 19:54:00,203,124,1,11.07,265.21,39.48,304.69,Card,1,74.0,18,Monday,January,2024-01-01,False,23.96,14.89
1014,2024-01-23 07:54:00,2024-01-23 08:46:00,39,207,3,8.6,212.19,35.88,248.07,Cash,2,52.0,7,Tuesday,January,2024-01-23,False,24.67,16.91
1015,2024-01-13 00:54:00,2024-01-13 01:37:00,114,165,3,1.85,76.64,4.15,80.79,Cash,2,43.0,0,Saturday,January,2024-01-13,False,41.43,5.41
1016,2024-01-02 14:56:00,2024-01-02 15:31:00,247,47,1,4.28,123.5,21.19,144.69,Card,2,35.0,14,Tuesday,January,2024-01-02,False,28.86,17.16
1017,2024-01-27 11:41:00,2024-01-27 11:55:00,208,156,2,19.34,396.5,37.67,434.17,Card,2,14.0,11,Saturday,January,2024-01-27,False,20.5,9.5
1018,2024-01-02 13:23:00,2024-01-02 13:57:00,211,5,1,1.43,72.97,5.04,78.01,Cash,1,34.0,13,Tuesday,January,2024-01-02,False,51.03,6.91
1019,2024-01-14 05:09:00,2024-01-14 05:31:00,59,82,1,23.42,476.49,31.92,508.41,Card,2,22.0,5,Sunday,January,2024-01-14,False,20.35,6.7
1020,2024-01-23 09:45:00,2024-01-23 10:49:00,156,119,1,3.07,123.6,18.78,142.38,Cash,1,64.0,9,Tuesday,January,2024-01-23,False,40.26,15.19
1021,2024-01-26 23:00:00,2024-01-27 00:17:00,122,262,4,20.18,416.57,83.17,499.74,Card,2,77.0,23,Friday,January,2024-01-26,False,20.64,19.97
1022,2024-01-17 11:10:00,2024-01-17 11:29:00,120,125,1,22.57,466.11,69.88,535.99,Card,2,19.0,11,Wednesday,January,2024-01-17,False,20.65,14.99
1023,2024-01-21 11:26:00,2024-01-21 11:34:00,62,215,2,23.59,485.28,43.36,528.64,Cash,1,8.0,11,Sunday,January,2024-01-21,False,20.57,8.94
1024,2024-01-05 10:11:00,2024-01-05 11:18:00,158,28,2,21.82,458.91,36.94,495.85,Card,2,67.0,10,Friday,January,2024-01-05,False,21.03,8.05
1025,2024-01-05 09:59:00,2024-01-05 10:43:00,40,25,2,7.9,183.21,23.61,206.82,Card,2,44.0,9,Friday,January,2024-01-05,False,23.19,12.89
1026,2024-01-29 05:11:00,2024-01-29 05:24:00,242,7,2,8.99,213.95,12.78,226.73,Card,2,13.0,5,Monday,January,2024-01-29,False,23.8,5.97
1027,2024-01-25 23:56:00,2024-01-26 00:09:00,40,194,1,11.24,265.86,29.22,295.08,Card,2,13.0,23,Thursday,January,2024-01-25,False,23.65,10.99
1028,2024-01-14 23:03:00,2024-01-14 23:33:00,190,80,2,4.34,142.57,21.38,163.95,Cash,2,30.0,23,Sunday,January,2024-01-14,False,32.85,15.0
1029,2024-01-10 23:42:00,2024-01-10 23:50:00,234,36,1,1.53,95.36,18.61,113.97,Card,2,8.0,23,Wednesday,January,2024-01-10,False,62.33,19.52
1030,2024-01-14 00:35:00,2024-01-14 02:00:00,15,258,2,21.86,454.56,51.75,506.31,Card,1,85.0,0,Sunday,January,2024-01-14,False,20.79,11.38
1031,2024-01-25 18:19:00,2024-01-25 18:39:00,124,113,1,14.3,304.75,24.39,329.14,Cash,1,20.0,18,Thursday,January,2024-01-25,False,21.31,8.0
1032,2024-01-03 14:36:00,2024-01-03 14:55:00,228,202,1,15.61,336.15,58.02,394.17,Cash,2,19.0,14,Wednesday,January,2024-01-03,False,21.53,17.26
1033,2024-01-15 07:29:00,2024-01-15 08:25:00,48,14,4,23.25,459.47,74.26,533.73,Cash,1,56.0,7,Monday,January,2024-01-15,False,19.76,16.16
1034,2024-01-12 10:38:00,2024-01-12 11:51:00,189,155,1,16.96,364.69,65.26,429.95,Card,2,73.0,10,Friday,January,2024-01-12,False,21.5,17.89
1035,2024-01-25 14:42:00,2024-01-25 14:51:00,47,85,1,17.58,373.07,30.67,403.74,Card,2,9.0,14,Thursday,January,2024-01-25,False,21.22,8.22
1036,2024-01-28 13:06:00,2024-01-28 13:30:00,184,140,1,19.89,418.03,46.29,464.32,Card,2,24.0,13,Sunday,January,2024-01-28,False,21.02,11.07
1037,2024-01-08 01:07:00,2024-01-08 02:30:00,105,97,1,3.79,136.12,26.85,162.97,Card,1,83.0,1,Monday,January,2024-01-08,False,35.92,19.73
1038,2024-01-24 07:21:00,2024-01-24 07:43:00,247,185,1,9.64,234.14,17.26,251.4,Card,1,22.0,7,Wednesday,January,2024-01-24,False,24.29,7.37
1039,2024-01-25 05:24:00,2024-01-25 05:30:00,206,189,2,24.24,485.93,73.24,559.17,Card,2,6.0,5,Thursday,January,2024-01-25,False,20.05,15.07
1040,2024-01-05 00:19:00,2024-01-05 00:36:00,18,82,4,23.15,462.66,39.59,502.25,Card,2,17.0,0,Friday,January,2024-01-05,False,19.99,8.56
1041,2024-01-09 12:58:00,2024-01-09 13:06:00,251,180,1,22.22,465.6,58.21,523.81,Cash,2,8.0,12,Tuesday,January,2024-01-09,False,20.95,12.5
1042,2024-01-10 19:53:00,2024-01-10 20:39:00,238,105,1,11.85,259.13,44.07,303.2,Card,1,46.0,19,Wednesday,January,2024-01-10,False,21.87,17.01
1043,2024-01-08 11:49:00,2024-01-08 13:07:00,66,210,2,21.57,433.11,53.4,486.51,Card,1,78.0,11,Monday,January,2024-01-08,False,20.08,12.33
1044,2024-01-10 00:39:00,2024-01-10 01:44:00,150,249,1,2.16,85.08,14.53,99.61,Card,2,65.0,0,Wednesday,January,2024-01-10,False,39.39,17.08
1045,2024-01-01 13:34:00,2024-01-01 13:46:00,193,72,4,4.56,137.35,15.65,153.0,Cash,2,12.0,13,Monday,January,2024-01-01,False,30.12,11.39
1046,2024-01-08 07:41:00,2024-01-08 08:52:00,147,161,1,10.94,240.65,48.11,288.76,Cash,2,71.0,7,Monday,January,2024-01-08,False,22.0,19.99
1047,2024-01-18 07:38:00,2024-01-18 08:45:00,183,133,1,12.6,294.94,34.03,328.97,Card,2,67.0,7,Thursday,January,2024-01-18,False,23.41,11.54
1048,2024-01-02 16:43:00,2024-01-02 16:56:00,106,240,1,7.32,200.75,14.54,215.29,Cash,1,13.0,16,Tuesday,January,2024-01-02,False,27.42,7.24
1049,2024-01-08 06:17:00,2024-01-08 06:32:00,236,78,2,9.56,241.29,26.61,267.9,Card,1,15.0,6,Monday,January,2024-01-08,False,25.24,11.03
1050,2024-01-08 05:00:00,2024-01-08 05:46:00,126,58,2,4.91,129.55,20.91,150.46,Card,1,46.0,5,Monday,January,2024-01-08,False,26.38,16.14
1051,2024-01-06 09:43:00,2024-01-06 10:00:00,179,125,1,12.74,297.71,52.75,350.46,Cash,1,17.0,9,Saturday,January,2024-01-06,False,23.37,17.72
1052,2024-01-13 01:28:00,2024-01-13 02:08:00,13,11,1,20.05,430.82,51.27,482.09,Card,2,40.0,1,Saturday,January,2024-01-13,False,21.49,11.9
1053,2024-01-11 15:28:00,2024-01-11 15:45:00,231,27,4,16.87,371.93,51.76,423.69,Card,1,17.0,15,Thursday,January,2024-01-11,False,22.05,13.92
1054,2024-01-19 04:55:00,2024-01-19 05:11:00,28,207,3,3.59,124.75,22.05,146.8,Card,2,16.0,4,Friday,January,2024-01-19,False,34.75,17.68
1055,2024-01-24 07:55:00,2024-01-24 08:36:00,261,222,1,12.7,289.64,49.83,339.47,Card,1,41.0,7,Wednesday,January,2024-01-24,False,22.81,17.2
1056,2024-01-19 23:06:00,2024-01-20 00:24:00,100,250,3,17.74,362.99,53.96,416.95,Card,1,78.0,23,Friday,January,2024-01-19,False,20.46,14.87
1057,2024-01-14 19:55:00,2024-01-14 21:12:00,188,208,2,13.72,313.19,53.95,367.14,Card,1,77.0,19,Sunday,January,2024-01-14,False,22.83,17.23
1058,2024-01-28 17:15:00,2024-01-28 18:11:00,119,109,1,10.4,228.99,31.23,260.22,Card,2,56.0,17,Sunday,January,2024-01-28,False,22.02,13.64
1059,2024-01-26 20:19:00,2024-01-26 21:34:00,46,61,1,15.93,336.27,17.05,353.32,Card,1,75.0,20,Friday,January,2024-01-26,False,21.11,5.07
1060,2024-01-11 15:43:00,2024-01-11 15:49:00,68,122,2,24.25,506.23,28.45,534.68,Card,1,6.0,15,Thursday,January,2024-01-11,False,20.88,5.62
1061,2024-01-27 21:27:00,2024-01-27 22:27:00,171,239,1,3.28,111.71,22.0,133.71,Card,1,60.0,21,Saturday,January,2024-01-27,False,34.06,19.69
1062,2024-01-01 02:06:00,2024-01-01 03:10:00,196,106,2,10.36,230.41,16.53,246.94,Cash,1,64.0,2,Monday,January,2024-01-01,False,22.24,7.17
1063,2024-01-20 04:32:00,2024-01-20 04:59:00,20,36,1,10.76,262.76,29.08,291.84,Card,1,27.0,4,Saturday,January,2024-01-20,False,24.42,11.07
1064,2024-01-29 20:43:00,2024-01-29 21:27:00,111,38,2,14.85,336.82,64.02,400.84,Cash,1,44.0,20,Monday,January,2024-01-29,False,22.68,19.01
1065,2024-01-15 06:10:00,2024-01-15 07:18:00,146,72,1,4.65,129.31,10.25,139.56,Card,2,68.0,6,Monday,January,2024-01-15,False,27.81,7.93
1066,2024-01-28 18:04:00,2024-01-28 19:33:00,192,56,1,5.24,160.26,28.3,188.56,Card,2,89.0,18,Sunday,January,2024-01-28,False,30.58,17.66
1067,2024-01-03 08:08:00,2024-01-03 08:35:00,229,167,1,7.85,193.01,33.34,226.35,Card,2,27.0,8,Wednesday,January,2024-01-03,False,24.59,17.27
1068,2024-01-03 15:17:00,2024-01-03 15:50:00,12,221,1,23.94,482.36,95.48,577.84,Card,2,33.0,15,Wednesday,January,2024-01-03,False,20.15,19.79
1069,2024-01-10 12:38:00,2024-01-10 14:00:00,217,76,1,18.62,383.04,35.34,418.38,Card,1,82.0,12,Wednesday,January,2024-01-10,False,20.57,9.23
1070,2024-01-25 00:00:00,2024-01-25 00:55:00,79,210,1,16.88,345.18,33.59,378.77,Card,2,55.0,0,Thursday,January,2024-01-25,False,20.45,9.73
1071,2024-01-08 16:13:00,2024-01-08 17:26:00,36,211,6,20.61,419.02,77.7,496.72,Card,2,73.0,16,Monday,January,2024-01-08,False,20.33,18.54
1072,2024-01-16 08:36:00,2024-01-16 09:11:00,28,228,2,4.06,114.69,9.76,124.45,Card,2,35.0,8,Tuesday,January,2024-01-16,False,28.25,8.51
1073,2024-01-26 04:04:00,2024-01-26 04:58:00,86,225,2,21.62,456.89,60.39,517.28,Card,1,54.0,4,Friday,January,2024-01-26,False,21.13,13.22
1074,2024-01-26 03:05:00,2024-01-26 03:29:00,188,254,1,15.28,334.89,52.28,387.17,Cash,1,24.0,3,Friday,January,2024-01-26,False,21.92,15.61
1075,2024-01-02 03:25:00,2024-01-02 04:24:00,254,156,1,9.05,229.5,20.83,250.33,Card,1,59.0,3,Tuesday,January,2024-01-02,False,25.36,9.08
1076,2024-01-14 08:56:00,2024-01-14 10:21:00,80,149,1,20.58,431.96,82.4,514.36,Cash,2,85.0,8,Sunday,January,2024-01-14,False,20.99,19.08
1077,2024-01-25 21:20:00,2024-01-25 21:26:00,186,231,2,20.26,408.62,61.23,469.85,Card,2,6.0,21,Thursday,January,2024-01-25,False,20.17,14.98
1078,2024-01-25 01:02:00,2024-01-25 01:31:00,5,190,1,21.3,451.62,25.77,477.39,Card,1,29.0,1,Thursday,January,2024-01-25,False,21.2,5.71
1079,2024-01-26 23:50:00,2024-01-27 00:07:00,46,225,2,3.77,134.86,9.49,144.35,Cash,1,17.0,23,Friday,January,2024-01-26,False,35.77,7.04
1080,2024-01-28 06:42:00,2024-01-28 07:56:00,102,65,1,24.26,487.12,38.3,525.42,Card,2,74.0,6,Sunday,January,2024-01-28,False,20.08,7.86
1081,2024-01-02 21:08:00,2024-01-02 22:19:00,2,108,6,24.03,475.89,41.28,517.17,Card,2,71.0,21,Tuesday,January,2024-01-02,False,19.8,8.67
1082,2024-01-09 02:54:00,2024-01-09 03:56:00,217,80,1,9.58,233.56,37.28,270.84,Card,1,62.0,2,Tuesday,January,2024-01-09,False,24.38,15.96
1083,2024-01-07 14:44:00,2024-01-07 16:10:00,25,133,1,2.58,108.29,6.86,115.15,Card,1,86.0,14,Sunday,January,2024-01-07,False,41.97,6.33
1084,2024-01-23 03:20:00,2024-01-23 04:39:00,257,174,2,5.01,157.08,16.11,173.19,Cash,2,79.0,3,Tuesday,January,2024-01-23,False,31.35,10.26
1085,2024-01-28 05:44:00,2024-01-28 07:12:00,223,64,5,24.83,488.52,91.21,579.73,Card,1,88.0,5,Sunday,January,2024-01-28,False,19.67,18.67
1086,2024-01-26 16:20:00,2024-01-26 17:28:00,69,210,2,14.51,305.43,40.77,346.2,Cash,1,68.0,16,Friday,January,2024-01-26,False,21.05,13.35
1087,2024-01-23 12:09:00,2024-01-23 13:22:00,197,98,1,9.56,230.03,20.66,250.69,Card,1,73.0,12,Tuesday,January,2024-01-23,False,24.06,8.98
1088,2024-01-10 04:24:00,2024-01-10 05:51:00,182,172,1,7.92,201.13,38.93,240.06,Card,1,87.0,4,Wednesday,January,2024-01-10,False,25.4,19.36
1089,2024-01-29 06:58:00,2024-01-29 08:28:00,18,89,4,7.17,170.07,14.74,184.81,Card,1,90.0,6,Monday,January,2024-01-29,False,23.72,8.67
1090,2024-01-18 11:10:00,2024-01-18 12:13:00,107,226,1,16.94,356.83,66.29,423.12,Cash,2,63.0,11,Thursday,January,2024-01-18,False,21.06,18.58
1091,2024-01-24 21:13:00,2024-01-24 22:17:00,17,143,1,11.07,256.78,40.79,297.57,Card,2,64.0,21,Wednesday,January,2024-01-24,False,23.2,15.89
1092,2024-01-30 22:02:00,2024-01-30 23:29:00,125,196,3,24.17,497.2,80.09,577.29,Cash,1,87.0,22,Tuesday,January,2024-01-30,False,20.57,16.11
1093,2024-01-06 12:53:00,2024-01-06 13:59:00,82,179,3,17.41,362.86,59.78,422.64,Card,2,66.0,12,Saturday,January,2024-01-06,False,20.84,16.47
1094,2024-01-06 22:57:00,2024-01-06 23:17:00,4,54,2,20.01,414.7,52.25,466.95,Card,2,20.0,22,Saturday,January,2024-01-06,False,20.72,12.6
1095,2024-01-06 14:30:00,2024-01-06 15:42:00,115,196,6,8.03,208.96,35.98,244.94,Card,1,72.0,14,Saturday,January,2024-01-06,False,26.02,17.22
1096,2024-01-07 00:26:00,2024-01-07 00:45:00,137,217,1,2.9,120.82,21.2,142.02,Cash,1,19.0,0,Sunday,January,2024-01-07,False,41.66,17.55
1097,2024-01-26 06:08:00,2024-01-26 07:07:00,228,25,1,12.71,275.69,28.69,304.38,Card,2,59.0,6,Friday,January,2024-01-26,False,21.69,10.41
1098,2024-01-05 17:03:00,2024-01-05 17:42:00,16,67,2,8.55,201.49,22.17,223.66,Card,2,39.0,17,Friday,January,2024-01-05,False,23.57,11.0
1099,2024-01-30 02:34:00,2024-01-30 03:33:00,212,163,2,5.85,173.49,31.8,205.29,Card,2,59.0,2,Tuesday,January,2024-01-30,False,29.66,18.33
1100,2024-01-04 10:51:00,2024-01-04 11:09:00,246,112,2,23.86,481.36,61.96,543.32,Card,1,18.0,10,Thursday,January,2024-01-04,False,20.17,12.87
1101,2024-01-10 08:50:00,2024-01-10 09:43:00,177,206,4,11.66,271.43,48.87,320.3,Card,1,53.0,8,Wednesday,January,2024-01-10,False,23.28,18.0
1102,2024-01-02 09:10:00,2024-01-02 10:37:00,31,137,1,5.19,151.79,21.86,173.65,Cash,2,87.0,9,Tuesday,January,2024-01-02,False,29.25,14.4
1103,2024-01-04 16:19:00,2024-01-04 16:30:00,50,165,1,5.77,152.43,21.19,173.62,Card,1,11.0,16,Thursday,January,2024-01-04,False,26.42,13.9
1104,2024-01-14 20:36:00,2024-01-14 21:10:00,143,228,1,7.74,198.93,10.87,209.8,Cash,2,34.0,20,Sunday,January,2024-01-14,False,25.7,5.46
1105,2024-01-16 12:39:00,2024-01-16 14:06:00,52,127,2,24.98,509.31,46.7,556.01,Card,1,87.0,12,Tuesday,January,2024-01-16,False,20.39,9.17
1106,2024-01-26 19:08:00,2024-01-26 20:01:00,233,248,1,7.43,191.51,24.0,215.51,Card,1,53.0,19,Friday,January,2024-01-26,False,25.78,12.53
1107,2024-01-20 22:54:00,2024-01-20 23:14:00,166,36,3,8.89,203.01,28.04,231.05,Card,1,20.0,22,Saturday,January,2024-01-20,False,22.84,13.81
1108,2024-01-04 07:17:00,2024-01-04 08:12:00,38,155,1,16.82,372.62,53.87,426.49,Card,2,55.0,7,Thursday,January,2024-01-04,False,22.15,14.46
1109,2024-01-14 06:17:00,2024-01-14 07:33:00,20,145,1,8.06,197.09,31.03,228.12,Card,1,76.0,6,Sunday,January,2024-01-14,False,24.45,15.74
1110,2024-01-08 05:15:00,2024-01-08 06:41:00,99,260,1,6.18,170.39,25.29,195.68,Cash,1,86.0,5,Monday,January,2024-01-08,False,27.57,14.84
1111,2024-01-12 06:41:00,2024-01-12 08:05:00,215,19,2,4.81,153.15,27.15,180.3,Card,1,84.0,6,Friday,January,2024-01-12,False,31.84,17.73
1112,2024-01-27 15:16:00,2024-01-27 16:43:00,44,58,1,8.5,205.7,19.4,225.1,Cash,1,87.0,15,Saturday,January,2024-01-27,False,24.2,9.43
1113,2024-01-20 05:36:00,2024-01-20 06:22:00,111,263,2,3.54,126.94,18.56,145.5,Card,1,46.0,5,Saturday,January,2024-01-20,False,35.86,14.62
1114,2024-01-04 10:24:00,2024-01-04 10:45:00,89,36,1,1.45,95.25,5.49,100.74,Cash,2,21.0,10,Thursday,January,2024-01-04,False,65.69,5.76
1115,2024-01-14 18:16:00,2024-01-14 19:23:00,118,211,1,20.31,416.35,50.81,467.16,Card,1,67.0,18,Sunday,January,2024-01-14,False,20.5,12.2
1116,2024-01-26 16:51:00,2024-01-26 17:40:00,239,148,1,4.31,129.74,11.7,141.44,Card,1,49.0,16,Friday,January,2024-01-26,False,30.1,9.02
1117,2024-01-18 07:17:00,2024-01-18 08:38:00,72,102,2,19.62,420.33,45.03,465.36,Card,2,81.0,7,Thursday,January,2024-01-18,False,21.42,10.71
1118,2024-01-22 15:55:00,2024-01-22 16:06:00,163,76,1,20.14,407.31,42.03,449.34,Card,1,11.0,15,Monday,January,2024-01-22,False,20.22,10.32
1119,2024-01-15 23:26:00,2024-01-15 23:57:00,251,68,4,13.91,291.24,17.2,308.44,Cash,1,31.0,23,Monday,January,2024-01-15,False,20.94,5.91
1120,2024-01-07 21:16:00,2024-01-07 21:30:00,195,66,1,8.43,219.01,26.28,245.29,Card,1,14.0,21,Sunday,January,2024-01-07,False,25.98,12.0
1121,2024-01-15 10:46:00,2024-01-15 11:24:00,60,222,1,4.48,145.29,28.94,174.23,Card,1,38.0,10,Monday,January,2024-01-15,False,32.43,19.92
1122,2024-01-07 22:24:00,2024-01-07 23:04:00,98,151,1,18.68,405.42,38.45,443.87,Card,2,40.0,22,Sunday,January,2024-01-07,False,21.7,9.48
1123,2024-01-02 05:19:00,2024-01-02 05:48:00,73,68,1,15.43,319.49,51.25,370.74,Card,1,29.0,5,Tuesday,January,2024-01-02,False,20.71,16.04
1124,2024-01-30 03:09:00,2024-01-30 03:19:00,222,235,2,16.73,345.83,45.71,391.54,Card,1,10.0,3,Tuesday,January,2024-01-30,False,20.67,13.22
1125,2024-01-19 15:18:00,2024-01-19 15:46:00,119,203,2,1.21,64.94,6.42,71.36,Card,1,28.0,15,Friday,January,2024-01-19,False,53.67,9.89
1126,2024-01-02 17:22:00,2024-01-02 17:44:00,182,233,2,23.26,479.18,30.4,509.58,Card,1,22.0,17,Tuesday,January,2024-01-02,False,20.6,6.34
1127,2024-01-17 23:22:00,2024-01-17 23:32:00,218,163,1,2.59,104.8,8.63,113.43,Card,2,10.0,23,Wednesday,January,2024-01-17,False,40.46,8.23
1128,2024-01-24 09:59:00,2024-01-24 10:32:00,256,98,1,9.8,227.18,38.0,265.18,Card,1,33.0,9,Wednesday,January,2024-01-24,False,23.18,16.73
1129,2024-01-20 10:05:00,2024-01-20 10:34:00,88,9,1,10.67,233.78,21.47,255.25,Card,1,29.0,10,Saturday,January,2024-01-20,False,21.91,9.18
1130,2024-01-02 10:39:00,2024-01-02 11:38:00,26,249,1,1.03,77.73,5.57,83.3,Card,2,59.0,10,Tuesday,January,2024-01-02,False,75.47,7.17
1131,2024-01-02 21:17:00,2024-01-02 22:42:00,121,227,1,12.93,289.84,28.9,318.74,Cash,1,85.0,21,Tuesday,January,2024-01-02,False,22.42,9.97
1132,2024-01-20 09:52:00,2024-01-20 10:42:00,30,241,5,19.07,386.65,53.21,439.86,Cash,2,50.0,9,Saturday,January,2024-01-20,False,20.28,13.76
1133,2024-01-15 12:28:00,2024-01-15 12:56:00,202,75,2,20.76,440.95,68.58,509.53,Cash,1,28.0,12,Monday,January,2024-01-15,False,21.24,15.55
1134,2024-01-30 11:40:00,2024-01-30 12:59:00,36,17,2,22.11,443.95,47.99,491.94,Cash,2,79.0,11,Tuesday,January,2024-01-30,False,20.08,10.81
1135,2024-01-18 06:21:00,2024-01-18 06:51:00,125,51,1,12.71,291.09,36.31,327.4,Card,2,30.0,6,Thursday,January,2024-01-18,False,22.9,12.47
1136,2024-01-06 01:51:00,2024-01-06 02:23:00,223,228,1,16.14,357.07,42.22,399.29,Card,2,32.0,1,Saturday,January,2024-01-06,False,22.12,11.82
1137,2024-01-20 11:51:00,2024-01-20 11:58:00,235,194,1,2.91,109.76,5.64,115.4,Cash,2,7.0,11,Saturday,January,2024-01-20,False,37.72,5.14
1138,2024-01-17 08:50:00,2024-01-17 10:09:00,124,238,1,12.71,276.19,30.2,306.39,Card,1,79.0,8,Wednesday,January,2024-01-17,False,21.73,10.93
1139,2024-01-13 19:29:00,2024-01-13 20:11:00,171,157,2,4.72,134.24,18.54,152.78,Card,1,42.0,19,Saturday,January,2024-01-13,False,28.44,13.81
1140,2024-01-24 06:56:00,2024-01-24 08:01:00,181,254,1,9.87,244.23,33.09,277.32,Card,2,65.0,6,Wednesday,January,2024-01-24,False,24.74,13.55
1141,2024-01-27 13:38:00,2024-01-27 15:00:00,215,118,3,8.9,209.15,33.98,243.13,Cash,2,82.0,13,Saturday,January,2024-01-27,False,23.5,16.25
1142,2024-01-21 01:05:00,2024-01-21 02:00:00,118,50,6,11.16,263.27,39.64,302.91,Cash,2,55.0,1,Sunday,January,2024-01-21,False,23.59,15.06
1143,2024-01-05 14:45:00,2024-01-05 15:37:00,227,52,1,14.72,334.66,30.63,365.29,Card,1,52.0,14,Friday,January,2024-01-05,False,22.74,9.15
1144,2024-01-27 09:20:00,2024-01-27 09:45:00,37,181,2,22.67,478.05,42.23,520.28,Cash,2,25.0,9,Saturday,January,2024-01-27,False,21.09,8.83
1145,2024-01-19 13:37:00,2024-01-19 14:35:00,96,31,2,10.47,244.46,29.24,273.7,Cash,1,58.0,13,Friday,January,2024-01-19,False,23.35,11.96
1146,2024-01-08 23:25:00,2024-01-09 00:25:00,120,246,1,24.55,506.7,81.04,587.74,Card,1,60.0,23,Monday,January,2024-01-08,False,20.64,15.99
1147,2024-01-27 18:45:00,2024-01-27 19:48:00,12,90,4,19.22,415.67,26.63,442.3,Cash,2,63.0,18,Saturday,January,2024-01-27,False,21.63,6.41
1148,2024-01-18 17:22:00,2024-01-18 18:38:00,122,31,1,13.28,290.28,55.81,346.09,Cash,2,76.0,17,Thursday,January,2024-01-18,False,21.86,19.23
1149,2024-01-09 13:42:00,2024-01-09 14:37:00,35,102,2,16.46,343.85,45.21,389.06,Card,1,55.0,13,Tuesday,January,2024-01-09,False,20.89,13.15
1150,2024-01-29 08:06:00,2024-01-29 08:30:00,251,230,1,3.45,105.53,10.13,115.66,Card,2,24.0,8,Monday,January,2024-01-29,False,30.59,9.6
1151,2024-01-10 02:07:00,2024-01-10 03:37:00,67,97,1,21.27,427.09,65.78,492.87,Card,2,90.0,2,Wednesday,January,2024-01-10,False,20.08,15.4
1152,2024-01-27 03:21:00,2024-01-27 04:24:00,38,67,1,14.98,335.25,19.01,354.26,Card,1,63.0,3,Saturday,January,2024-01-27,False,22.38,5.67
1153,2024-01-24 18:49:00,2024-01-24 20:04:00,230,192,3,24.67,501.72,61.54,563.26,Cash,2,75.0,18,Wednesday,January,2024-01-24,False,20.34,12.27
1154,2024-01-08 00:13:00,2024-01-08 00:26:00,168,211,1,16.27,359.07,44.13,403.2,Card,2,13.0,0,Monday,January,2024-01-08,False,22.07,12.29
1155,2024-01-12 09:58:00,2024-01-12 10:03:00,246,137,1,21.02,442.04,32.84,474.88,Card,1,5.0,9,Friday,January,2024-01-12,False,21.03,7.43
1156,2024-01-29 01:31:00,2024-01-29 02:04:00,79,184,1,20.19,423.63,74.39,498.02,Cash,2,33.0,1,Monday,January,2024-01-29,False,20.98,17.56
1157,2024-01-19 07:59:00,2024-01-19 09:06:00,114,56,1,9.29,225.5,38.23,263.73,Cash,2,67.0,7,Friday,January,2024-01-19,False,24.27,16.95
1158,2024-01-14 18:46:00,2024-01-14 20:02:00,217,250,2,7.23,171.59,12.51,184.1,Card,1,76.0,18,Sunday,January,2024-01-14,False,23.73,7.29
1159,2024-01-11 21:48:00,2024-01-11 22:48:00,200,60,2,11.33,270.11,28.25,298.36,Cash,2,60.0,21,Thursday,January,2024-01-11,False,23.84,10.46
1160,2024-01-08 15:18:00,2024-01-08 16:30:00,242,128,3,12.21,272.32,17.72,290.04,Card,1,72.0,15,Monday,January,2024-01-08,False,22.3,6.51
1161,2024-01-22 07:18:00,2024-01-22 07:57:00,13,205,2,6.76,178.47,31.64,210.11,Card,2,39.0,7,Monday,January,2024-01-22,False,26.4,17.73
1162,2024-01-08 10:02:00,2024-01-08 10:09:00,207,214,4,22.47,445.12,43.84,488.96,Cash,1,7.0,10,Monday,January,2024-01-08,False,19.81,9.85
1163,2024-01-06 21:59:00,2024-01-06 22:10:00,262,127,2,14.02,320.44,37.14,357.58,Cash,1,11.0,21,Saturday,January,2024-01-06,False,22.86,11.59
1164,2024-01-22 20:40:00,2024-01-22 21:11:00,97,72,4,24.48,507.72,50.05,557.77,Card,2,31.0,20,Monday,January,2024-01-22,False,20.74,9.86
1165,2024-01-14 16:14:00,2024-01-14 16:19:00,71,216,1,20.44,424.22,40.94,465.16,Card,1,5.0,16,Sunday,January,2024-01-14,False,20.75,9.65
1166,2024-01-03 07:00:00,2024-01-03 08:24:00,230,90,1,14.34,315.44,51.13,366.57,Card,2,84.0,7,Wednesday,January,2024-01-03,False,22.0,16.21
1167,2024-01-05 16:02:00,2024-01-05 17:17:00,32,233,6,23.73,488.29,79.17,567.46,Cash,1,75.0,16,Friday,January,2024-01-05,False,20.58,16.21
1168,2024-01-28 18:26:00,2024-01-28 19:14:00,250,233,2,13.12,284.1,36.27,320.37,Card,2,48.0,18,Sunday,January,2024-01-28,False,21.65,12.77
1169,2024-01-17 18:40:00,2024-01-17 19:25:00,254,63,3,22.29,447.88,66.57,514.45,Card,1,45.0,18,Wednesday,January,2024-01-17,False,20.09,14.86
1170,2024-01-14 22:19:00,2024-01-14 23:38:00,259,247,1,9.6,233.02,29.54,262.56,Cash,1,79.0,22,Sunday,January,2024-01-14,False,24.27,12.68
1171,2024-01-25 21:02:00,2024-01-25 21:48:00,182,135,3,10.09,224.75,12.2,236.95,Card,2,46.0,21,Thursday,January,2024-01-25,False,22.27,5.43
1172,2024-01-10 10:15:00,2024-01-10 10:52:00,166,2,2,11.04,252.34,15.12,267.46,Card,2,37.0,10,Wednesday,January,2024-01-10,False,22.86,5.99
1173,2024-01-06 12:50:00,2024-01-06 13:44:00,4,161,1,14.12,308.94,33.23,342.17,Card,1,54.0,12,Saturday,January,2024-01-06,False,21.88,10.76
1174,2024-01-25 05:51:00,2024-01-25 06:58:00,145,140,1,14.28,308.48,50.12,358.6,Cash,1,67.0,5,Thursday,January,2024-01-25,False,21.6,16.25
1175,2024-01-15 23:51:00,2024-01-16 00:32:00,165,202,1,12.91,277.94,51.97,329.91,Cash,1,41.0,23,Monday,January,2024-01-15,False,21.53,18.7
1176,2024-01-23 02:21:00,2024-01-23 03:24:00,105,125,4,8.34,200.78,10.93,211.71,Card,1,63.0,2,Tuesday,January,2024-01-23,False,24.07,5.44
1177,2024-01-07 14:23:00,2024-01-07 15:48:00,36,82,2,23.25,468.63,49.3,517.93,Card,1,85.0,14,Sunday,January,2024-01-07,False,20.16,10.52
1178,2024-01-14 03:22:00,2024-01-14 04:14:00,169,164,4,15.13,327.32,27.35,354.67,Card,1,52.0,3,Sunday,January,2024-01-14,False,21.63,8.36
1179,2024-01-09 10:55:00,2024-01-09 11:04:00,8,240,1,10.79,254.46,43.84,298.3,Cash,1,9.0,10,Tuesday,January,2024-01-09,False,23.58,17.23
1180,2024-01-29 13:24:00,2024-01-29 14:16:00,86,213,4,16.63,368.39,65.17,433.56,Card,1,52.0,13,Monday,January,2024-01-29,False,22.15,17.69
1181,2024-01-15 20:29:00,2024-01-15 20:36:00,97,149,1,19.43,394.06,31.9,425.96,Card,2,7.0,20,Monday,January,2024-01-15,False,20.28,8.1
1182,2024-01-01 13:42:00,2024-01-01 14:33:00,30,72,1,24.06,499.27,78.2,577.47,Card,2,51.0,13,Monday,January,2024-01-01,False,20.75,15.66
1183,2024-01-13 00:47:00,2024-01-13 01:53:00,101,103,1,12.99,282.35,45.11,327.46,Card,2,66.0,0,Saturday,January,2024-01-13,False,21.74,15.98
1184,2024-01-05 06:30:00,2024-01-05 06:48:00,67,183,6,3.69,124.16,9.51,133.67,Cash,2,18.0,6,Friday,January,2024-01-05,False,33.65,7.66
1185,2024-01-04 01:45:00,2024-01-04 02:52:00,63,184,1,11.58,264.84,30.47,295.31,Card,1,67.0,1,Thursday,January,2024-01-04,False,22.87,11.51
1186,2024-01-12 03:12:00,2024-01-12 04:17:00,32,13,1,12.5,281.71,40.3,322.01,Cash,1,65.0,3,Friday,January,2024-01-12,False,22.54,14.31
1187,2024-01-02 12:38:00,2024-01-02 13:13:00,87,232,1,22.53,467.24,25.19,492.43,Card,2,35.0,12,Tuesday,January,2024-01-02,False,20.74,5.39
1188,2024-01-14 22:39:00,2024-01-14 23:00:00,211,150,1,10.48,240.09,26.58,266.67,Card,1,21.0,22,Sunday,January,2024-01-14,False,22.91,11.07
1189,2024-01-26 03:40:00,2024-01-26 04:08:00,51,263,3,23.88,479.41,35.11,514.52,Card,1,28.0,3,Friday,January,2024-01-26,False,20.08,7.32
1190,2024-01-30 01:54:00,2024-01-30 02:21:00,63,24,1,12.64,293.11,38.48,331.59,Card,2,27.0,1,Tuesday,January,2024-01-30,False,23.19,13.13
1191,2024-01-10 14:59:00,2024-01-10 16:25:00,80,189,2,24.37,485.26,85.62,570.88,Card,2,86.0,14,Wednesday,January,2024-01-10,False,19.91,17.64
1192,2024-01-22 19:39:00,2024-01-22 20:33:00,232,133,4,1.2,67.01,8.63,75.64,Cash,2,54.0,19,Monday,January,2024-01-22,False,55.84,12.88
1193,2024-01-07 01:05:00,2024-01-07 02:27:00,101,50,1,22.57,446.73,24.75,471.48,Card,1,82.0,1,Sunday,January,2024-01-07,False,19.79,5.54
1194,2024-01-30 18:40:00,2024-01-30 20:03:00,129,183,3,23.35,466.62,25.41,492.03,Cash,1,83.0,18,Tuesday,January,2024-01-30,False,19.98,5.45
1195,2024-01-17 03:16:00,2024-01-17 04:39:00,19,26,1,24.06,488.64,68.81,557.45,Card,2,83.0,3,Wednesday,January,2024-01-17,False,20.31,14.08
1196,2024-01-16 13:39:00,2024-01-16 14:53:00,94,138,5,1.31,79.74,7.91,87.65,Card,2,74.0,13,Tuesday,January,2024-01-16,False,60.87,9.92
1197,2024-01-14 20:58:00,2024-01-14 21:29:00,81,11,1,5.12,139.79,19.0,158.79,Card,2,31.0,20,Sunday,January,2024-01-14,False,27.3,13.59
1198,2024-01-27 02:49:00,2024-01-27 03:08:00,103,102,2,16.69,342.59,25.54,368.13,Cash,2,19.0,2,Saturday,January,2024-01-27,False,20.53,7.45
1199,2024-01-11 15:58:00,2024-01-11 16:52:00,154,11,2,1.61,91.32,15.21,106.53,Card,1,54.0,15,Thursday,January,2024-01-11,False,56.72,16.66
1200,2024-01-24 17:37:00,2024-01-24 18:17:00,118,112,1,2.53,108.28,19.39,127.67,Card,2,40.0,17,Wednesday,January,2024-01-24,False,42.8,17.91
1201,2024-01-21 09:38:00,2024-01-21 09:50:00,225,94,1,6.31,183.52,33.65,217.17,Card,1,12.0,9,Sunday,January,2024-01-21,False,29.08,18.34
1202,2024-01-26 22:14:00,2024-01-26 23:37:00,137,260,1,13.3,306.4,29.3,335.7,Card,2,83.0,22,Friday,January,2024-01-26,False,23.04,9.56
1203,2024-01-08 21:42:00,2024-01-08 21:49:00,226,258,1,14.1,321.58,47.95,369.53,Card,1,7.0,21,Monday,January,2024-01-08,False,22.81,14.91
1204,2024-01-11 03:16:00,2024-01-11 04:22:00,229,167,2,1.82,96.71,8.88,105.59,Card,1,66.0,3,Thursday,January,2024-01-11,False,53.14,9.18
1205,2024-01-24 07:32:00,2024-01-24 08:23:00,108,209,6,5.09,150.09,24.68,174.77,Card,2,51.0,7,Wednesday,January,2024-01-24,False,29.49,16.44
1206,2024-01-10 04:21:00,2024-01-10 05:42:00,7,45,2,12.99,277.68,18.9,296.58,Card,1,81.0,4,Wednesday,January,2024-01-10,False,21.38,6.81
1207,2024-01-01 21:19:00,2024-01-01 22:24:00,128,205,1,15.25,333.17,54.78,387.95,Cash,2,65.0,21,Monday,January,2024-01-01,False,21.85,16.44
1208,2024-01-05 22:03:00,2024-01-05 22:39:00,173,42,1,4.56,123.76,14.35,138.11,Cash,2,36.0,22,Friday,January,2024-01-05,False,27.14,11.6
1209,2024-01-13 08:11:00,2024-01-13 08:28:00,214,100,1,10.57,256.82,45.8,302.62,Card,2,17.0,8,Saturday,January,2024-01-13,False,24.3,17.83
1210,2024-01-21 19:35:00,2024-01-21 19:40:00,247,6,1,22.71,463.23,74.51,537.74,Card,1,5.0,19,Sunday,January,2024-01-21,False,20.4,16.08
1211,2024-01-14 05:43:00,2024-01-14 06:21:00,106,42,6,24.97,510.38,54.34,564.72,Card,2,38.0,5,Sunday,January,2024-01-14,False,20.44,10.65
1212,2024-01-02 11:06:00,2024-01-02 12:12:00,83,253,3,24.69,485.99,90.17,576.16,Cash,1,66.0,11,Tuesday,January,2024-01-02,False,19.68,18.55
1213,2024-01-18 01:17:00,2024-01-18 02:40:00,203,76,1,22.16,454.91,42.08,496.99,Card,2,83.0,1,Thursday,January,2024-01-18,False,20.53,9.25
1214,2024-01-15 07:27:00,2024-01-15 08:49:00,41,42,1,10.47,237.5,46.32,283.82,Card,1,82.0,7,Monday,January,2024-01-15,False,22.68,19.5
1215,2024-01-27 02:39:00,2024-01-27 04:05:00,205,217,2,17.48,363.19,59.96,423.15,Cash,2,86.0,2,Saturday,January,2024-01-27,False,20.78,16.51
1216,2024-01-20 19:29:00,2024-01-20 20:44:00,49,64,2,11.0,249.69,49.59,299.28,Cash,2,75.0,19,Saturday,January,2024-01-20,False,22.7,19.86
1217,2024-01-25 23:14:00,2024-01-25 23:49:00,143,179,2,16.56,338.1,19.64,357.74,Cash,1,35.0,23,Thursday,January,2024-01-25,False,20.42,5.81
1218,2024-01-20 08:16:00,2024-01-20 09:24:00,141,29,2,8.43,205.74,18.74,224.48,Cash,1,68.0,8,Saturday,January,2024-01-20,False,24.41,9.11
1219,2024-01-02 18:53:00,2024-01-02 19:22:00,53,216,1,15.55,334.5,53.92,388.42,Cash,1,29.0,18,Tuesday,January,2024-01-02,False,21.51,16.12
1220,2024-01-09 21:28:00,2024-01-09 22:10:00,107,54,4,13.57,310.15,58.41,368.56,Card,2,42.0,21,Tuesday,January,2024-01-09,False,22.86,18.83
1221,2024-01-25 13:27:00,2024-01-25 13:45:00,33,80,1,1.59,82.08,4.46,86.54,Card,1,18.0,13,Thursday,January,2024-01-25,False,51.62,5.43
1222,2024-01-26 13:21:00,2024-01-26 13:33:00,200,194,1,19.98,410.55,20.53,431.08,Cash,1,12.0,13,Friday,January,2024-01-26,False,20.55,5.0
1223,2024-01-29 14:36:00,2024-01-29 15:34:00,119,200,4,1.29,93.06,8.23,101.29,Cash,1,58.0,14,Monday,January,2024-01-29,False,72.14,8.84
1224,2024-01-24 15:52:00,2024-01-24 15:58:00,229,13,1,8.04,201.86,35.91,237.77,Card,1,6.0,15,Wednesday,January,2024-01-24,False,25.11,17.79
1225,2024-01-17 11:52:00,2024-01-17 13:17:00,118,222,1,1.14,74.7,12.33,87.03,Card,2,85.0,11,Wednesday,January,2024-01-17,False,65.53,16.51
1226,2024-01-13 06:45:00,2024-01-13 08:07:00,176,193,1,10.03,235.42,23.79,259.21,Card,1,82.0,6,Saturday,January,2024-01-13,False,23.47,10.11
1227,2024-01-29 18:01:00,2024-01-29 19:01:00,185,240,2,2.52,109.64,5.52,115.16,Cash,1,60.0,18,Monday,January,2024-01-29,False,43.51,5.03
1228,2024-01-08 21:32:00,2024-01-08 23:00:00,215,99,1,22.92,462.78,61.65,524.43,Card,2,88.0,21,Monday,January,2024-01-08,False,20.19,13.32
1229,2024-01-07 05:56:00,2024-01-07 07:25:00,221,220,1,10.98,249.31,21.36,270.67,Card,2,89.0,5,Sunday,January,2024-01-07,False,22.71,8.57
1230,2024-01-12 10:18:00,2024-01-12 11:23:00,130,104,1,12.03,279.22,45.19,324.41,Card,2,65.0,10,Friday,January,2024-01-12,False,23.21,16.18
1231,2024-01-23 03:29:00,2024-01-23 03:55:00,246,65,3,9.4,211.39,24.72,236.11,Cash,1,26.0,3,Tuesday,January,2024-01-23,False,22.49,11.69
1232,2024-01-19 12:25:00,2024-01-19 13:04:00,123,145,1,16.06,355.04,53.89,408.93,Card,1,39.0,12,Friday,January,2024-01-19,False,22.11,15.18
1233,2024-01-27 13:23:00,2024-01-27 13:43:00,8,38,2,19.83,409.85,72.89,482.74,Card,1,20.0,13,Saturday,January,2024-01-27,False,20.67,17.78
1234,2024-01-22 23:33:00,2024-01-23 00:27:00,67,28,1,16.56,355.52,46.35,401.87,Card,1,54.0,23,Monday,January,2024-01-22,False,21.47,13.04
1235,2024-01-19 12:17:00,2024-01-19 13:04:00,115,237,2,18.96,404.0,40.56,444.56,Card,1,47.0,12,Friday,January,2024-01-19,False,21.31,10.04
1236,2024-01-28 17:52:00,2024-01-28 18:13:00,105,126,1,22.74,457.3,75.65,532.95,Card,2,21.0,17,Sunday,January,2024-01-28,False,20.11,16.54
1237,2024-01-16 09:40:00,2024-01-16 11:04:00,25,85,2,21.73,457.85,41.1,498.95,Card,1,84.0,9,Tuesday,January,2024-01-16,False,21.07,8.98
1238,2024-01-23 03:36:00,2024-01-23 04:38:00,53,237,2,17.18,378.62,69.56,448.18,Card,1,62.0,3,Tuesday,January,2024-01-23,False,22.04,18.37
1239,2024-01-09 22:35:00,2024-01-09 22:41:00,247,246,1,6.15,165.53,10.05,175.58,Card,1,6.0,22,Tuesday,January,2024-01-09,False,26.92,6.07
1240,2024-01-02 03:02:00,2024-01-02 03:10:00,33,249,3,16.3,361.51,63.38,424.89,Card,1,8.0,3,Tuesday,January,2024-01-02,False,22.18,17.53
1241,2024-01-29 08:09:00,2024-01-29 09:38:00,36,205,3,13.15,276.73,17.64,294.37,Card,1,89.0,8,Monday,January,2024-01-29,False,21.04,6.37
1242,2024-01-12 14:45:00,2024-01-12 15:28:00,239,228,1,18.21,394.61,23.05,417.66,Cash,1,43.0,14,Friday,January,2024-01-12,False,21.67,5.84
1243,2024-01-29 07:20:00,2024-01-29 07:30:00,217,240,2,20.99,427.15,44.63,471.78,Card,2,10.0,7,Monday,January,2024-01-29,False,20.35,10.45
1244,2024-01-11 20:46:00,2024-01-11 22:11:00,177,73,2,18.83,388.28,75.13,463.41,Card,2,85.0,20,Thursday,January,2024-01-11,False,20.62,19.35
1245,2024-01-12 19:49:00,2024-01-12 21:02:00,44,159,1,21.32,430.6,85.05,515.65,Card,2,73.0,19,Friday,January,2024-01-12,False,20.2,19.75
1246,2024-01-21 10:02:00,2024-01-21 11:15:00,158,212,1,2.53,95.05,7.63,102.68,Card,2,73.0,10,Sunday,January,2024-01-21,False,37.57,8.03
1247,2024-01-03 23:03:00,2024-01-03 23:27:00,171,136,5,1.76,78.08,5.64,83.72,Card,2,24.0,23,Wednesday,January,2024-01-03,False,44.36,7.22
1248,2024-01-22 12:27:00,2024-01-22 13:35:00,221,164,2,7.2,196.78,20.26,217.04,Card,2,68.0,12,Monday,January,2024-01-22,False,27.33,10.3
1249,2024-01-07 00:06:00,2024-01-07 00:26:00,230,137,4,22.62,474.13,47.68,521.81,Card,1,20.0,0,Sunday,January,2024-01-07,False,20.96,10.06
1250,2024-01-20 02:49:00,2024-01-20 03:44:00,91,171,2,20.77,416.93,68.35,485.28,Card,1,55.0,2,Saturday,January,2024-01-20,False,20.07,16.39
1251,2024-01-09 02:24:00,2024-01-09 03:05:00,131,152,1,17.39,357.31,41.66,398.97,Card,2,41.0,2,Tuesday,January,2024-01-09,False,20.55,11.66
1252,2024-01-25 19:37:00,2024-01-25 20:54:00,226,165,1,17.82,386.62,64.56,451.18,Cash,2,77.0,19,Thursday,January,2024-01-25,False,21.7,16.7
1253,2024-01-25 20:36:00,2024-01-25 21:49:00,225,104,2,18.44,383.89,62.31,446.2,Card,1,73.0,20,Thursday,January,2024-01-25,False,20.82,16.23
1254,2024-01-17 16:27:00,2024-01-17 17:13:00,143,222,2,23.62,470.24,64.3,534.54,Cash,1,46.0,16,Wednesday,January,2024-01-17,False,19.91,13.67
1255,2024-01-21 09:33:00,2024-01-21 10:34:00,66,129,1,20.97,432.78,75.75,508.53,Card,2,61.0,9,Sunday,January,2024-01-21,False,20.64,17.5
1256,2024-01-26 06:37:00,2024-01-26 07:47:00,28,220,2,15.96,339.78,26.96,366.74,Card,2,70.0,6,Friday,January,2024-01-26,False,21.29,7.93
1257,2024-01-15 07:29:00,2024-01-15 07:42:00,125,173,3,16.98,352.21,26.16,378.37,Card,2,13.0,7,Monday,January,2024-01-15,False,20.74,7.43
1258,2024-01-25 21:15:00,2024-01-25 22:45:00,212,96,2,6.13,171.96,27.96,199.92,Card,1,90.0,21,Thursday,January,2024-01-25,False,28.05,16.26
1259,2024-01-27 21:09:00,2024-01-27 22:17:00,80,52,1,16.78,360.98,31.3,392.28,Cash,2,68.0,21,Saturday,January,2024-01-27,False,21.51,8.67
1260,2024-01-14 08:50:00,2024-01-14 10:20:00,238,94,1,11.19,244.41,12.32,256.73,Card,2,90.0,8,Sunday,January,2024-01-14,False,21.84,5.04
1261,2024-01-15 16:52:00,2024-01-15 17:18:00,132,64,5,4.67,151.82,28.36,180.18,Card,2,26.0,16,Monday,January,2024-01-15,False,32.51,18.68
1262,2024-01-09 00:35:00,2024-01-09 01:13:00,119,21,3,20.35,423.05,60.68,483.73,Card,2,38.0,0,Tuesday,January,2024-01-09,False,20.79,14.34
1263,2024-01-16 04:34:00,2024-01-16 05:33:00,46,106,1,13.25,286.01,33.39,319.4,Card,1,59.0,4,Tuesday,January,2024-01-16,False,21.59,11.67
1264,2024-01-10 02:01:00,2024-01-10 02:34:00,84,200,3,24.46,486.47,77.28,563.75,Card,2,33.0,2,Wednesday,January,2024-01-10,False,19.89,15.89
1265,2024-01-17 17:03:00,2024-01-17 17:45:00,13,100,1,7.76,183.76,18.38,202.14,Card,1,42.0,17,Wednesday,January,2024-01-17,False,23.68,10.0
1266,2024-01-05 17:39:00,2024-01-05 18:01:00,125,27,1,12.54,278.46,53.76,332.22,Card,1,22.0,17,Friday,January,2024-01-05,False,22.21,19.31
1267,2024-01-18 20:32:00,2024-01-18 21:47:00,172,245,1,11.75,255.57,15.41,270.98,Cash,2,75.0,20,Thursday,January,2024-01-18,False,21.75,6.03
1268,2024-01-18 04:42:00,2024-01-18 05:51:00,234,63,1,3.9,122.67,17.93,140.6,Card,2,69.0,4,Thursday,January,2024-01-18,False,31.45,14.62
1269,2024-01-08 16:06:00,2024-01-08 16:11:00,181,38,3,11.23,246.6,41.08,287.68,Card,1,5.0,16,Monday,January,2024-01-08,False,21.96,16.66
1270,2024-01-22 20:23:00,2024-01-22 20:31:00,51,127,2,7.9,201.9,24.3,226.2,Card,1,8.0,20,Monday,January,2024-01-22,False,25.56,12.04
1271,2024-01-20 23:29:00,2024-01-20 23:37:00,169,71,1,4.85,150.86,24.63,175.49,Card,1,8.0,23,Saturday,January,2024-01-20,False,31.11,16.33
1272,2024-01-17 01:50:00,2024-01-17 03:16:00,207,134,3,7.77,196.35,37.12,233.47,Card,1,86.0,1,Wednesday,January,2024-01-17,False,25.27,18.91
1273,2024-01-02 21:11:00,2024-01-02 21:42:00,148,253,3,6.6,179.2,28.96,208.16,Cash,1,31.0,21,Tuesday,January,2024-01-02,False,27.15,16.16
1274,2024-01-04 08:53:00,2024-01-04 09:40:00,37,13,1,18.62,403.31,38.88,442.19,Card,2,47.0,8,Thursday,January,2024-01-04,False,21.66,9.64
1275,2024-01-21 04:37:00,2024-01-21 05:40:00,161,174,2,1.74,90.47,12.15,102.62,Card,2,63.0,4,Sunday,January,2024-01-21,False,51.99,13.43
1276,2024-01-17 13:43:00,2024-01-17 14:19:00,106,90,2,15.82,335.68,62.69,398.37,Card,2,36.0,13,Wednesday,January,2024-01-17,False,21.22,18.68
1277,2024-01-16 03:12:00,2024-01-16 03:49:00,22,207,2,19.26,400.16,46.96,447.12,Card,1,37.0,3,Tuesday,January,2024-01-16,False,20.78,11.74
1278,2024-01-29 02:43:00,2024-01-29 03:15:00,233,62,2,12.54,291.54,44.39,335.93,Card,1,32.0,2,Monday,January,2024-01-29,False,23.25,15.23
1279,2024-01-07 05:02:00,2024-01-07 06:01:00,122,39,1,23.36,464.4,55.65,520.05,Card,1,59.0,5,Sunday,January,2024-01-07,False,19.88,11.98
1280,2024-01-02 05:22:00,2024-01-02 06:26:00,129,60,1,17.99,373.59,25.48,399.07,Card,1,64.0,5,Tuesday,January,2024-01-02,False,20.77,6.82
1281,2024-01-23 05:07:00,2024-01-23 06:21:00,217,105,3,18.95,398.42,23.42,421.84,Card,2,74.0,5,Tuesday,January,2024-01-23,False,21.02,5.88
1282,2024-01-12 00:10:00,2024-01-12 01:16:00,148,239,3,5.73,163.43,31.52,194.95,Card,2,66.0,0,Friday,January,2024-01-12,False,28.52,19.29
1283,2024-01-09 09:52:00,2024-01-09 11:16:00,58,127,1,19.66,416.78,59.13,475.91,Cash,1,84.0,9,Tuesday,January,2024-01-09,False,21.2,14.19
1284,2024-01-17 16:58:00,2024-01-17 17:36:00,237,83,1,20.97,427.01,28.0,455.01,Card,1,38.0,16,Wednesday,January,2024-01-17,False,20.36,6.56
1285,2024-01-28 00:10:00,2024-01-28 01:10:00,70,220,3,9.67,218.44,39.02,257.46,Cash,2,60.0,0,Sunday,January,2024-01-28,False,22.59,17.86
1286,2024-01-01 08:01:00,2024-01-01 08:18:00,189,105,1,6.12,178.81,22.96,201.77,Card,2,17.0,8,Monday,January,2024-01-01,False,29.22,12.84
1287,2024-01-23 20:41:00,2024-01-23 21:41:00,242,74,1,10.24,226.61,37.57,264.18,Cash,2,60.0,20,Tuesday,January,2024-01-23,False,22.13,16.58
1288,2024-01-29 01:05:00,2024-01-29 01:27:00,63,135,1,18.75,380.37,26.25,406.62,Card,1,22.0,1,Monday,January,2024-01-29,False,20.29,6.9
1289,2024-01-02 01:24:00,2024-01-02 02:22:00,241,62,1,11.02,253.21,47.11,300.32,Cash,2,58.0,1,Tuesday,January,2024-01-02,False,22.98,18.61
1290,2024-01-25 05:28:00,2024-01-25 06:49:00,185,1,1,18.68,400.82,55.55,456.37,Cash,1,81.0,5,Thursday,January,2024-01-25,False,21.46,13.86
1291,2024-01-11 10:48:00,2024-01-11 11:35:00,259,79,2,3.73,130.38,20.96,151.34,Cash,2,47.0,10,Thursday,January,2024-01-11,False,34.95,16.08
1292,2024-01-25 09:11:00,2024-01-25 09:54:00,229,65,1,20.34,434.25,23.76,458.01,Cash,2,43.0,9,Thursday,January,2024-01-25,False,21.35,5.47
1293,2024-01-27 07:44:00,2024-01-27 08:49:00,223,183,5,7.08,171.69,16.7,188.39,Card,2,65.0,7,Saturday,January,2024-01-27,False,24.25,9.73
1294,2024-01-24 14:48:00,2024-01-24 15:34:00,99,66,4,6.97,176.73,15.93,192.66,Card,1,46.0,14,Wednesday,January,2024-01-24,False,25.36,9.01
1295,2024-01-01 01:00:00,2024-01-01 02:25:00,247,208,4,15.17,321.52,61.87,383.39,Card,1,85.0,1,Monday,January,2024-01-01,False,21.19,19.24
1296,2024-01-07 08:10:00,2024-01-07 09:33:00,45,54,3,2.68,114.07,8.87,122.94,Card,2,83.0,8,Sunday,January,2024-01-07,False,42.56,7.78
1297,2024-01-13 12:23:00,2024-01-13 12:45:00,5,221,2,1.63,83.99,13.11,97.1,Card,1,22.0,12,Saturday,January,2024-01-13,False,51.53,15.61
1298,2024-01-10 06:30:00,2024-01-10 06:57:00,11,236,1,7.26,171.49,9.67,181.16,Card,2,27.0,6,Wednesday,January,2024-01-10,False,23.62,5.64
1299,2024-01-17 21:54:00,2024-01-17 22:52:00,39,100,1,13.91,311.62,24.82,336.44,Card,1,58.0,21,Wednesday,January,2024-01-17,False,22.4,7.96
1300,2024-01-20 13:05:00,2024-01-20 13:39:00,42,103,1,22.78,461.7,46.53,508.23,Card,2,34.0,13,Saturday,January,2024-01-20,False,20.27,10.08
1301,2024-01-24 15:00:00,2024-01-24 16:02:00,203,182,1,21.31,439.51,74.35,513.86,Card,1,62.0,15,Wednesday,January,2024-01-24,False,20.62,16.92
1302,2024-01-15 07:07:00,2024-01-15 08:19:00,94,108,1,12.77,296.67,49.99,346.66,Card,1,72.0,7,Monday,January,2024-01-15,False,23.23,16.85
1303,2024-01-29 13:31:00,2024-01-29 14:42:00,5,12,6,1.89,81.72,15.76,97.48,Card,2,71.0,13,Monday,January,2024-01-29,False,43.24,19.29
1304,2024-01-07 16:50:00,2024-01-07 18:05:00,52,86,1,13.85,296.51,55.6,352.11,Card,2,75.0,16,Sunday,January,2024-01-07,False,21.41,18.75
1305,2024-01-14 20:13:00,2024-01-14 20:35:00,150,214,1,17.92,370.46,23.05,393.51,Cash,1,22.0,20,Sunday,January,2024-01-14,False,20.67,6.22
1306,2024-01-15 07:01:00,2024-01-15 07:12:00,205,44,2,9.14,214.66,37.45,252.11,Cash,2,11.0,7,Monday,January,2024-01-15,False,23.49,17.45
1307,2024-01-17 05:53:00,2024-01-17 06:37:00,187,78,1,3.67,109.28,12.86,122.14,Card,2,44.0,5,Wednesday,January,2024-01-17,False,29.78,11.77
1308,2024-01-17 00:11:00,2024-01-17 01:25:00,153,55,4,7.69,199.34,35.86,235.2,Card,2,74.0,0,Wednesday,January,2024-01-17,False,25.92,17.99
1309,2024-01-19 04:52:00,2024-01-19 06:22:00,116,71,1,19.52,397.58,25.2,422.78,Card,2,90.0,4,Friday,January,2024-01-19,False,20.37,6.34
1310,2024-01-03 20:10:00,2024-01-03 21:19:00,149,68,1,9.43,237.52,41.19,278.71,Card,1,69.0,20,Wednesday,January,2024-01-03,False,25.19,17.34
1311,2024-01-05 20:00:00,2024-01-05 21:12:00,220,180,4,20.49,415.29,30.71,446.0,Card,2,72.0,20,Friday,January,2024-01-05,False,20.27,7.39
1312,2024-01-25 20:12:00,2024-01-25 21:05:00,192,174,2,8.67,203.73,20.39,224.12,Cash,1,53.0,20,Thursday,January,2024-01-25,False,23.5,10.01
1313,2024-01-15 22:40:00,2024-01-15 23:36:00,233,169,1,4.93,137.65,7.48,145.13,Cash,1,56.0,22,Monday,January,2024-01-15,False,27.92,5.43
1314,2024-01-26 06:48:00,2024-01-26 07:21:00,221,261,2,11.46,269.34,18.47,287.81,Cash,1,33.0,6,Friday,January,2024-01-26,False,23.5,6.86
1315,2024-01-20 18:30:00,2024-01-20 18:55:00,47,125,2,11.85,266.13,31.1,297.23,Card,1,25.0,18,Saturday,January,2024-01-20,False,22.46,11.69
1316,2024-01-15 05:31:00,2024-01-15 06:53:00,127,131,1,1.39,89.6,15.48,105.08,Card,2,82.0,5,Monday,January,2024-01-15,False,64.46,17.28
1317,2024-01-01 22:21:00,2024-01-01 22:34:00,215,234,3,3.81,132.13,21.94,154.07,Card,1,13.0,22,Monday,January,2024-01-01,False,34.68,16.6
1318,2024-01-18 05:11:00,2024-01-18 06:02:00,7,154,5,5.44,165.8,14.14,179.94,Card,2,51.0,5,Thursday,January,2024-01-18,False,30.48,8.53
1319,2024-01-01 05:38:00,2024-01-01 06:58:00,184,125,2,3.73,129.84,9.45,139.29,Card,2,80.0,5,Monday,January,2024-01-01,False,34.81,7.28
1320,2024-01-05 02:15:00,2024-01-05 03:01:00,116,100,2,9.2,207.16,22.45,229.61,Card,1,46.0,2,Friday,January,2024-01-05,False,22.52,10.84
1321,2024-01-09 12:14:00,2024-01-09 13:09:00,52,53,3,24.15,499.82,91.21,591.03,Card,2,55.0,12,Tuesday,January,2024-01-09,False,20.7,18.25
1322,2024-01-08 21:04:00,2024-01-08 22:04:00,46,128,1,13.22,306.1,19.5,325.6,Cash,1,60.0,21,Monday,January,2024-01-08,False,23.15,6.37
1323,2024-01-02 05:10:00,2024-01-02 06:05:00,23,14,6,16.06,358.89,47.17,406.06,Card,2,55.0,5,Tuesday,January,2024-01-02,False,22.35,13.14
1324,2024-01-02 16:21:00,2024-01-02 17:35:00,131,5,2,9.55,215.66,13.66,229.32,Cash,2,74.0,16,Tuesday,January,2024-01-02,False,22.58,6.33
1325,2024-01-28 16:47:00,2024-01-28 17:11:00,127,250,1,8.76,216.08,26.04,242.12,Card,2,24.0,16,Sunday,January,2024-01-28,False,24.67,12.05
1326,2024-01-04 16:39:00,2024-01-04 17:10:00,196,27,2,1.56,74.06,5.11,79.17,Card,1,31.0,16,Thursday,January,2024-01-04,False,47.47,6.9
1327,2024-01-12 00:56:00,2024-01-12 01:38:00,48,125,1,13.01,282.06,17.5,299.56,Card,1,42.0,0,Friday,January,2024-01-12,False,21.68,6.2
1328,2024-01-09 06:38:00,2024-01-09 07:54:00,82,29,1,12.61,289.35,22.75,312.1,Card,1,76.0,6,Tuesday,January,2024-01-09,False,22.95,7.86
1329,2024-01-18 09:44:00,2024-01-18 10:53:00,109,3,2,4.79,155.55,13.73,169.28,Card,2,69.0,9,Thursday,January,2024-01-18,False,32.47,8.83
1330,2024-01-20 09:35:00,2024-01-20 10:33:00,263,228,2,19.34,405.97,37.12,443.09,Card,1,58.0,9,Saturday,January,2024-01-20,False,20.99,9.14
1331,2024-01-27 03:21:00,2024-01-27 03:49:00,31,137,2,12.82,296.28,43.49,339.77,Cash,2,28.0,3,Saturday,January,2024-01-27,False,23.11,14.68
1332,2024-01-21 15:11:00,2024-01-21 16:02:00,56,257,1,9.14,204.79,11.93,216.72,Card,2,51.0,15,Sunday,January,2024-01-21,False,22.41,5.83
1333,2024-01-04 08:06:00,2024-01-04 09:21:00,189,240,1,4.53,122.64,7.62,130.26,Cash,2,75.0,8,Thursday,January,2024-01-04,False,27.07,6.21
1334,2024-01-29 17:20:00,2024-01-29 18:47:00,5,160,2,14.25,314.4,24.62,339.02,Card,2,87.0,17,Monday,January,2024-01-29,False,22.06,7.83
1335,2024-01-09 11:02:00,2024-01-09 12:32:00,145,6,6,19.07,394.93,71.41,466.34,Card,1,90.0,11,Tuesday,January,2024-01-09,False,20.71,18.08
1336,2024-01-16 11:37:00,2024-01-16 12:44:00,196,143,3,7.77,206.55,29.8,236.35,Card,1,67.0,11,Tuesday,January,2024-01-16,False,26.58,14.43
1337,2024-01-14 13:41:00,2024-01-14 14:42:00,27,181,3,6.25,161.56,25.78,187.34,Card,2,61.0,13,Sunday,January,2024-01-14,False,25.85,15.96
1338,2024-01-21 02:01:00,2024-01-21 03:00:00,127,30,1,13.53,296.5,31.3,327.8,Card,2,59.0,2,Sunday,January,2024-01-21,False,21.91,10.56
1339,2024-01-12 15:34:00,2024-01-12 16:38:00,135,253,3,4.73,140.98,11.56,152.54,Card,2,64.0,15,Friday,January,2024-01-12,False,29.81,8.2
1340,2024-01-26 19:58:00,2024-01-26 21:04:00,23,40,1,17.0,354.19,19.73,373.92,Cash,1,66.0,19,Friday,January,2024-01-26,False,20.83,5.57
1341,2024-01-07 03:00:00,2024-01-07 03:34:00,117,187,1,15.53,346.79,42.75,389.54,Card,2,34.0,3,Sunday,January,2024-01-07,False,22.33,12.33
1342,2024-01-17 17:10:00,2024-01-17 17:36:00,8,227,1,3.09,109.56,14.92,124.48,Card,1,26.0,17,Wednesday,January,2024-01-17,False,35.46,13.62
1343,2024-01-03 22:32:00,2024-01-03 23:51:00,101,220,3,1.88,86.56,15.97,102.53,Card,1,79.0,22,Wednesday,January,2024-01-03,False,46.04,18.45
1344,2024-01-08 17:22:00,2024-01-08 18:50:00,261,43,1,15.89,351.51,64.09,415.6,Card,1,88.0,17,Monday,January,2024-01-08,False,22.12,18.23
1345,2024-01-11 10:23:00,2024-01-11 10:56:00,199,144,1,8.06,194.44,22.11,216.55,Card,2,33.0,10,Thursday,January,2024-01-11,False,24.12,11.37
1346,2024-01-06 13:27:00,2024-01-06 14:12:00,86,174,1,3.07,119.78,13.6,133.38,Card,1,45.0,13,Saturday,January,2024-01-06,False,39.02,11.35
1347,2024-01-13 10:25:00,2024-01-13 11:11:00,228,247,2,19.23,389.81,28.91,418.72,Card,1,46.0,10,Saturday,January,2024-01-13,False,20.27,7.42
1348,2024-01-30 00:26:00,2024-01-30 01:35:00,179,173,3,8.54,199.2,17.65,216.85,Card,1,69.0,0,Tuesday,January,2024-01-30,False,23.33,8.86
1349,2024-01-21 09:58:00,2024-01-21 10:33:00,240,41,1,12.03,285.07,53.84,338.91,Cash,1,35.0,9,Sunday,January,2024-01-21,False,23.7,18.89
1350,2024-01-24 19:08:00,2024-01-24 19:42:00,12,50,1,6.68,185.51,13.2,198.71,Card,1,34.0,19,Wednesday,January,2024-01-24,False,27.77,7.12
1351,2024-01-05 16:17:00,2024-01-05 16:39:00,234,180,1,16.06,340.72,66.54,407.26,Cash,2,22.0,16,Friday,January,2024-01-05,False,21.22,19.53
1352,2024-01-26 01:02:00,2024-01-26 01:23:00,183,159,1,8.24,207.47,26.08,233.55,Card,2,21.0,1,Friday,January,2024-01-26,False,25.18,12.57
1353,2024-01-18 17:10:00,2024-01-18 17:52:00,190,37,1,24.23,504.43,59.77,564.2,Card,1,42.0,17,Thursday,January,2024-01-18,False,20.82,11.85
1354,2024-01-14 11:46:00,2024-01-14 12:04:00,215,27,1,17.87,368.02,28.04,396.06,Cash,2,18.0,11,Sunday,January,2024-01-14,False,20.59,7.62
1355,2024-01-26 21:05:00,2024-01-26 22:28:00,258,256,2,4.28,118.81,17.73,136.54,Card,1,83.0,21,Friday,January,2024-01-26,False,27.76,14.92
1356,2024-01-13 09:30:00,2024-01-13 10:30:00,26,249,1,11.0,254.12,30.23,284.35,Cash,2,60.0,9,Saturday,January,2024-01-13,False,23.1,11.9
1357,2024-01-01 10:14:00,2024-01-01 10:40:00,82,181,3,10.25,228.78,24.16,252.94,Card,2,26.0,10,Monday,January,2024-01-01,False,22.32,10.56
1358,2024-01-16 02:56:00,2024-01-16 04:07:00,185,17,6,13.82,294.38,26.4,320.78,Card,1,71.0,2,Tuesday,January,2024-01-16,False,21.3,8.97
1359,2024-01-17 17:17:00,2024-01-17 18:17:00,62,125,1,21.21,448.53,26.9,475.43,Card,1,60.0,17,Wednesday,January,2024-01-17,False,21.15,6.0
1360,2024-01-07 12:14:00,2024-01-07 12:37:00,30,212,1,15.0,310.22,39.68,349.9,Cash,2,23.0,12,Sunday,January,2024-01-07,False,20.68,12.79
1361,2024-01-25 14:35:00,2024-01-25 15:36:00,31,237,2,2.48,109.14,10.58,119.72,Cash,2,61.0,14,Thursday,January,2024-01-25,False,44.01,9.69
1362,2024-01-22 11:07:00,2024-01-22 11:55:00,173,200,1,16.73,356.65,55.7,412.35,Card,2,48.0,11,Monday,January,2024-01-22,False,21.32,15.62
1363,2024-01-10 07:29:00,2024-01-10 08:08:00,102,181,1,1.2,78.38,12.43,90.81,Card,1,39.0,7,Wednesday,January,2024-01-10,False,65.32,15.86
1364,2024-01-12 11:14:00,2024-01-12 11:19:00,128,130,1,19.72,415.11,41.43,456.54,Card,1,5.0,11,Friday,January,2024-01-12,False,21.05,9.98
1365,2024-01-21 17:46:00,2024-01-21 18:42:00,86,121,4,17.0,358.94,53.97,412.91,Card,2,56.0,17,Sunday,January,2024-01-21,False,21.11,15.04
1366,2024-01-03 01:43:00,2024-01-03 03:12:00,28,187,2,8.41,194.85,17.3,212.15,Card,1,89.0,1,Wednesday,January,2024-01-03,False,23.17,8.88
1367,2024-01-23 00:25:00,2024-01-23 01:39:00,122,227,1,8.02,187.44,29.82,217.26,Card,2,74.0,0,Tuesday,January,2024-01-23,False,23.37,15.91
1368,2024-01-15 08:22:00,2024-01-15 09:03:00,251,162,1,20.16,425.51,22.3,447.81,Cash,1,41.0,8,Monday,January,2024-01-15,False,21.11,5.24
1369,2024-01-17 07:50:00,2024-01-17 08:59:00,61,112,1,19.8,403.03,29.32,432.35,Card,1,69.0,7,Wednesday,January,2024-01-17,False,20.36,7.27
1370,2024-01-09 18:51:00,2024-01-09 19:46:00,171,134,1,9.46,211.12,18.31,229.43,Cash,1,55.0,18,Tuesday,January,2024-01-09,False,22.32,8.67
1371,2024-01-29 11:18:00,2024-01-29 11:23:00,113,186,1,8.17,216.45,35.92,252.37,Cash,2,5.0,11,Monday,January,2024-01-29,False,26.49,16.6
1372,2024-01-20 19:35:00,2024-01-20 20:00:00,194,175,3,14.44,329.33,19.75,349.08,Card,2,25.0,19,Saturday,January,2024-01-20,False,22.81,6.0
1373,2024-01-05 14:40:00,2024-01-05 15:37:00,19,261,1,1.2,72.94,5.7,78.64,Cash,2,57.0,14,Friday,January,2024-01-05,False,60.78,7.81
1374,2024-01-11 15:17:00,2024-01-11 15:37:00,93,224,1,2.98,94.41,9.8,104.21,Card,1,20.0,15,Thursday,January,2024-01-11,False,31.68,10.38
1375,2024-01-06 06:04:00,2024-01-06 07:09:00,217,252,1,4.03,134.36,6.9,141.26,Cash,1,65.0,6,Saturday,January,2024-01-06,False,33.34,5.14
1376,2024-01-19 23:45:00,2024-01-20 00:43:00,179,64,1,5.45,163.03,26.79,189.82,Card,2,58.0,23,Friday,January,2024-01-19,False,29.91,16.43
1377,2024-01-20 22:07:00,2024-01-20 22:51:00,191,124,5,13.29,282.97,37.92,320.89,Card,2,44.0,22,Saturday,January,2024-01-20,False,21.29,13.4
1378,2024-01-10 12:57:00,2024-01-10 13:27:00,163,70,1,24.81,490.64,90.82,581.46,Card,1,30.0,12,Wednesday,January,2024-01-10,False,19.78,18.51
1379,2024-01-07 11:23:00,2024-01-07 12:47:00,100,238,1,16.66,364.55,19.92,384.47,Cash,1,84.0,11,Sunday,January,2024-01-07,False,21.88,5.46
1380,2024-01-11 13:49:00,2024-01-11 14:58:00,187,75,1,2.47,112.12,10.17,122.29,Cash,1,69.0,13,Thursday,January,2024-01-11,False,45.39,9.07
1381,2024-01-06 21:42:00,2024-01-06 23:00:00,67,10,1,13.61,308.7,49.3,358.0,Card,1,78.0,21,Saturday,January,2024-01-06,False,22.68,15.97
1382,2024-01-01 09:05:00,2024-01-01 10:13:00,73,88,4,12.92,278.58,42.14,320.72,Card,1,68.0,9,Monday,January,2024-01-01,False,21.56,15.13
1383,2024-01-26 18:34:00,2024-01-26 19:21:00,232,50,1,4.46,132.63,11.47,144.1,Card,1,47.0,18,Friday,January,2024-01-26,False,29.74,8.65
1384,2024-01-21 10:30:00,2024-01-21 10:51:00,189,143,1,23.09,473.65,66.0,539.65,Cash,2,21.0,10,Sunday,January,2024-01-21,False,20.51,13.93
1385,2024-01-07 22:36:00,2024-01-07 23:39:00,50,59,1,11.58,253.25,42.82,296.07,Cash,1,63.0,22,Sunday,January,2024-01-07,False,21.87,16.91
1386,2024-01-20 07:08:00,2024-01-20 07:35:00,124,211,2,24.87,493.98,27.17,521.15,Card,2,27.0,7,Saturday,January,2024-01-20,False,19.86,5.5
1387,2024-01-21 19:29:00,2024-01-21 19:40:00,157,72,2,11.08,247.93,39.08,287.01,Card,1,11.0,19,Sunday,January,2024-01-21,False,22.38,15.76
1388,2024-01-10 15:59:00,2024-01-10 16:47:00,261,244,2,15.59,335.91,29.5,365.41,Card,1,48.0,15,Wednesday,January,2024-01-10,False,21.55,8.78
1389,2024-01-03 15:30:00,2024-01-03 16:27:00,195,239,1,3.51,118.5,22.77,141.27,Card,2,57.0,15,Wednesday,January,2024-01-03,False,33.76,19.22
1390,2024-01-22 05:46:00,2024-01-22 07:01:00,256,190,4,11.9,278.63,36.43,315.06,Cash,1,75.0,5,Monday,January,2024-01-22,False,23.41,13.07
1391,2024-01-28 18:14:00,2024-01-28 19:37:00,200,50,1,6.73,183.73,10.11,193.84,Card,2,83.0,18,Sunday,January,2024-01-28,False,27.3,5.5
1392,2024-01-30 00:13:00,2024-01-30 00:51:00,68,205,1,21.05,446.31,49.32,495.63,Card,2,38.0,0,Tuesday,January,2024-01-30,False,21.2,11.05
1393,2024-01-12 08:51:00,2024-01-12 09:41:00,80,54,2,19.81,421.57,82.18,503.75,Cash,2,50.0,8,Friday,January,2024-01-12,False,21.28,19.49
1394,2024-01-21 13:49:00,2024-01-21 15:01:00,233,224,1,20.78,421.66,67.28,488.94,Card,1,72.0,13,Sunday,January,2024-01-21,False,20.29,15.96
1395,2024-01-06 20:36:00,2024-01-06 21:58:00,186,156,1,18.37,380.6,36.18,416.78,Card,2,82.0,20,Saturday,January,2024-01-06,False,20.72,9.51
1396,2024-01-10 00:24:00,2024-01-10 01:46:00,105,51,1,20.98,432.65,58.97,491.62,Card,2,82.0,0,Wednesday,January,2024-01-10,False,20.62,13.63
1397,2024-01-23 22:39:00,2024-01-23 22:59:00,142,241,1,5.82,145.19,20.31,165.5,Card,1,20.0,22,Tuesday,January,2024-01-23,False,24.95,13.99
1398,2024-01-14 19:35:00,2024-01-14 20:50:00,124,161,1,11.85,280.42,15.0,295.42,Card,2,75.0,19,Sunday,January,2024-01-14,False,23.66,5.35
1399,2024-01-13 14:35:00,2024-01-13 14:58:00,223,129,2,17.6,358.13,27.51,385.64,Cash,2,23.0,14,Saturday,January,2024-01-13,False,20.35,7.68
1400,2024-01-08 08:56:00,2024-01-08 09:02:00,174,85,1,16.3,343.07,45.55,388.62,Card,1,6.0,8,Monday,January,2024-01-08,False,21.05,13.28
1401,2024-01-26 18:49:00,2024-01-26 19:03:00,191,69,2,18.19,384.5,42.45,426.95,Card,2,14.0,18,Friday,January,2024-01-26,False,21.14,11.04
1402,2024-01-28 15:57:00,2024-01-28 16:51:00,140,55,3,6.38,170.38,13.38,183.76,Card,1,54.0,15,Sunday,January,2024-01-28,False,26.71,7.85
1403,2024-01-18 01:34:00,2024-01-18 02:59:00,119,85,1,3.36,120.11,19.93,140.04,Card,2,85.0,1,Thursday,January,2024-01-18,False,35.75,16.59
1404,2024-01-03 09:10:00,2024-01-03 09:26:00,76,80,1,23.0,469.83,57.95,527.78,Card,1,16.0,9,Wednesday,January,2024-01-03,False,20.43,12.33
1405,2024-01-09 19:16:00,2024-01-09 20:30:00,109,220,3,14.44,306.79,29.6,336.39,Card,2,74.0,19,Tuesday,January,2024-01-09,False,21.25,9.65
1406,2024-01-08 12:16:00,2024-01-08 12:42:00,119,110,2,4.69,130.45,9.69,140.14,Cash,2,26.0,12,Monday,January,2024-01-08,False,27.81,7.43
1407,2024-01-23 17:33:00,2024-01-23 18:09:00,258,253,1,20.04,427.94,60.63,488.57,Card,1,36.0,17,Tuesday,January,2024-01-23,False,21.35,14.17
1408,2024-01-14 23:44:00,2024-01-15 01:12:00,20,164,1,22.96,461.2,69.15,530.35,Card,2,88.0,23,Sunday,January,2024-01-14,False,20.09,14.99
1409,2024-01-02 10:10:00,2024-01-02 10:15:00,119,103,2,5.07,139.69,21.01,160.7,Card,2,5.0,10,Tuesday,January,2024-01-02,False,27.55,15.04
1410,2024-01-24 13:33:00,2024-01-24 14:31:00,137,113,2,20.62,423.55,35.17,458.72,Card,2,58.0,13,Wednesday,January,2024-01-24,False,20.54,8.3
1411,2024-01-18 07:51:00,2024-01-18 08:53:00,255,252,2,23.4,465.38,64.83,530.21,Card,1,62.0,7,Thursday,January,2024-01-18,False,19.89,13.93
1412,2024-01-23 12:13:00,2024-01-23 13:27:00,167,152,2,23.52,478.58,88.93,567.51,Card,1,74.0,12,Tuesday,January,2024-01-23,False,20.35,18.58
1413,2024-01-25 04:01:00,2024-01-25 05:28:00,165,251,2,22.94,472.87,48.7,521.57,Cash,1,87.0,4,Thursday,January,2024-01-25,False,20.61,10.3
1414,2024-01-23 20:33:00,2024-01-23 20:55:00,29,88,1,14.11,317.56,25.92,343.48,Card,2,22.0,20,Tuesday,January,2024-01-23,False,22.51,8.16
1415,2024-01-29 04:40:00,2024-01-29 04:50:00,35,100,2,9.55,233.24,38.68,271.92,Card,1,10.0,4,Monday,January,2024-01-29,False,24.42,16.58
1416,2024-01-18 13:20:00,2024-01-18 14:09:00,237,120,6,1.17,65.49,5.01,70.5,Cash,2,49.0,13,Thursday,January,2024-01-18,False,55.97,7.65
1417,2024-01-18 01:17:00,2024-01-18 01:44:00,90,204,1,2.46,97.96,8.63,106.59,Card,1,27.0,1,Thursday,January,2024-01-18,False,39.82,8.81
1418,2024-01-25 14:00:00,2024-01-25 14:27:00,203,149,2,11.29,244.38,15.91,260.29,Card,1,27.0,14,Thursday,January,2024-01-25,False,21.65,6.51
1419,2024-01-04 02:54:00,2024-01-04 03:24:00,228,201,1,10.58,230.97,20.83,251.8,Card,1,30.0,2,Thursday,January,2024-01-04,False,21.83,9.02
1420,2024-01-11 12:32:00,2024-01-11 13:53:00,68,3,1,5.43,150.94,16.84,167.78,Cash,1,81.0,12,Thursday,January,2024-01-11,False,27.8,11.16
1421,2024-01-17 14:15:00,2024-01-17 14:26:00,131,68,4,10.49,236.41,14.1,250.51,Cash,2,11.0,14,Wednesday,January,2024-01-17,False,22.54,5.96
1422,2024-01-07 08:35:00,2024-01-07 09:58:00,111,154,1,5.19,153.92,27.82,181.74,Card,1,83.0,8,Sunday,January,2024-01-07,False,29.66,18.07
1423,2024-01-23 03:23:00,2024-01-23 04:11:00,12,182,1,21.37,446.39,56.71,503.1,Card,2,48.0,3,Tuesday,January,2024-01-23,False,20.89,12.7
1424,2024-01-30 23:54:00,2024-01-31 00:25:00,175,13,1,8.16,213.74,29.54,243.28,Card,1,31.0,23,Tuesday,January,2024-01-30,False,26.19,13.82
1425,2024-01-30 20:41:00,2024-01-30 21:11:00,154,189,1,15.37,339.48,35.88,375.36,Card,2,30.0,20,Tuesday,January,2024-01-30,False,22.09,10.57
1426,2024-01-02 06:28:00,2024-01-02 07:51:00,43,20,2,13.07,276.71,41.64,318.35,Card,2,83.0,6,Tuesday,January,2024-01-02,False,21.17,15.05
1427,2024-01-30 02:18:00,2024-01-30 02:58:00,205,10,1,2.25,91.65,10.52,102.17,Card,1,40.0,2,Tuesday,January,2024-01-30,False,40.73,11.48
1428,2024-01-23 07:23:00,2024-01-23 08:22:00,172,188,1,23.61,473.17,77.69,550.86,Cash,2,59.0,7,Tuesday,January,2024-01-23,False,20.04,16.42
1429,2024-01-27 02:13:00,2024-01-27 03:21:00,52,19,1,13.65,297.28,51.49,348.77,Card,2,68.0,2,Saturday,January,2024-01-27,False,21.78,17.32
1430,2024-01-01 13:26:00,2024-01-01 14:27:00,115,143,1,8.8,203.2,30.64,233.84,Card,1,61.0,13,Monday,January,2024-01-01,False,23.09,15.08
1431,2024-01-29 10:50:00,2024-01-29 12:03:00,19,103,2,4.8,129.33,16.0,145.33,Cash,1,73.0,10,Monday,January,2024-01-29,False,26.94,12.37
1432,2024-01-21 15:57:00,2024-01-21 17:02:00,35,241,2,9.12,219.79,36.78,256.57,Cash,1,65.0,15,Sunday,January,2024-01-21,False,24.1,16.73
1433,2024-01-25 01:16:00,2024-01-25 01:22:00,48,152,1,1.49,88.43,10.98,99.41,Card,2,6.0,1,Thursday,January,2024-01-25,False,59.35,12.42
1434,2024-01-11 02:41:00,2024-01-11 03:40:00,233,188,1,9.73,236.2,15.76,251.96,Cash,1,59.0,2,Thursday,January,2024-01-11,False,24.28,6.67
1435,2024-01-17 20:22:00,2024-01-17 21:46:00,219,210,2,13.76,301.21,20.32,321.53,Card,1,84.0,20,Wednesday,January,2024-01-17,False,21.89,6.75
1436,2024-01-11 08:19:00,2024-01-11 09:01:00,110,177,1,21.92,450.23,86.57,536.8,Card,2,42.0,8,Thursday,January,2024-01-11,False,20.54,19.23
1437,2024-01-12 01:34:00,2024-01-12 02:58:00,254,194,1,17.5,370.49,30.39,400.88,Card,1,84.0,1,Friday,January,2024-01-12,False,21.17,8.2
1438,2024-01-27 12:37:00,2024-01-27 13:59:00,188,177,2,3.68,126.99,21.89,148.88,Card,1,82.0,12,Saturday,January,2024-01-27,False,34.51,17.24
1439,2024-01-30 01:24:00,2024-01-30 01:57:00,31,66,1,4.55,123.34,10.73,134.07,Card,2,33.0,1,Tuesday,January,2024-01-30,False,27.11,8.7
1440,2024-01-26 05:32:00,2024-01-26 06:02:00,259,2,1,11.27,264.16,30.28,294.44,Card,1,30.0,5,Friday,January,2024-01-26,False,23.44,11.46
1441,2024-01-24 17:17:00,2024-01-24 17:56:00,163,60,1,5.7,160.07,23.73,183.8,Card,2,39.0,17,Wednesday,January,2024-01-24,False,28.08,14.82
1442,2024-01-09 01:13:00,2024-01-09 02:36:00,71,43,1,1.67,76.0,5.61,81.61,Card,1,83.0,1,Tuesday,January,2024-01-09,False,45.51,7.38
1443,2024-01-28 19:22:00,2024-01-28 20:33:00,56,93,1,20.32,407.23,65.4,472.63,Card,2,71.0,19,Sunday,January,2024-01-28,False,20.04,16.06
1444,2024-01-13 00:40:00,2024-01-13 01:13:00,99,226,6,1.47,69.72,10.7,80.42,Card,2,33.0,0,Saturday,January,2024-01-13,False,47.43,15.35
1445,2024-01-20 00:16:00,2024-01-20 00:54:00,21,63,1,20.94,432.66,56.88,489.54,Card,1,38.0,0,Saturday,January,2024-01-20,False,20.66,13.15
1446,2024-01-10 20:39:00,2024-01-10 21:24:00,108,14,2,4.46,143.03,19.29,162.32,Card,1,45.0,20,Wednesday,January,2024-01-10,False,32.07,13.49
1447,2024-01-12 00:36:00,2024-01-12 01:21:00,53,28,3,24.39,489.06,32.21,521.27,Card,2,45.0,0,Friday,January,2024-01-12,False,20.05,6.59
1448,2024-01-06 17:25:00,2024-01-06 17:52:00,6,142,2,15.49,330.19,38.1,368.29,Cash,2,27.0,17,Saturday,January,2024-01-06,False,21.32,11.54
1449,2024-01-06 00:14:00,2024-01-06 01:29:00,231,108,2,18.64,403.54,25.42,428.96,Card,2,75.0,0,Saturday,January,2024-01-06,False,21.65,6.3
1450,2024-01-01 12:06:00,2024-01-01 12:13:00,82,78,2,3.65,112.09,10.78,122.87,Card,1,7.0,12,Monday,January,2024-01-01,False,30.71,9.62
1451,2024-01-08 21:22:00,2024-01-08 22:24:00,217,247,1,21.69,433.53,80.22,513.75,Card,2,62.0,21,Monday,January,2024-01-08,False,19.99,18.5
1452,2024-01-13 16:57:00,2024-01-13 17:33:00,47,12,3,21.14,430.82,58.67,489.49,Card,2,36.0,16,Saturday,January,2024-01-13,False,20.38,13.62
1453,2024-01-22 03:28:00,2024-01-22 04:03:00,241,184,1,16.67,362.44,58.5,420.94,Card,1,35.0,3,Monday,January,2024-01-22,False,21.74,16.14
1454,2024-01-19 04:12:00,2024-01-19 05:38:00,178,240,3,13.05,293.68,39.96,333.64,Card,1,86.0,4,Friday,January,2024-01-19,False,22.5,13.61
1455,2024-01-30 18:34:00,2024-01-30 19:21:00,82,263,2,18.32,382.23,30.25,412.48,Card,2,47.0,18,Tuesday,January,2024-01-30,False,20.86,7.91
1456,2024-01-06 07:37:00,2024-01-06 07:48:00,192,73,3,1.14,89.46,12.45,101.91,Card,2,11.0,7,Saturday,January,2024-01-06,False,78.47,13.92
1457,2024-01-14 02:10:00,2024-01-14 02:15:00,143,68,1,15.22,336.01,54.87,390.88,Card,2,5.0,2,Sunday,January,2024-01-14,False,22.08,16.33
1458,2024-01-18 15:45:00,2024-01-18 16:50:00,41,220,3,21.34,425.98,30.14,456.12,Card,1,65.0,15,Thursday,January,2024-01-18,False,19.96,7.08
1459,2024-01-19 12:45:00,2024-01-19 13:03:00,87,47,1,9.57,234.6,40.48,275.08,Card,1,18.0,12,Friday,January,2024-01-19,False,24.51,17.25
1460,2024-01-18 01:38:00,2024-01-18 02:34:00,3,58,2,3.6,105.52,14.07,119.59,Cash,2,56.0,1,Thursday,January,2024-01-18,False,29.31,13.33
1461,2024-01-21 00:31:00,2024-01-21 00:41:00,211,24,1,11.1,259.31,13.13,272.44,Card,1,10.0,0,Sunday,January,2024-01-21,False,23.36,5.06
1462,2024-01-06 11:46:00,2024-01-06 12:00:00,1,24,2,18.45,378.41,48.42,426.83,Card,1,14.0,11,Saturday,January,2024-01-06,False,20.51,12.8
1463,2024-01-06 01:27:00,2024-01-06 02:42:00,75,64,2,3.58,125.33,13.7,139.03,Card,1,75.0,1,Saturday,January,2024-01-06,False,35.01,10.93
1464,2024-01-24 09:00:00,2024-01-24 09:34:00,231,255,1,5.95,156.39,14.77,171.16,Card,1,34.0,9,Wednesday,January,2024-01-24,False,26.28,9.44
1465,2024-01-08 02:22:00,2024-01-08 02:47:00,76,148,1,4.54,147.91,24.51,172.42,Card,1,25.0,2,Monday,January,2024-01-08,False,32.58,16.57
1466,2024-01-27 00:03:00,2024-01-27 01:07:00,260,116,1,20.13,412.45,76.27,488.72,Card,1,64.0,0,Saturday,January,2024-01-27,False,20.49,18.49
1467,2024-01-25 02:21:00,2024-01-25 03:46:00,25,98,2,2.51,103.77,17.06,120.83,Card,2,85.0,2,Thursday,January,2024-01-25,False,41.34,16.44
1468,2024-01-13 08:04:00,2024-01-13 09:22:00,200,239,2,17.48,363.22,64.3,427.52,Cash,2,78.0,8,Saturday,January,2024-01-13,False,20.78,17.7
1469,2024-01-13 06:34:00,2024-01-13 07:41:00,94,93,1,9.79,243.74,45.41,289.15,Card,1,67.0,6,Saturday,January,2024-01-13,False,24.9,18.63
1470,2024-01-13 12:24:00,2024-01-13 13:10:00,108,65,1,19.14,407.95,76.24,484.19,Card,2,46.0,12,Saturday,January,2024-01-13,False,21.31,18.69
1471,2024-01-17 13:54:00,2024-01-17 14:49:00,95,174,2,24.15,482.0,32.39,514.39,Cash,2,55.0,13,Wednesday,January,2024-01-17,False,19.96,6.72
1472,2024-01-23 10:04:00,2024-01-23 11:12:00,91,235,1,3.75,135.96,16.11,152.07,Card,2,68.0,10,Tuesday,January,2024-01-23,False,36.26,11.85
1473,2024-01-13 05:22:00,2024-01-13 06:42:00,44,167,5,8.55,204.61,10.24,214.85,Card,1,80.0,5,Saturday,January,2024-01-13,False,23.93,5.0
1474,2024-01-27 05:44:00,2024-01-27 06:44:00,23,237,1,20.44,427.48,53.85,481.33,Card,1,60.0,5,Saturday,January,2024-01-27,False,20.91,12.6
1475,2024-01-17 03:45:00,2024-01-17 05:09:00,190,7,1,7.39,195.31,36.84,232.15,Card,2,84.0,3,Wednesday,January,2024-01-17,False,26.43,18.86
1476,2024-01-19 00:11:00,2024-01-19 00:56:00,23,43,1,6.16,151.57,12.11,163.68,Card,2,45.0,0,Friday,January,2024-01-19,False,24.61,7.99
1477,2024-01-21 00:41:00,2024-01-21 01:17:00,234,153,1,20.81,443.35,64.71,508.06,Card,2,36.0,0,Sunday,January,2024-01-21,False,21.3,14.6
1478,2024-01-21 06:32:00,2024-01-21 06:51:00,186,43,1,24.69,494.75,72.56,567.31,Card,2,19.0,6,Sunday,January,2024-01-21,False,20.04,14.67
1479,2024-01-30 12:40:00,2024-01-30 13:46:00,63,213,1,14.37,304.35,22.54,326.89,Card,2,66.0,12,Tuesday,January,2024-01-30,False,21.18,7.41
1480,2024-01-11 19:45:00,2024-01-11 20:16:00,103,201,1,7.67,203.58,17.46,221.04,Card,2,31.0,19,Thursday,January,2024-01-11,False,26.54,8.58
1481,2024-01-18 17:59:00,2024-01-18 18:31:00,189,155,2,10.57,251.35,29.99,281.34,Cash,1,32.0,17,Thursday,January,2024-01-18,False,23.78,11.93
1482,2024-01-28 19:39:00,2024-01-28 21:04:00,189,220,2,5.08,134.04,10.49,144.53,Cash,2,85.0,19,Sunday,January,2024-01-28,False,26.39,7.83
1483,2024-01-24 10:22:00,2024-01-24 11:30:00,69,153,1,19.29,390.73,53.82,444.55,Card,1,68.0,10,Wednesday,January,2024-01-24,False,20.26,13.77
1484,2024-01-03 20:53:00,2024-01-03 21:56:00,114,36,2,19.56,413.54,50.73,464.27,Cash,2,63.0,20,Wednesday,January,2024-01-03,False,21.14,12.27
1485,2024-01-11 04:23:00,2024-01-11 05:25:00,104,226,5,22.0,438.24,56.04,494.28,Card,2,62.0,4,Thursday,January,2024-01-11,False,19.92,12.79
1486,2024-01-16 02:34:00,2024-01-16 02:40:00,108,121,5,1.64,97.04,6.81,103.85,Card,2,6.0,2,Tuesday,January,2024-01-16,False,59.17,7.02
1487,2024-01-03 18:12:00,2024-01-03 18:52:00,21,9,3,14.49,323.07,41.22,364.29,Card,1,40.0,18,Wednesday,January,2024-01-03,False,22.3,12.76
1488,2024-01-04 16:15:00,2024-01-04 17:30:00,209,181,3,6.14,160.58,9.22,169.8,Cash,1,75.0,16,Thursday,January,2024-01-04,False,26.15,5.74
1489,2024-01-30 01:53:00,2024-01-30 02:10:00,170,21,1,9.18,216.13,39.39,255.52,Cash,2,17.0,1,Tuesday,January,2024-01-30,False,23.54,18.23
1490,2024-01-21 05:25:00,2024-01-21 05:44:00,194,194,1,19.84,412.31,41.84,454.15,Card,1,19.0,5,Sunday,January,2024-01-21,False,20.78,10.15
1491,2024-01-29 11:16:00,2024-01-29 12:20:00,123,26,1,5.61,151.81,27.09,178.9,Card,1,64.0,11,Monday,January,2024-01-29,False,27.06,17.84
1492,2024-01-07 21:03:00,2024-01-07 21:29:00,177,98,2,16.32,357.26,55.46,412.72,Card,1,26.0,21,Sunday,January,2024-01-07,False,21.89,15.52
1493,2024-01-03 02:20:00,2024-01-03 03:27:00,4,219,3,16.71,370.02,61.03,431.05,Card,2,67.0,2,Wednesday,January,2024-01-03,False,22.14,16.49
1494,2024-01-29 23:55:00,2024-01-30 01:14:00,188,66,1,23.9,487.74,47.4,535.14,Card,2,79.0,23,Monday,January,2024-01-29,False,20.41,9.72
1495,2024-01-15 04:20:00,2024-01-15 05:38:00,29,111,1,19.6,406.18,34.18,440.36,Card,2,78.0,4,Monday,January,2024-01-15,False,20.72,8.41
1496,2024-01-15 21:32:00,2024-01-15 22:01:00,86,212,2,20.29,411.9,45.73,457.63,Card,1,29.0,21,Monday,January,2024-01-15,False,20.3,11.1
1497,2024-01-27 09:21:00,2024-01-27 10:13:00,47,171,1,13.76,307.28,16.48,323.76,Card,1,52.0,9,Saturday,January,2024-01-27,False,22.33,5.36
1498,2024-01-07 14:36:00,2024-01-07 15:23:00,77,59,1,5.48,159.21,29.9,189.11,Card,2,47.0,14,Sunday,January,2024-01-07,False,29.05,18.78
1499,2024-01-02 15:56:00,2024-01-02 16:38:00,191,30,1,11.21,262.34,28.35,290.69,Card,2,42.0,15,Tuesday,January,2024-01-02,False,23.4,10.81
1500,2024-01-13 21:06:00,2024-01-13 21:51:00,31,154,6,14.19,296.23,58.74,354.97,Cash,1,45.0,21,Saturday,January,2024-01-13,False,20.88,19.83
1501,2024-01-14 06:49:00,2024-01-14 07:38:00,169,2,1,17.28,378.01,62.08,440.09,Card,2,49.0,6,Sunday,January,2024-01-14,False,21.88,16.42
1502,2024-01-02 02:31:00,2024-01-02 03:15:00,36,169,1,15.59,330.76,20.53,351.29,Card,2,44.0,2,Tuesday,January,2024-01-02,False,21.22,6.21
1503,2024-01-08 20:23:00,2024-01-08 20:44:00,245,214,1,10.46,250.6,37.35,287.95,Card,2,21.0,20,Monday,January,2024-01-08,False,23.96,14.9
1504,2024-01-22 05:21:00,2024-01-22 06:22:00,188,251,1,7.37,195.45,17.71,213.16,Cash,2,61.0,5,Monday,January,2024-01-22,False,26.52,9.06
1505,2024-01-05 07:03:00,2024-01-05 07:09:00,15,31,1,5.04,150.24,13.0,163.24,Card,1,6.0,7,Friday,January,2024-01-05,False,29.81,8.65
1506,2024-01-19 10:52:00,2024-01-19 11:58:00,216,183,1,17.65,369.55,32.7,402.25,Card,2,66.0,10,Friday,January,2024-01-19,False,20.94,8.85
1507,2024-01-24 16:00:00,2024-01-24 16:13:00,158,189,1,16.49,355.07,66.54,421.61,Card,2,13.0,16,Wednesday,January,2024-01-24,False,21.53,18.74
1508,2024-01-15 08:55:00,2024-01-15 10:07:00,155,213,1,17.5,356.21,44.53,400.74,Card,1,72.0,8,Monday,January,2024-01-15,False,20.35,12.5
1509,2024-01-06 01:54:00,2024-01-06 03:19:00,241,127,2,9.94,241.78,36.37,278.15,Card,1,85.0,1,Saturday,January,2024-01-06,False,24.32,15.04
1510,2024-01-14 15:03:00,2024-01-14 15:24:00,45,23,1,7.3,174.39,16.07,190.46,Card,2,21.0,15,Sunday,January,2024-01-14,False,23.89,9.21
1511,2024-01-02 11:39:00,2024-01-02 12:33:00,175,18,3,19.23,398.04,51.13,449.17,Cash,2,54.0,11,Tuesday,January,2024-01-02,False,20.7,12.85
1512,2024-01-22 17:30:00,2024-01-22 18:14:00,56,79,1,19.57,395.37,40.53,435.9,Card,1,44.0,17,Monday,January,2024-01-22,False,20.2,10.25
1513,2024-01-13 13:28:00,2024-01-13 14:30:00,54,34,1,11.93,279.85,27.47,307.32,Card,2,62.0,13,Saturday,January,2024-01-13,False,23.46,9.82
1514,2024-01-28 13:32:00,2024-01-28 14:51:00,239,107,3,15.69,338.93,29.5,368.43,Cash,1,79.0,13,Sunday,January,2024-01-28,False,21.6,8.7
1515,2024-01-24 00:10:00,2024-01-24 01:39:00,108,199,1,9.96,240.01,26.73,266.74,Card,2,89.0,0,Wednesday,January,2024-01-24,False,24.1,11.14
1516,2024-01-23 06:48:00,2024-01-23 07:13:00,198,191,1,17.85,381.78,56.89,438.67,Card,2,25.0,6,Tuesday,January,2024-01-23,False,21.39,14.9
1517,2024-01-19 06:12:00,2024-01-19 06:34:00,214,232,1,21.06,444.33,37.02,481.35,Cash,2,22.0,6,Friday,January,2024-01-19,False,21.1,8.33
1518,2024-01-15 08:30:00,2024-01-15 09:29:00,246,62,3,17.52,359.34,70.01,429.35,Card,2,59.0,8,Monday,January,2024-01-15,False,20.51,19.48
1519,2024-01-03 14:18:00,2024-01-03 14:51:00,38,42,3,13.3,299.19,20.55,319.74,Cash,2,33.0,14,Wednesday,January,2024-01-03,False,22.5,6.87
1520,2024-01-02 17:09:00,2024-01-02 17:37:00,173,24,1,12.01,273.43,33.37,306.8,Cash,2,28.0,17,Tuesday,January,2024-01-02,False,22.77,12.2
1521,2024-01-16 15:34:00,2024-01-16 16:52:00,105,163,2,16.42,336.49,21.12,357.61,Card,1,78.0,15,Tuesday,January,2024-01-16,False,20.49,6.28
1522,2024-01-07 06:17:00,2024-01-07 06:38:00,40,183,1,17.32,357.8,19.11,376.91,Card,1,21.0,6,Sunday,January,2024-01-07,False,20.66,5.34
1523,2024-01-02 22:48:00,2024-01-02 23:10:00,130,95,4,14.41,307.41,57.92,365.33,Card,2,22.0,22,Tuesday,January,2024-01-02,False,21.33,18.84
1524,2024-01-09 19:53:00,2024-01-09 20:39:00,181,83,1,16.0,330.18,56.64,386.82,Card,1,46.0,19,Tuesday,January,2024-01-09,False,20.64,17.15
1525,2024-01-29 00:09:00,2024-01-29 01:37:00,194,93,3,3.32,110.4,17.02,127.42,Card,1,88.0,0,Monday,January,2024-01-29,False,33.25,15.42
1526,2024-01-02 21:19:00,2024-01-02 22:08:00,59,105,1,23.84,469.94,84.49,554.43,Card,1,49.0,21,Tuesday,January,2024-01-02,False,19.71,17.98
1527,2024-01-16 21:30:00,2024-01-16 22:56:00,26,85,1,19.98,416.24,70.94,487.18,Card,2,86.0,21,Tuesday,January,2024-01-16,False,20.83,17.04
1528,2024-01-09 03:00:00,2024-01-09 03:21:00,103,61,1,9.97,225.81,33.21,259.02,Card,1,21.0,3,Tuesday,January,2024-01-09,False,22.65,14.71
1529,2024-01-26 08:29:00,2024-01-26 09:46:00,21,208,2,14.51,309.79,54.86,364.65,Card,1,77.0,8,Friday,January,2024-01-26,False,21.35,17.71
1530,2024-01-30 12:54:00,2024-01-30 13:12:00,80,158,2,2.14,105.83,11.5,117.33,Card,1,18.0,12,Tuesday,January,2024-01-30,False,49.45,10.87
1531,2024-01-26 12:46:00,2024-01-26 13:39:00,199,69,1,1.99,90.9,12.08,102.98,Cash,2,53.0,12,Friday,January,2024-01-26,False,45.68,13.29
1532,2024-01-19 13:05:00,2024-01-19 13:38:00,37,262,2,7.02,174.43,29.03,203.46,Card,2,33.0,13,Friday,January,2024-01-19,False,24.85,16.64
1533,2024-01-14 01:07:00,2024-01-14 01:15:00,14,234,2,17.55,373.85,23.45,397.3,Cash,1,8.0,1,Sunday,January,2024-01-14,False,21.3,6.27
1534,2024-01-19 11:08:00,2024-01-19 12:34:00,221,139,2,21.45,432.15,77.27,509.42,Card,2,86.0,11,Friday,January,2024-01-19,False,20.15,17.88
1535,2024-01-19 03:23:00,2024-01-19 03:47:00,166,231,1,14.42,301.79,22.19,323.98,Card,2,24.0,3,Friday,January,2024-01-19,False,20.93,7.35
1536,2024-01-23 23:02:00,2024-01-23 23:53:00,173,51,1,13.77,288.49,51.84,340.33,Card,2,51.0,23,Tuesday,January,2024-01-23,False,20.95,17.97
1537,2024-01-08 01:37:00,2024-01-08 01:50:00,150,239,1,10.66,260.43,25.18,285.61,Cash,2,13.0,1,Monday,January,2024-01-08,False,24.43,9.67
1538,2024-01-16 02:07:00,2024-01-16 03:28:00,172,19,1,4.88,149.58,14.81,164.39,Card,1,81.0,2,Tuesday,January,2024-01-16,False,30.65,9.9
1539,2024-01-21 23:40:00,2024-01-22 01:03:00,81,178,2,3.84,133.12,8.13,141.25,Cash,2,83.0,23,Sunday,January,2024-01-21,False,34.67,6.11
1540,2024-01-07 20:42:00,2024-01-07 21:13:00,225,209,2,19.26,416.11,76.1,492.21,Cash,1,31.0,20,Sunday,January,2024-01-07,False,21.6,18.29
1541,2024-01-01 18:56:00,2024-01-01 19:15:00,35,131,2,23.26,486.63,37.07,523.7,Card,1,19.0,18,Monday,January,2024-01-01,False,20.92,7.62
1542,2024-01-25 04:32:00,2024-01-25 04:55:00,188,231,1,12.0,278.11,40.19,318.3,Card,2,23.0,4,Thursday,January,2024-01-25,False,23.18,14.45
1543,2024-01-23 04:46:00,2024-01-23 05:42:00,224,92,2,16.83,363.76,53.33,417.09,Card,2,56.0,4,Tuesday,January,2024-01-23,False,21.61,14.66
1544,2024-01-05 20:49:00,2024-01-05 21:19:00,131,31,1,22.95,463.21,42.7,505.91,Card,2,30.0,20,Friday,January,2024-01-05,False,20.18,9.22
1545,2024-01-10 00:27:00,2024-01-10 00:57:00,9,249,4,3.16,100.0,19.78,119.78,Card,1,30.0,0,Wednesday,January,2024-01-10,False,31.65,19.78
1546,2024-01-26 21:51:00,2024-01-26 22:21:00,69,124,1,19.49,408.03,24.33,432.36,Cash,2,30.0,21,Friday,January,2024-01-26,False,20.94,5.96
1547,2024-01-22 22:15:00,2024-01-22 23:05:00,28,136,2,15.8,341.69,48.24,389.93,Cash,2,50.0,22,Monday,January,2024-01-22,False,21.63,14.12
1548,2024-01-01 16:47:00,2024-01-01 17:40:00,234,100,2,15.37,345.23,42.09,387.32,Cash,2,53.0,16,Monday,January,2024-01-01,False,22.46,12.19
1549,2024-01-04 18:45:00,2024-01-04 20:11:00,31,219,4,8.02,197.64,17.16,214.8,Card,1,86.0,18,Thursday,January,2024-01-04,False,24.64,8.68
1550,2024-01-08 10:26:00,2024-01-08 11:23:00,232,104,1,17.41,374.1,27.88,401.98,Card,2,57.0,10,Monday,January,2024-01-08,False,21.49,7.45
1551,2024-01-21 07:37:00,2024-01-21 07:44:00,54,97,1,20.08,418.69,67.23,485.92,Card,1,7.0,7,Sunday,January,2024-01-21,False,20.85,16.06
1552,2024-01-16 02:16:00,2024-01-16 03:26:00,175,203,1,3.71,112.08,21.01,133.09,Card,2,70.0,2,Tuesday,January,2024-01-16,False,30.21,18.75
1553,2024-01-30 07:27:00,2024-01-30 08:13:00,86,21,1,13.8,306.16,20.25,326.41,Cash,2,46.0,7,Tuesday,January,2024-01-30,False,22.19,6.61
1554,2024-01-10 05:21:00,2024-01-10 05:44:00,65,198,2,3.43,117.94,9.33,127.27,Cash,2,23.0,5,Wednesday,January,2024-01-10,False,34.38,7.91
1555,2024-01-01 23:55:00,2024-01-02 00:16:00,89,112,4,21.94,449.74,89.02,538.76,Card,2,21.0,23,Monday,January,2024-01-01,False,20.5,19.79
1556,2024-01-24 03:39:00,2024-01-24 04:16:00,54,149,1,13.18,292.64,15.29,307.93,Card,1,37.0,3,Wednesday,January,2024-01-24,False,22.2,5.22
1557,2024-01-25 09:50:00,2024-01-25 11:10:00,118,243,2,20.39,411.94,52.0,463.94,Card,1,80.0,9,Thursday,January,2024-01-25,False,20.2,12.62
1558,2024-01-18 22:21:00,2024-01-18 23:14:00,229,183,3,9.83,230.84,29.41,260.25,Card,1,53.0,22,Thursday,January,2024-01-18,False,23.48,12.74
1559,2024-01-19 12:20:00,2024-01-19 13:20:00,22,89,1,4.0,130.17,11.65,141.82,Card,1,60.0,12,Friday,January,2024-01-19,False,32.54,8.95
1560,2024-01-04 12:44:00,2024-01-04 13:51:00,247,222,1,2.0,90.68,13.55,104.23,Card,2,67.0,12,Thursday,January,2024-01-04,False,45.34,14.94
1561,2024-01-12 13:41:00,2024-01-12 13:48:00,20,248,3,7.76,194.34,37.26,231.6,Card,1,7.0,13,Friday,January,2024-01-12,False,25.04,19.17
1562,2024-01-10 09:07:00,2024-01-10 10:00:00,184,177,4,6.86,165.81,19.49,185.3,Cash,2,53.0,9,Wednesday,January,2024-01-10,False,24.17,11.75
1563,2024-01-05 21:39:00,2024-01-05 22:38:00,50,118,1,14.45,305.82,49.67,355.49,Card,1,59.0,21,Friday,January,2024-01-05,False,21.16,16.24
1564,2024-01-13 16:31:00,2024-01-13 17:01:00,90,174,1,1.52,76.99,11.31,88.3,Cash,1,30.0,16,Saturday,January,2024-01-13,False,50.65,14.69
1565,2024-01-06 04:51:00,2024-01-06 06:07:00,104,219,1,13.49,295.4,35.73,331.13,Card,2,76.0,4,Saturday,January,2024-01-06,False,21.9,12.1
1566,2024-01-11 07:39:00,2024-01-11 08:35:00,194,218,2,10.4,245.02,14.08,259.1,Cash,2,56.0,7,Thursday,January,2024-01-11,False,23.56,5.75
1567,2024-01-06 14:33:00,2024-01-06 14:44:00,74,77,1,14.85,333.2,53.73,386.93,Cash,2,11.0,14,Saturday,January,2024-01-06,False,22.44,16.13
1568,2024-01-07 07:17:00,2024-01-07 08:07:00,15,88,1,17.86,366.25,38.27,404.52,Card,1,50.0,7,Sunday,January,2024-01-07,False,20.51,10.45
1569,2024-01-15 13:13:00,2024-01-15 14:03:00,198,78,2,16.22,332.41,27.81,360.22,Card,1,50.0,13,Monday,January,2024-01-15,False,20.49,8.37
1570,2024-01-08 21:43:00,2024-01-08 22:03:00,195,201,2,24.63,496.82,95.51,592.33,Card,2,20.0,21,Monday,January,2024-01-08,False,20.17,19.22
1571,2024-01-02 15:13:00,2024-01-02 15:41:00,36,64,3,4.32,130.72,21.7,152.42,Card,1,28.0,15,Tuesday,January,2024-01-02,False,30.26,16.6
1572,2024-01-17 13:01:00,2024-01-17 14:06:00,205,4,1,11.31,260.14,50.56,310.7,Card,2,65.0,13,Wednesday,January,2024-01-17,False,23.0,19.44
1573,2024-01-27 02:07:00,2024-01-27 03:05:00,139,83,1,11.2,266.6,23.58,290.18,Card,2,58.0,2,Saturday,January,2024-01-27,False,23.8,8.84
1574,2024-01-18 06:20:00,2024-01-18 07:26:00,57,193,3,11.01,262.25,45.99,308.24,Cash,2,66.0,6,Thursday,January,2024-01-18,False,23.82,17.54
1575,2024-01-15 17:15:00,2024-01-15 17:20:00,110,6,2,16.93,347.74,49.09,396.83,Card,1,5.0,17,Monday,January,2024-01-15,False,20.54,14.12
1576,2024-01-09 06:59:00,2024-01-09 07:52:00,174,193,3,12.76,297.7,58.71,356.41,Card,2,53.0,6,Tuesday,January,2024-01-09,False,23.33,19.72
1577,2024-01-18 14:18:00,2024-01-18 14:47:00,206,217,6,13.42,284.87,54.68,339.55,Card,2,29.0,14,Thursday,January,2024-01-18,False,21.23,19.19
1578,2024-01-16 02:10:00,2024-01-16 02:24:00,225,22,3,11.38,263.88,51.71,315.59,Cash,2,14.0,2,Tuesday,January,2024-01-16,False,23.19,19.6
1579,2024-01-15 21:07:00,2024-01-15 22:31:00,64,145,1,24.8,506.57,97.65,604.22,Card,1,84.0,21,Monday,January,2024-01-15,False,20.43,19.28
1580,2024-01-25 10:36:00,2024-01-25 10:56:00,252,145,1,23.26,479.08,24.5,503.58,Card,1,20.0,10,Thursday,January,2024-01-25,False,20.6,5.11
1581,2024-01-19 19:23:00,2024-01-19 20:25:00,93,2,2,8.39,198.98,32.07,231.05,Cash,2,62.0,19,Friday,January,2024-01-19,False,23.72,16.12
1582,2024-01-15 22:30:00,2024-01-15 23:46:00,183,225,2,3.68,116.15,10.55,126.7,Card,1,76.0,22,Monday,January,2024-01-15,False,31.56,9.08
1583,2024-01-06 10:13:00,2024-01-06 10:46:00,214,214,1,21.15,437.16,68.09,505.25,Card,1,33.0,10,Saturday,January,2024-01-06,False,20.67,15.58
1584,2024-01-22 22:38:00,2024-01-22 22:48:00,142,166,2,24.93,494.73,97.51,592.24,Card,1,10.0,22,Monday,January,2024-01-22,False,19.84,19.71
1585,2024-01-20 03:30:00,2024-01-20 03:50:00,83,141,1,8.02,184.97,10.34,195.31,Card,1,20.0,3,Saturday,January,2024-01-20,False,23.06,5.59
1586,2024-01-19 19:22:00,2024-01-19 19:46:00,99,64,2,9.59,229.48,30.99,260.47,Card,1,24.0,19,Friday,January,2024-01-19,False,23.93,13.5
1587,2024-01-21 07:21:00,2024-01-21 08:45:00,102,212,1,23.6,478.76,76.72,555.48,Cash,1,84.0,7,Sunday,January,2024-01-21,False,20.29,16.02
1588,2024-01-22 07:18:00,2024-01-22 08:33:00,71,98,1,18.07,384.96,33.88,418.84,Card,1,75.0,7,Monday,January,2024-01-22,False,21.3,8.8
1589,2024-01-09 03:45:00,2024-01-09 05:07:00,130,166,3,8.1,190.2,15.93,206.13,Card,2,82.0,3,Tuesday,January,2024-01-09,False,23.48,8.38
1590,2024-01-19 01:49:00,2024-01-19 02:36:00,60,126,1,14.95,334.33,19.74,354.07,Card,1,47.0,1,Friday,January,2024-01-19,False,22.36,5.9
1591,2024-01-10 01:05:00,2024-01-10 01:35:00,119,157,1,23.66,470.27,30.14,500.41,Card,2,30.0,1,Wednesday,January,2024-01-10,False,19.88,6.41
1592,2024-01-26 02:04:00,2024-01-26 03:26:00,263,250,1,20.48,435.38,64.66,500.04,Card,2,82.0,2,Friday,January,2024-01-26,False,21.26,14.85
1593,2024-01-10 22:08:00,2024-01-10 23:23:00,21,61,3,18.8,391.89,49.29,441.18,Cash,1,75.0,22,Wednesday,January,2024-01-10,False,20.85,12.58
1594,2024-01-17 10:10:00,2024-01-17 10:47:00,97,32,3,18.69,392.91,21.42,414.33,Cash,2,37.0,10,Wednesday,January,2024-01-17,False,21.02,5.45
1595,2024-01-05 13:00:00,2024-01-05 13:30:00,1,21,4,5.27,161.76,31.62,193.38,Card,2,30.0,13,Friday,January,2024-01-05,False,30.69,19.55
1596,2024-01-23 09:12:00,2024-01-23 10:01:00,203,12,3,20.79,423.22,62.81,486.03,Card,2,49.0,9,Tuesday,January,2024-01-23,False,20.36,14.84
1597,2024-01-12 09:42:00,2024-01-12 11:10:00,128,244,2,7.63,182.79,23.27,206.06,Card,2,88.0,9,Friday,January,2024-01-12,False,23.96,12.73
1598,2024-01-03 07:42:00,2024-01-03 08:49:00,132,103,1,23.33,473.31,43.03,516.34,Cash,1,67.0,7,Wednesday,January,2024-01-03,False,20.29,9.09
1599,2024-01-30 01:26:00,2024-01-30 02:37:00,34,7,1,9.75,222.83,33.14,255.97,Card,1,71.0,1,Tuesday,January,2024-01-30,False,22.85,14.87
1600,2024-01-25 17:32:00,2024-01-25 18:28:00,87,130,1,21.58,444.28,46.48,490.76,Card,2,56.0,17,Thursday,January,2024-01-25,False,20.59,10.46
1601,2024-01-08 05:16:00,2024-01-08 06:28:00,32,97,2,7.39,181.28,28.17,209.45,Cash,2,72.0,5,Monday,January,2024-01-08,False,24.53,15.54
1602,2024-01-13 03:22:00,2024-01-13 03:52:00,259,173,2,13.35,306.23,46.67,352.9,Card,2,30.0,3,Saturday,January,2024-01-13,False,22.94,15.24
1603,2024-01-17 06:11:00,2024-01-17 07:30:00,33,205,1,3.57,122.48,7.83,130.31,Card,1,79.0,6,Wednesday,January,2024-01-17,False,34.31,6.39
1604,2024-01-10 05:01:00,2024-01-10 05:07:00,49,103,1,16.84,343.13,63.96,407.09,Card,2,6.0,5,Wednesday,January,2024-01-10,False,20.38,18.64
1605,2024-01-03 03:33:00,2024-01-03 03:51:00,82,113,1,21.07,443.42,54.56,497.98,Card,1,18.0,3,Wednesday,January,2024-01-03,False,21.05,12.3
1606,2024-01-09 03:22:00,2024-01-09 03:56:00,144,131,1,18.24,378.23,41.21,419.44,Card,1,34.0,3,Tuesday,January,2024-01-09,False,20.74,10.9
1607,2024-01-16 07:22:00,2024-01-16 08:15:00,92,39,2,13.56,293.69,56.78,350.47,Card,2,53.0,7,Tuesday,January,2024-01-16,False,21.66,19.33
1608,2024-01-20 12:07:00,2024-01-20 12:23:00,224,8,2,2.08,88.93,10.29,99.22,Card,2,16.0,12,Saturday,January,2024-01-20,False,42.75,11.57
1609,2024-01-23 11:07:00,2024-01-23 11:55:00,217,46,2,23.4,480.11,75.95,556.06,Card,1,48.0,11,Tuesday,January,2024-01-23,False,20.52,15.82
1610,2024-01-24 10:36:00,2024-01-24 11:13:00,156,194,1,17.93,376.0,55.75,431.75,Card,2,37.0,10,Wednesday,January,2024-01-24,False,20.97,14.83
1611,2024-01-28 05:34:00,2024-01-28 05:51:00,8,6,5,18.9,399.06,29.84,428.9,Cash,2,17.0,5,Sunday,January,2024-01-28,False,21.11,7.48
1612,2024-01-12 08:15:00,2024-01-12 09:37:00,36,58,1,20.07,405.66,80.59,486.25,Card,2,82.0,8,Friday,January,2024-01-12,False,20.21,19.87
1613,2024-01-20 20:42:00,2024-01-20 21:12:00,124,169,1,18.95,410.2,49.04,459.24,Card,1,30.0,20,Saturday,January,2024-01-20,False,21.65,11.96
1614,2024-01-24 22:10:00,2024-01-24 22:35:00,9,122,2,11.59,270.51,29.54,300.05,Card,2,25.0,22,Wednesday,January,2024-01-24,False,23.34,10.92
1615,2024-01-23 08:36:00,2024-01-23 09:08:00,40,249,1,18.61,382.49,71.89,454.38,Card,1,32.0,8,Tuesday,January,2024-01-23,False,20.55,18.8
1616,2024-01-04 21:46:00,2024-01-04 22:38:00,179,207,1,16.0,349.73,45.25,394.98,Card,2,52.0,21,Thursday,January,2024-01-04,False,21.86,12.94
1617,2024-01-06 03:44:00,2024-01-06 04:28:00,129,115,1,21.5,444.25,69.2,513.45,Card,1,44.0,3,Saturday,January,2024-01-06,False,20.66,15.58
1618,2024-01-09 22:17:00,2024-01-09 23:27:00,68,239,2,20.26,407.96,72.18,480.14,Cash,1,70.0,22,Tuesday,January,2024-01-09,False,20.14,17.69
1619,2024-01-14 21:02:00,2024-01-14 22:19:00,154,54,3,1.99,81.17,6.93,88.1,Card,2,77.0,21,Sunday,January,2024-01-14,False,40.79,8.54
1620,2024-01-08 22:25:00,2024-01-08 23:48:00,3,76,2,10.09,222.86,16.81,239.67,Card,1,83.0,22,Monday,January,2024-01-08,False,22.09,7.54
1621,2024-01-02 09:00:00,2024-01-02 10:21:00,4,169,2,1.83,97.22,5.86,103.08,Cash,2,81.0,9,Tuesday,January,2024-01-02,False,53.13,6.03
1622,2024-01-19 08:31:00,2024-01-19 08:58:00,262,48,1,3.45,118.65,21.9,140.55,Card,2,27.0,8,Friday,January,2024-01-19,False,34.39,18.46
1623,2024-01-14 12:00:00,2024-01-14 13:25:00,85,224,1,15.43,327.24,26.2,353.44,Card,2,85.0,12,Sunday,January,2024-01-14,False,21.21,8.01
1624,2024-01-29 23:52:00,2024-01-30 00:44:00,35,70,1,21.97,439.25,42.24,481.49,Card,2,52.0,23,Monday,January,2024-01-29,False,19.99,9.62
1625,2024-01-12 22:15:00,2024-01-12 22:21:00,114,155,3,3.88,124.36,11.55,135.91,Card,2,6.0,22,Friday,January,2024-01-12,False,32.05,9.29
1626,2024-01-19 07:45:00,2024-01-19 09:13:00,59,47,1,11.83,268.7,25.71,294.41,Cash,2,88.0,7,Friday,January,2024-01-19,False,22.71,9.57
1627,2024-01-27 11:58:00,2024-01-27 12:22:00,38,202,6,22.86,472.54,70.98,543.52,Card,1,24.0,11,Saturday,January,2024-01-27,False,20.67,15.02
1628,2024-01-16 23:39:00,2024-01-17 00:42:00,33,142,1,20.54,438.82,84.74,523.56,Card,1,63.0,23,Tuesday,January,2024-01-16,False,21.36,19.31
1629,2024-01-13 22:39:00,2024-01-13 23:29:00,203,126,2,13.47,295.51,29.38,324.89,Cash,2,50.0,22,Saturday,January,2024-01-13,False,21.94,9.94
1630,2024-01-14 21:14:00,2024-01-14 21:21:00,202,153,4,19.52,403.54,44.85,448.39,Card,1,7.0,21,Sunday,January,2024-01-14,False,20.67,11.11
1631,2024-01-24 20:55:00,2024-01-24 21:54:00,100,65,1,13.54,294.82,48.84,343.66,Card,2,59.0,20,Wednesday,January,2024-01-24,False,21.77,16.57
1632,2024-01-15 23:23:00,2024-01-15 23:39:00,118,96,2,4.79,151.03,17.35,168.38,Card,2,16.0,23,Monday,January,2024-01-15,False,31.53,11.49
1633,2024-01-28 07:41:00,2024-01-28 08:25:00,243,181,1,3.99,116.51,22.01,138.52,Cash,1,44.0,7,Sunday,January,2024-01-28,False,29.2,18.89
1634,2024-01-05 00:16:00,2024-01-05 01:26:00,29,178,1,5.52,149.67,18.78,168.45,Card,1,70.0,0,Friday,January,2024-01-05,False,27.11,12.55
1635,2024-01-26 07:24:00,2024-01-26 08:46:00,227,129,1,9.42,231.31,23.63,254.94,Card,2,82.0,7,Friday,January,2024-01-26,False,24.56,10.22
1636,2024-01-03 08:20:00,2024-01-03 08:40:00,213,39,3,23.33,460.41,90.12,550.53,Card,2,20.0,8,Wednesday,January,2024-01-03,False,19.73,19.57
1637,2024-01-07 01:11:00,2024-01-07 02:38:00,187,133,1,20.19,412.1,46.92,459.02,Cash,2,87.0,1,Sunday,January,2024-01-07,False,20.41,11.39
1638,2024-01-07 02:22:00,2024-01-07 03:00:00,113,109,1,11.39,264.26,22.38,286.64,Cash,2,38.0,2,Sunday,January,2024-01-07,False,23.2,8.47
1639,2024-01-13 02:34:00,2024-01-13 03:22:00,161,72,6,12.83,276.52,21.2,297.72,Card,1,48.0,2,Saturday,January,2024-01-13,False,21.55,7.67
1640,2024-01-14 21:37:00,2024-01-14 21:47:00,19,208,1,7.37,181.74,36.22,217.96,Cash,1,10.0,21,Sunday,January,2024-01-14,False,24.66,19.93
1641,2024-01-22 07:47:00,2024-01-22 09:08:00,159,65,1,17.9,376.78,61.4,438.18,Cash,2,81.0,7,Monday,January,2024-01-22,False,21.05,16.3
1642,2024-01-28 03:50:00,2024-01-28 04:58:00,11,241,6,20.27,417.52,46.47,463.99,Card,1,68.0,3,Sunday,January,2024-01-28,False,20.6,11.13
1643,2024-01-13 01:03:00,2024-01-13 01:29:00,8,79,1,6.73,164.32,28.58,192.9,Card,1,26.0,1,Saturday,January,2024-01-13,False,24.42,17.39
1644,2024-01-27 23:07:00,2024-01-27 23:29:00,153,88,1,2.0,104.15,13.75,117.9,Card,1,22.0,23,Saturday,January,2024-01-27,False,52.08,13.2
1645,2024-01-29 22:12:00,2024-01-29 22:28:00,113,178,3,15.97,328.79,32.09,360.88,Card,1,16.0,22,Monday,January,2024-01-29,False,20.59,9.76
1646,2024-01-04 22:15:00,2024-01-04 23:11:00,148,262,1,14.5,323.49,52.25,375.74,Card,2,56.0,22,Thursday,January,2024-01-04,False,22.31,16.15
1647,2024-01-11 14:11:00,2024-01-11 15:06:00,38,66,1,10.65,233.84,37.86,271.7,Card,2,55.0,14,Thursday,January,2024-01-11,False,21.96,16.19
1648,2024-01-01 08:46:00,2024-01-01 10:01:00,135,105,1,16.45,350.12,43.77,393.89,Card,2,75.0,8,Monday,January,2024-01-01,False,21.28,12.5
1649,2024-01-03 05:44:00,2024-01-03 06:36:00,235,98,2,14.21,301.04,17.09,318.13,Card,1,52.0,5,Wednesday,January,2024-01-03,False,21.19,5.68
1650,2024-01-09 00:16:00,2024-01-09 00:39:00,255,96,1,7.01,170.41,10.49,180.9,Cash,1,23.0,0,Tuesday,January,2024-01-09,False,24.31,6.16
1651,2024-01-20 19:41:00,2024-01-20 19:51:00,74,46,1,10.55,233.68,39.33,273.01,Card,2,10.0,19,Saturday,January,2024-01-20,False,22.15,16.83
1652,2024-01-10 09:47:00,2024-01-10 11:15:00,209,31,1,11.27,256.44,44.5,300.94,Card,2,88.0,9,Wednesday,January,2024-01-10,False,22.75,17.35
1653,2024-01-24 23:31:00,2024-01-25 00:02:00,144,204,1,22.13,453.8,68.86,522.66,Cash,2,31.0,23,Wednesday,January,2024-01-24,False,20.51,15.17
1654,2024-01-07 01:12:00,2024-01-07 02:09:00,42,148,2,24.06,477.08,83.9,560.98,Card,2,57.0,1,Sunday,January,2024-01-07,False,19.83,17.59
1655,2024-01-27 18:45:00,2024-01-27 19:37:00,224,132,1,22.43,473.12,74.72,547.84,Cash,1,52.0,18,Saturday,January,2024-01-27,False,21.09,15.79
1656,2024-01-07 09:28:00,2024-01-07 09:39:00,52,186,2,18.26,376.41,69.46,445.87,Card,2,11.0,9,Sunday,January,2024-01-07,False,20.61,18.45
1657,2024-01-04 13:09:00,2024-01-04 14:12:00,137,189,1,15.04,324.49,23.54,348.03,Card,2,63.0,13,Thursday,January,2024-01-04,False,21.58,7.25
1658,2024-01-25 10:41:00,2024-01-25 11:54:00,195,127,1,17.54,362.21,39.18,401.39,Card,2,73.0,10,Thursday,January,2024-01-25,False,20.65,10.82
1659,2024-01-12 18:47:00,2024-01-12 19:02:00,95,87,1,23.54,478.54,57.24,535.78,Card,1,15.0,18,Friday,January,2024-01-12,False,20.33,11.96
1660,2024-01-21 15:59:00,2024-01-21 16:18:00,258,121,1,7.0,188.68,17.86,206.54,Card,1,19.0,15,Sunday,January,2024-01-21,False,26.95,9.47
1661,2024-01-15 00:12:00,2024-01-15 01:20:00,25,135,1,13.84,304.75,48.4,353.15,Card,2,68.0,0,Monday,January,2024-01-15,False,22.02,15.88
1662,2024-01-26 15:35:00,2024-01-26 15:42:00,232,199,2,17.55,364.47,68.11,432.58,Cash,1,7.0,15,Friday,January,2024-01-26,False,20.77,18.69
1663,2024-01-19 11:09:00,2024-01-19 12:22:00,94,171,2,17.3,358.85,40.15,399.0,Card,1,73.0,11,Friday,January,2024-01-19,False,20.74,11.19
1664,2024-01-21 20:15:00,2024-01-21 20:42:00,221,260,1,7.05,189.67,36.27,225.94,Card,2,27.0,20,Sunday,January,2024-01-21,False,26.9,19.12
1665,2024-01-21 03:29:00,2024-01-21 04:26:00,203,124,2,15.08,314.99,40.17,355.16,Card,2,57.0,3,Sunday,January,2024-01-21,False,20.89,12.75
1666,2024-01-13 08:13:00,2024-01-13 08:54:00,81,242,6,20.1,412.9,53.01,465.91,Card,1,41.0,8,Saturday,January,2024-01-13,False,20.54,12.84
1667,2024-01-29 13:25:00,2024-01-29 13:38:00,205,71,1,12.4,267.74,37.49,305.23,Cash,2,13.0,13,Monday,January,2024-01-29,False,21.59,14.0
1668,2024-01-19 03:43:00,2024-01-19 04:02:00,77,59,1,20.04,408.46,36.86,445.32,Card,1,19.0,3,Friday,January,2024-01-19,False,20.38,9.02
1669,2024-01-05 06:34:00,2024-01-05 06:41:00,38,109,2,9.64,218.1,23.45,241.55,Card,1,7.0,6,Friday,January,2024-01-05,False,22.62,10.75
1670,2024-01-16 03:24:00,2024-01-16 04:38:00,195,41,1,23.53,490.14,65.18,555.32,Card,1,74.0,3,Tuesday,January,2024-01-16,False,20.83,13.3
1671,2024-01-29 22:48:00,2024-01-29 23:09:00,42,146,2,13.81,310.54,59.41,369.95,Card,1,21.0,22,Monday,January,2024-01-29,False,22.49,19.13
1672,2024-01-15 07:01:00,2024-01-15 07:31:00,182,52,5,15.3,332.23,48.64,380.87,Cash,2,30.0,7,Monday,January,2024-01-15,False,21.71,14.64
1673,2024-01-21 21:27:00,2024-01-21 21:52:00,245,176,1,1.75,78.23,7.82,86.05,Cash,2,25.0,21,Sunday,January,2024-01-21,False,44.7,10.0
1674,2024-01-23 21:41:00,2024-01-23 22:57:00,195,165,3,5.09,146.93,7.58,154.51,Card,2,76.0,21,Tuesday,January,2024-01-23,False,28.87,5.16
1675,2024-01-03 14:42:00,2024-01-03 15:07:00,78,252,1,16.19,347.04,68.45,415.49,Card,2,25.0,14,Wednesday,January,2024-01-03,False,21.44,19.72
1676,2024-01-07 18:48:00,2024-01-07 19:03:00,125,103,1,11.08,257.15,31.87,289.02,Card,1,15.0,18,Sunday,January,2024-01-07,False,23.21,12.39
1677,2024-01-28 10:19:00,2024-01-28 11:01:00,141,53,1,13.2,279.4,53.3,332.7,Card,1,42.0,10,Sunday,January,2024-01-28,False,21.17,19.08
1678,2024-01-27 18:39:00,2024-01-27 19:55:00,27,255,1,2.51,114.37,15.14,129.51,Card,1,76.0,18,Saturday,January,2024-01-27,False,45.57,13.24
1679,2024-01-07 02:23:00,2024-01-07 03:02:00,242,173,1,21.02,432.32,60.88,493.2,Card,1,39.0,2,Sunday,January,2024-01-07,False,20.57,14.08
1680,2024-01-21 16:21:00,2024-01-21 16:39:00,236,251,1,19.83,424.74,66.59,491.33,Cash,2,18.0,16,Sunday,January,2024-01-21,False,21.42,15.68
1681,2024-01-22 09:31:00,2024-01-22 09:49:00,203,177,2,5.45,138.39,13.58,151.97,Card,1,18.0,9,Monday,January,2024-01-22,False,25.39,9.81
1682,2024-01-25 15:28:00,2024-01-25 15:42:00,142,49,1,16.22,339.39,52.55,391.94,Card,1,14.0,15,Thursday,January,2024-01-25,False,20.92,15.48
1683,2024-01-07 04:25:00,2024-01-07 04:41:00,94,111,1,20.64,414.64,53.5,468.14,Cash,2,16.0,4,Sunday,January,2024-01-07,False,20.09,12.9
1684,2024-01-07 08:07:00,2024-01-07 08:49:00,152,210,1,16.38,357.93,54.0,411.93,Cash,2,42.0,8,Sunday,January,2024-01-07,False,21.85,15.09
1685,2024-01-16 13:51:00,2024-01-16 14:29:00,253,248,1,8.45,201.7,35.37,237.07,Card,1,38.0,13,Tuesday,January,2024-01-16,False,23.87,17.54
1686,2024-01-05 10:08:00,2024-01-05 10:53:00,67,175,1,16.75,366.71,28.47,395.18,Cash,1,45.0,10,Friday,January,2024-01-05,False,21.89,7.76
1687,2024-01-20 01:04:00,2024-01-20 01:18:00,176,107,2,6.05,173.87,24.7,198.57,Cash,2,14.0,1,Saturday,January,2024-01-20,False,28.74,14.21
1688,2024-01-13 17:33:00,2024-01-13 17:54:00,103,153,1,8.64,215.55,12.46,228.01,Card,2,21.0,17,Saturday,January,2024-01-13,False,24.95,5.78
1689,2024-01-17 01:16:00,2024-01-17 01:37:00,91,155,2,6.76,181.65,11.86,193.51,Cash,2,21.0,1,Wednesday,January,2024-01-17,False,26.87,6.53
1690,2024-01-11 18:45:00,2024-01-11 19:56:00,193,140,1,14.37,319.66,48.33,367.99,Card,1,71.0,18,Thursday,January,2024-01-11,False,22.24,15.12
1691,2024-01-17 05:58:00,2024-01-17 07:04:00,166,151,2,3.6,125.01,7.58,132.59,Card,1,66.0,5,Wednesday,January,2024-01-17,False,34.72,6.06
1692,2024-01-23 19:37:00,2024-01-23 19:42:00,90,44,1,23.4,472.81,65.86,538.67,Card,1,5.0,19,Tuesday,January,2024-01-23,False,20.21,13.93
1693,2024-01-08 04:41:00,2024-01-08 04:57:00,51,71,1,9.0,222.48,18.47,240.95,Cash,2,16.0,4,Monday,January,2024-01-08,False,24.72,8.3
1694,2024-01-12 08:49:00,2024-01-12 08:57:00,166,125,2,6.26,179.6,17.17,196.77,Card,2,8.0,8,Friday,January,2024-01-12,False,28.69,9.56
1695,2024-01-03 02:41:00,2024-01-03 03:27:00,174,152,1,12.92,282.54,19.62,302.16,Card,2,46.0,2,Wednesday,January,2024-01-03,False,21.87,6.94
1696,2024-01-01 01:45:00,2024-01-01 02:02:00,227,220,3,7.65,206.05,17.99,224.04,Card,1,17.0,1,Monday,January,2024-01-01,False,26.93,8.73
1697,2024-01-07 07:18:00,2024-01-07 08:47:00,9,215,2,13.84,289.53,50.14,339.67,Card,1,89.0,7,Sunday,January,2024-01-07,False,20.92,17.32
1698,2024-01-18 08:43:00,2024-01-18 10:13:00,87,144,1,9.36,218.95,31.93,250.88,Card,2,90.0,8,Thursday,January,2024-01-18,False,23.39,14.58
1699,2024-01-05 05:30:00,2024-01-05 05:38:00,94,107,3,4.17,119.02,22.91,141.93,Card,2,8.0,5,Friday,January,2024-01-05,False,28.54,19.25
1700,2024-01-27 23:30:00,2024-01-28 00:56:00,52,64,3,7.38,176.64,10.12,186.76,Card,2,86.0,23,Saturday,January,2024-01-27,False,23.93,5.73
1701,2024-01-02 08:05:00,2024-01-02 09:18:00,179,6,1,11.52,271.82,45.9,317.72,Cash,1,73.0,8,Tuesday,January,2024-01-02,False,23.6,16.89
1702,2024-01-13 19:20:00,2024-01-13 19:43:00,239,168,1,1.73,98.69,15.28,113.97,Card,1,23.0,19,Saturday,January,2024-01-13,False,57.05,15.48
1703,2024-01-28 13:25:00,2024-01-28 13:31:00,73,173,2,19.5,414.33,36.93,451.26,Cash,2,6.0,13,Sunday,January,2024-01-28,False,21.25,8.91
1704,2024-01-19 01:35:00,2024-01-19 01:51:00,72,119,1,15.92,355.86,56.72,412.58,Card,2,16.0,1,Friday,January,2024-01-19,False,22.35,15.94
1705,2024-01-24 03:20:00,2024-01-24 04:45:00,68,226,1,15.43,324.23,51.06,375.29,Card,1,85.0,3,Wednesday,January,2024-01-24,False,21.01,15.75
1706,2024-01-18 13:31:00,2024-01-18 14:49:00,5,174,2,14.11,298.2,35.46,333.66,Card,2,78.0,13,Thursday,January,2024-01-18,False,21.13,11.89
1707,2024-01-26 11:19:00,2024-01-26 11:29:00,238,129,2,15.17,328.68,50.39,379.07,Card,2,10.0,11,Friday,January,2024-01-26,False,21.67,15.33
1708,2024-01-19 06:09:00,2024-01-19 06:21:00,121,187,2,23.43,486.61,56.78,543.39,Cash,2,12.0,6,Friday,January,2024-01-19,False,20.77,11.67
1709,2024-01-03 08:29:00,2024-01-03 09:24:00,211,63,2,1.21,62.98,6.32,69.3,Card,1,55.0,8,Wednesday,January,2024-01-03,False,52.05,10.03
1710,2024-01-18 20:03:00,2024-01-18 20:18:00,262,86,1,2.15,108.57,13.03,121.6,Card,1,15.0,20,Thursday,January,2024-01-18,False,50.5,12.0
1711,2024-01-10 11:09:00,2024-01-10 12:16:00,58,210,1,5.6,158.87,29.27,188.14,Card,1,67.0,11,Wednesday,January,2024-01-10,False,28.37,18.42
1712,2024-01-18 05:46:00,2024-01-18 06:47:00,43,193,2,5.02,159.73,17.2,176.93,Card,1,61.0,5,Thursday,January,2024-01-18,False,31.82,10.77
1713,2024-01-25 10:38:00,2024-01-25 10:54:00,197,238,1,5.35,147.25,16.28,163.53,Card,1,16.0,10,Thursday,January,2024-01-25,False,27.52,11.06
1714,2024-01-19 11:50:00,2024-01-19 13:07:00,72,20,2,17.13,362.08,51.15,413.23,Card,1,77.0,11,Friday,January,2024-01-19,False,21.14,14.13
1715,2024-01-24 01:46:00,2024-01-24 01:52:00,91,182,1,12.03,279.11,45.48,324.59,Card,1,6.0,1,Wednesday,January,2024-01-24,False,23.2,16.29
1716,2024-01-23 21:35:00,2024-01-23 21:47:00,37,48,1,24.8,510.18,81.73,591.91,Card,2,12.0,21,Tuesday,January,2024-01-23,False,20.57,16.02
1717,2024-01-01 14:59:00,2024-01-01 15:14:00,237,228,2,6.45,163.09,8.64,171.73,Card,2,15.0,14,Monday,January,2024-01-01,False,25.29,5.3
1718,2024-01-09 02:13:00,2024-01-09 03:10:00,154,54,1,8.46,220.17,33.71,253.88,Card,1,57.0,2,Tuesday,January,2024-01-09,False,26.02,15.31
1719,2024-01-20 10:01:00,2024-01-20 10:15:00,170,102,1,24.62,509.18,59.87,569.05,Card,2,14.0,10,Saturday,January,2024-01-20,False,20.68,11.76
1720,2024-01-12 09:25:00,2024-01-12 10:54:00,110,89,1,20.96,417.83,53.74,471.57,Card,1,89.0,9,Friday,January,2024-01-12,False,19.93,12.86
1721,2024-01-06 23:21:00,2024-01-07 00:49:00,151,144,1,12.28,264.9,35.56,300.46,Cash,1,88.0,23,Saturday,January,2024-01-06,False,21.57,13.42
1722,2024-01-24 09:02:00,2024-01-24 09:14:00,131,148,1,14.31,312.46,49.92,362.38,Card,1,12.0,9,Wednesday,January,2024-01-24,False,21.84,15.98
1723,2024-01-24 02:42:00,2024-01-24 03:22:00,23,230,1,21.24,436.15,76.2,512.35,Card,2,40.0,2,Wednesday,January,2024-01-24,False,20.53,17.47
1724,2024-01-15 18:48:00,2024-01-15 20:08:00,139,250,2,12.54,286.97,42.17,329.14,Card,1,80.0,18,Monday,January,2024-01-15,False,22.88,14.69
1725,2024-01-21 12:25:00,2024-01-21 12:43:00,239,225,3,5.94,149.61,20.14,169.75,Card,2,18.0,12,Sunday,January,2024-01-21,False,25.19,13.46
1726,2024-01-26 14:37:00,2024-01-26 15:35:00,192,161,1,20.88,435.19,46.16,481.35,Card,1,58.0,14,Friday,January,2024-01-26,False,20.84,10.61
1727,2024-01-11 15:13:00,2024-01-11 16:42:00,127,168,1,13.91,308.87,21.83,330.7,Card,2,89.0,15,Thursday,January,2024-01-11,False,22.2,7.07
1728,2024-01-11 15:49:00,2024-01-11 17:19:00,29,110,2,4.67,131.07,25.4,156.47,Card,1,90.0,15,Thursday,January,2024-01-11,False,28.07,19.38
1729,2024-01-05 23:39:00,2024-01-06 00:04:00,121,261,3,13.13,292.61,34.9,327.51,Card,2,25.0,23,Friday,January,2024-01-05,False,22.29,11.93
1730,2024-01-08 04:06:00,2024-01-08 05:00:00,198,173,1,10.92,243.23,32.82,276.05,Card,1,54.0,4,Monday,January,2024-01-08,False,22.27,13.49
1731,2024-01-02 02:00:00,2024-01-02 02:43:00,174,243,1,22.04,441.13,71.75,512.88,Card,2,43.0,2,Tuesday,January,2024-01-02,False,20.01,16.27
1732,2024-01-10 10:52:00,2024-01-10 11:16:00,144,209,1,4.03,129.73,7.82,137.55,Card,2,24.0,10,Wednesday,January,2024-01-10,False,32.19,6.03
1733,2024-01-13 06:10:00,2024-01-13 06:21:00,179,243,1,22.01,465.5,82.98,548.48,Card,2,11.0,6,Saturday,January,2024-01-13,False,21.15,17.83
1734,2024-01-19 13:45:00,2024-01-19 13:58:00,11,254,2,13.29,286.33,48.55,334.88,Card,1,13.0,13,Friday,January,2024-01-19,False,21.54,16.96
1735,2024-01-23 03:30:00,2024-01-23 03:35:00,139,82,5,10.7,243.26,40.42,283.68,Card,2,5.0,3,Tuesday,January,2024-01-23,False,22.73,16.62
1736,2024-01-14 21:42:00,2024-01-14 22:12:00,253,31,2,4.89,135.72,7.23,142.95,Card,1,30.0,21,Sunday,January,2024-01-14,False,27.75,5.33
1737,2024-01-04 07:40:00,2024-01-04 08:22:00,19,4,6,17.82,368.75,47.56,416.31,Card,1,42.0,7,Thursday,January,2024-01-04,False,20.69,12.9
1738,2024-01-13 17:11:00,2024-01-13 17:53:00,160,194,1,23.24,470.45,27.35,497.8,Card,2,42.0,17,Saturday,January,2024-01-13,False,20.24,5.81
1739,2024-01-20 17:00:00,2024-01-20 18:05:00,122,56,3,10.01,241.24,32.0,273.24,Cash,2,65.0,17,Saturday,January,2024-01-20,False,24.1,13.26
1740,2024-01-02 15:16:00,2024-01-02 16:04:00,72,261,1,6.8,163.56,25.8,189.36,Card,2,48.0,15,Tuesday,January,2024-01-02,False,24.05,15.77
1741,2024-01-04 07:50:00,2024-01-04 09:20:00,55,81,1,14.32,326.47,22.29,348.76,Card,2,90.0,7,Thursday,January,2024-01-04,False,22.8,6.83
1742,2024-01-19 16:31:00,2024-01-19 17:19:00,169,54,2,20.11,403.37,62.21,465.58,Card,1,48.0,16,Friday,January,2024-01-19,False,20.06,15.42
1743,2024-01-17 22:03:00,2024-01-17 23:21:00,99,96,1,1.09,86.06,10.11,96.17,Card,2,78.0,22,Wednesday,January,2024-01-17,False,78.95,11.75
1744,2024-01-14 22:09:00,2024-01-14 23:15:00,70,257,1,16.15,357.53,61.4,418.93,Card,2,66.0,22,Sunday,January,2024-01-14,False,22.14,17.17
1745,2024-01-08 01:41:00,2024-01-08 01:51:00,149,204,2,15.32,331.49,43.11,374.6,Card,1,10.0,1,Monday,January,2024-01-08,False,21.64,13.0
1746,2024-01-28 15:45:00,2024-01-28 16:06:00,117,211,1,8.64,199.63,20.05,219.68,Card,2,21.0,15,Sunday,January,2024-01-28,False,23.11,10.04
1747,2024-01-12 04:02:00,2024-01-12 04:57:00,26,126,2,11.83,269.89,26.93,296.82,Card,1,55.0,4,Friday,January,2024-01-12,False,22.81,9.98
1748,2024-01-01 11:01:00,2024-01-01 11:43:00,248,7,1,6.93,183.6,33.9,217.5,Card,2,42.0,11,Monday,January,2024-01-01,False,26.49,18.46
1749,2024-01-26 23:32:00,2024-01-27 00:00:00,209,125,2,19.96,425.01,50.12,475.13,Card,2,28.0,23,Friday,January,2024-01-26,False,21.29,11.79
1750,2024-01-03 00:40:00,2024-01-03 01:35:00,227,108,1,16.23,348.67,38.65,387.32,Cash,2,55.0,0,Wednesday,January,2024-01-03,False,21.48,11.08
1751,2024-01-18 19:38:00,2024-01-18 19:52:00,114,260,1,13.79,300.54,16.82,317.36,Cash,2,14.0,19,Thursday,January,2024-01-18,False,21.79,5.6
1752,2024-01-10 17:45:00,2024-01-10 19:01:00,194,70,1,10.42,252.71,26.45,279.16,Cash,1,76.0,17,Wednesday,January,2024-01-10,False,24.25,10.47
1753,2024-01-07 05:06:00,2024-01-07 05:31:00,10,38,2,7.99,213.25,37.84,251.09,Card,2,25.0,5,Sunday,January,2024-01-07,False,26.69,17.74
1754,2024-01-20 22:26:00,2024-01-20 23:40:00,95,175,2,20.75,432.85,71.05,503.9,Cash,1,74.0,22,Saturday,January,2024-01-20,False,20.86,16.41
1755,2024-01-28 02:04:00,2024-01-28 03:33:00,121,188,1,11.83,279.17,23.21,302.38,Cash,1,89.0,2,Sunday,January,2024-01-28,False,23.6,8.31
1756,2024-01-12 07:49:00,2024-01-12 08:50:00,126,227,1,13.03,292.5,32.75,325.25,Cash,2,61.0,7,Friday,January,2024-01-12,False,22.45,11.2
1757,2024-01-24 00:00:00,2024-01-24 00:43:00,37,258,1,13.5,303.69,24.14,327.83,Card,2,43.0,0,Wednesday,January,2024-01-24,False,22.5,7.95
1758,2024-01-21 20:27:00,2024-01-21 21:04:00,69,197,2,11.76,272.33,52.6,324.93,Cash,2,37.0,20,Sunday,January,2024-01-21,False,23.16,19.31
1759,2024-01-05 20:45:00,2024-01-05 21:48:00,174,8,1,7.15,189.84,26.52,216.36,Card,2,63.0,20,Friday,January,2024-01-05,False,26.55,13.97
1760,2024-01-01 15:56:00,2024-01-01 16:18:00,45,51,1,3.89,119.65,19.52,139.17,Card,2,22.0,15,Monday,January,2024-01-01,False,30.76,16.31
1761,2024-01-25 04:39:00,2024-01-25 05:39:00,123,222,2,3.36,117.75,18.5,136.25,Card,1,60.0,4,Thursday,January,2024-01-25,False,35.04,15.71
1762,2024-01-06 23:15:00,2024-01-07 00:16:00,27,19,3,19.18,403.06,72.98,476.04,Cash,1,61.0,23,Saturday,January,2024-01-06,False,21.01,18.11
1763,2024-01-09 21:23:00,2024-01-09 22:43:00,193,247,1,6.36,163.93,31.54,195.47,Card,2,80.0,21,Tuesday,January,2024-01-09,False,25.78,19.24
1764,2024-01-19 00:43:00,2024-01-19 01:35:00,136,31,1,2.34,92.62,5.08,97.7,Card,2,52.0,0,Friday,January,2024-01-19,False,39.58,5.48
1765,2024-01-26 03:41:00,2024-01-26 04:27:00,195,80,2,20.14,425.39,83.5,508.89,Cash,1,46.0,3,Friday,January,2024-01-26,False,21.12,19.63
1766,2024-01-28 09:23:00,2024-01-28 09:54:00,49,22,2,4.7,142.08,25.66,167.74,Card,1,31.0,9,Sunday,January,2024-01-28,False,30.23,18.06
1767,2024-01-24 10:03:00,2024-01-24 11:21:00,96,242,1,16.0,332.48,35.72,368.2,Cash,2,78.0,10,Wednesday,January,2024-01-24,False,20.78,10.74
1768,2024-01-28 03:03:00,2024-01-28 03:59:00,121,214,1,9.13,229.47,40.29,269.76,Cash,1,56.0,3,Sunday,January,2024-01-28,False,25.13,17.56
1769,2024-01-11 14:42:00,2024-01-11 15:28:00,249,200,1,4.04,139.21,22.34,161.55,Card,2,46.0,14,Thursday,January,2024-01-11,False,34.46,16.05
1770,2024-01-04 06:23:00,2024-01-04 06:59:00,217,165,2,10.95,251.08,42.42,293.5,Card,1,36.0,6,Thursday,January,2024-01-04,False,22.93,16.9
1771,2024-01-05 13:23:00,2024-01-05 13:53:00,114,140,2,1.36,70.75,5.88,76.63,Card,2,30.0,13,Friday,January,2024-01-05,False,52.02,8.31
1772,2024-01-18 22:49:00,2024-01-18 23:18:00,14,13,1,21.19,449.85,66.26,516.11,Cash,2,29.0,22,Thursday,January,2024-01-18,False,21.23,14.73
1773,2024-01-23 03:00:00,2024-01-23 04:19:00,62,26,1,13.32,306.23,16.5,322.73,Cash,2,79.0,3,Tuesday,January,2024-01-23,False,22.99,5.39
1774,2024-01-22 22:25:00,2024-01-22 22:52:00,43,22,1,4.34,125.45,22.23,147.68,Card,1,27.0,22,Monday,January,2024-01-22,False,28.91,17.72
1775,2024-01-16 06:55:00,2024-01-16 07:56:00,240,76,3,6.69,163.29,31.46,194.75,Card,1,61.0,6,Tuesday,January,2024-01-16,False,24.41,19.27
1776,2024-01-09 08:03:00,2024-01-09 08:59:00,96,92,1,11.75,264.72,39.53,304.25,Card,1,56.0,8,Tuesday,January,2024-01-09,False,22.53,14.93
1777,2024-01-19 17:18:00,2024-01-19 17:53:00,27,48,1,5.53,159.83,20.28,180.11,Card,1,35.0,17,Friday,January,2024-01-19,False,28.9,12.69
1778,2024-01-19 01:37:00,2024-01-19 02:45:00,242,170,2,7.45,179.36,28.49,207.85,Card,2,68.0,1,Friday,January,2024-01-19,False,24.08,15.88
1779,2024-01-08 18:11:00,2024-01-08 19:26:00,240,245,3,13.83,304.34,30.12,334.46,Card,2,75.0,18,Monday,January,2024-01-08,False,22.01,9.9
1780,2024-01-09 11:21:00,2024-01-09 11:58:00,67,228,2,20.98,430.4,61.96,492.36,Card,1,37.0,11,Tuesday,January,2024-01-09,False,20.51,14.4
1781,2024-01-21 10:26:00,2024-01-21 11:55:00,192,187,1,10.64,258.24,40.76,299.0,Card,1,89.0,10,Sunday,January,2024-01-21,False,24.27,15.78
1782,2024-01-13 08:18:00,2024-01-13 08:24:00,119,168,3,18.21,380.67,27.18,407.85,Card,2,6.0,8,Saturday,January,2024-01-13,False,20.9,7.14
1783,2024-01-30 07:49:00,2024-01-30 08:11:00,152,203,2,22.04,452.73,32.15,484.88,Cash,2,22.0,7,Tuesday,January,2024-01-30,False,20.54,7.1
1784,2024-01-15 15:56:00,2024-01-15 16:47:00,231,6,2,6.19,180.08,28.35,208.43,Card,1,51.0,15,Monday,January,2024-01-15,False,29.09,15.74
1785,2024-01-24 02:57:00,2024-01-24 03:34:00,249,132,1,20.37,415.65,47.7,463.35,Card,1,37.0,2,Wednesday,January,2024-01-24,False,20.41,11.48
1786,2024-01-14 10:22:00,2024-01-14 11:50:00,59,245,1,19.18,393.91,72.24,466.15,Card,1,88.0,10,Sunday,January,2024-01-14,False,20.54,18.34
1787,2024-01-20 02:10:00,2024-01-20 02:49:00,17,91,2,9.57,236.25,22.87,259.12,Card,2,39.0,2,Saturday,January,2024-01-20,False,24.69,9.68
1788,2024-01-14 20:55:00,2024-01-14 21:50:00,171,126,4,24.75,493.83,27.83,521.66,Card,2,55.0,20,Sunday,January,2024-01-14,False,19.95,5.64
1789,2024-01-19 13:23:00,2024-01-19 13:45:00,132,242,2,7.3,196.36,28.96,225.32,Cash,2,22.0,13,Friday,January,2024-01-19,False,26.9,14.75
1790,2024-01-17 03:59:00,2024-01-17 05:15:00,136,249,3,7.12,171.03,26.11,197.14,Card,2,76.0,3,Wednesday,January,2024-01-17,False,24.02,15.27
1791,2024-01-09 20:45:00,2024-01-09 21:19:00,42,7,1,19.53,394.88,52.53,447.41,Card,1,34.0,20,Tuesday,January,2024-01-09,False,20.22,13.3
1792,2024-01-09 00:41:00,2024-01-09 01:29:00,6,88,1,11.43,272.78,41.6,314.38,Card,2,48.0,0,Tuesday,January,2024-01-09,False,23.87,15.25
1793,2024-01-30 02:19:00,2024-01-30 03:16:00,170,86,2,8.94,217.14,27.92,245.06,Card,1,57.0,2,Tuesday,January,2024-01-30,False,24.29,12.86
1794,2024-01-01 08:45:00,2024-01-01 08:59:00,215,145,2,5.29,156.78,24.13,180.91,Card,2,14.0,8,Monday,January,2024-01-01,False,29.64,15.39
1795,2024-01-16 21:01:00,2024-01-16 21:57:00,69,198,2,19.37,395.42,22.38,417.8,Card,1,56.0,21,Tuesday,January,2024-01-16,False,20.41,5.66
1796,2024-01-24 00:22:00,2024-01-24 01:15:00,27,164,4,19.87,402.65,42.38,445.03,Card,1,53.0,0,Wednesday,January,2024-01-24,False,20.26,10.53
1797,2024-01-19 16:36:00,2024-01-19 16:51:00,225,145,1,14.6,327.85,26.76,354.61,Card,2,15.0,16,Friday,January,2024-01-19,False,22.46,8.16
1798,2024-01-04 05:28:00,2024-01-04 06:38:00,234,1,1,23.98,482.4,31.31,513.71,Card,1,70.0,5,Thursday,January,2024-01-04,False,20.12,6.49
1799,2024-01-25 09:33:00,2024-01-25 10:35:00,51,120,4,8.64,209.17,17.8,226.97,Cash,1,62.0,9,Thursday,January,2024-01-25,False,24.21,8.51
1800,2024-01-22 04:43:00,2024-01-22 05:23:00,149,67,1,6.27,153.7,12.1,165.8,Card,2,40.0,4,Monday,January,2024-01-22,False,24.51,7.87
1801,2024-01-21 04:12:00,2024-01-21 04:49:00,75,49,2,17.26,362.26,70.99,433.25,Card,1,37.0,4,Sunday,January,2024-01-21,False,20.99,19.6
1802,2024-01-24 21:34:00,2024-01-24 22:25:00,92,24,3,19.2,408.71,38.0,446.71,Card,2,51.0,21,Wednesday,January,2024-01-24,False,21.29,9.3
1803,2024-01-23 18:21:00,2024-01-23 18:38:00,68,211,1,6.4,179.84,15.22,195.06,Card,2,17.0,18,Tuesday,January,2024-01-23,False,28.1,8.46
1804,2024-01-04 04:39:00,2024-01-04 05:23:00,235,63,3,2.84,112.08,19.64,131.72,Card,2,44.0,4,Thursday,January,2024-01-04,False,39.46,17.52
1805,2024-01-25 08:06:00,2024-01-25 09:18:00,144,56,1,20.45,428.87,48.41,477.28,Card,1,72.0,8,Thursday,January,2024-01-25,False,20.97,11.29
1806,2024-01-25 22:43:00,2024-01-25 23:29:00,76,18,2,24.44,495.11,56.06,551.17,Card,1,46.0,22,Thursday,January,2024-01-25,False,20.26,11.32
1807,2024-01-29 12:49:00,2024-01-29 13:12:00,86,77,1,16.47,352.61,41.09,393.7,Card,2,23.0,12,Monday,January,2024-01-29,False,21.41,11.65
1808,2024-01-03 15:34:00,2024-01-03 17:00:00,227,260,2,7.67,200.34,22.53,222.87,Card,2,86.0,15,Wednesday,January,2024-01-03,False,26.12,11.25
1809,2024-01-25 23:44:00,2024-01-26 00:07:00,56,121,2,24.92,495.98,49.09,545.07,Card,1,23.0,23,Thursday,January,2024-01-25,False,19.9,9.9
1810,2024-01-19 11:36:00,2024-01-19 12:38:00,80,184,1,22.44,450.87,41.91,492.78,Card,2,62.0,11,Friday,January,2024-01-19,False,20.09,9.3
1811,2024-01-02 11:13:00,2024-01-02 11:40:00,24,48,2,13.32,308.26,56.19,364.45,Cash,2,27.0,11,Tuesday,January,2024-01-02,False,23.14,18.23
1812,2024-01-30 20:46:00,2024-01-30 21:44:00,227,147,4,20.81,415.41,30.85,446.26,Card,2,58.0,20,Tuesday,January,2024-01-30,False,19.96,7.43
1813,2024-01-10 13:20:00,2024-01-10 14:44:00,28,80,2,20.58,414.62,31.99,446.61,Card,1,84.0,13,Wednesday,January,2024-01-10,False,20.15,7.72
1814,2024-01-16 05:27:00,2024-01-16 06:36:00,121,236,5,23.44,479.03,65.03,544.06,Card,1,69.0,5,Tuesday,January,2024-01-16,False,20.44,13.58
1815,2024-01-15 12:59:00,2024-01-15 13:15:00,93,229,1,21.18,443.38,45.02,488.4,Card,1,16.0,12,Monday,January,2024-01-15,False,20.93,10.15
1816,2024-01-23 12:19:00,2024-01-23 12:47:00,112,61,1,16.45,352.24,39.88,392.12,Cash,2,28.0,12,Tuesday,January,2024-01-23,False,21.41,11.32
1817,2024-01-09 17:48:00,2024-01-09 18:26:00,31,220,1,15.62,331.81,56.73,388.54,Cash,2,38.0,17,Tuesday,January,2024-01-09,False,21.24,17.1
1818,2024-01-26 02:22:00,2024-01-26 03:19:00,143,89,6,12.22,289.3,53.68,342.98,Card,2,57.0,2,Friday,January,2024-01-26,False,23.67,18.56
1819,2024-01-28 05:18:00,2024-01-28 05:30:00,227,228,1,16.04,349.84,58.98,408.82,Card,2,12.0,5,Sunday,January,2024-01-28,False,21.81,16.86
1820,2024-01-24 04:37:00,2024-01-24 04:59:00,250,103,1,20.09,426.56,36.36,462.92,Cash,1,22.0,4,Wednesday,January,2024-01-24,False,21.23,8.52
1821,2024-01-12 13:33:00,2024-01-12 14:34:00,50,88,1,24.26,477.89,94.14,572.03,Card,1,61.0,13,Friday,January,2024-01-12,False,19.7,19.7
1822,2024-01-08 12:31:00,2024-01-08 12:40:00,214,23,1,12.21,266.86,27.88,294.74,Card,2,9.0,12,Monday,January,2024-01-08,False,21.86,10.45
1823,2024-01-04 23:24:00,2024-01-04 23:54:00,195,17,4,14.77,317.09,23.9,340.99,Card,1,30.0,23,Thursday,January,2024-01-04,False,21.47,7.54
1824,2024-01-08 16:43:00,2024-01-08 17:17:00,254,162,1,11.68,255.72,31.95,287.67,Card,2,34.0,16,Monday,January,2024-01-08,False,21.89,12.49
1825,2024-01-14 18:16:00,2024-01-14 19:14:00,79,78,4,17.04,348.91,55.4,404.31,Card,2,58.0,18,Sunday,January,2024-01-14,False,20.48,15.88
1826,2024-01-30 08:00:00,2024-01-30 08:17:00,244,122,1,16.12,336.91,21.05,357.96,Cash,1,17.0,8,Tuesday,January,2024-01-30,False,20.9,6.25
1827,2024-01-05 08:36:00,2024-01-05 10:03:00,91,112,3,1.43,81.75,11.87,93.62,Card,1,87.0,8,Friday,January,2024-01-05,False,57.17,14.52
1828,2024-01-27 20:23:00,2024-01-27 20:56:00,6,239,1,13.99,312.69,55.88,368.57,Card,2,33.0,20,Saturday,January,2024-01-27,False,22.35,17.87
1829,2024-01-10 17:14:00,2024-01-10 17:21:00,150,210,1,3.12,119.38,10.66,130.04,Cash,2,7.0,17,Wednesday,January,2024-01-10,False,38.26,8.93
1830,2024-01-17 07:39:00,2024-01-17 08:41:00,191,2,1,1.63,70.63,10.87,81.5,Cash,1,62.0,7,Wednesday,January,2024-01-17,False,43.33,15.39
1831,2024-01-17 00:00:00,2024-01-17 01:20:00,73,203,1,19.99,412.66,45.39,458.05,Card,1,80.0,0,Wednesday,January,2024-01-17,False,20.64,11.0
1832,2024-01-12 18:39:00,2024-01-12 18:45:00,68,117,1,7.21,173.45,19.45,192.9,Card,1,6.0,18,Friday,January,2024-01-12,False,24.06,11.21
1833,2024-01-05 05:39:00,2024-01-05 06:58:00,63,114,1,9.18,218.18,20.1,238.28,Card,2,79.0,5,Friday,January,2024-01-05,False,23.77,9.21
1834,2024-01-30 08:27:00,2024-01-30 08:59:00,134,74,1,2.54,98.74,14.18,112.92,Card,1,32.0,8,Tuesday,January,2024-01-30,False,38.87,14.36
1835,2024-01-14 14:16:00,2024-01-14 15:42:00,223,241,1,5.31,150.53,15.68,166.21,Card,1,86.0,14,Sunday,January,2024-01-14,False,28.35,10.42
1836,2024-01-25 23:06:00,2024-01-26 00:27:00,126,54,2,19.37,415.44,72.55,487.99,Card,1,81.0,23,Thursday,January,2024-01-25,False,21.45,17.46
1837,2024-01-05 05:56:00,2024-01-05 07:26:00,7,159,1,12.84,295.27,57.41,352.68,Cash,2,90.0,5,Friday,January,2024-01-05,False,23.0,19.44
1838,2024-01-11 19:23:00,2024-01-11 20:43:00,206,109,2,22.14,457.62,87.07,544.69,Cash,1,80.0,19,Thursday,January,2024-01-11,False,20.67,19.03
1839,2024-01-19 14:28:00,2024-01-19 14:34:00,179,153,6,10.53,256.1,19.07,275.17,Card,1,6.0,14,Friday,January,2024-01-19,False,24.32,7.45
1840,2024-01-19 16:48:00,2024-01-19 16:59:00,183,163,1,7.45,194.45,10.14,204.59,Cash,1,11.0,16,Friday,January,2024-01-19,False,26.1,5.21
1841,2024-01-26 05:36:00,2024-01-26 06:06:00,228,57,1,9.34,232.69,26.94,259.63,Card,1,30.0,5,Friday,January,2024-01-26,False,24.91,11.58
1842,2024-01-07 20:07:00,2024-01-07 21:27:00,236,214,1,18.11,382.89,61.01,443.9,Card,2,80.0,20,Sunday,January,2024-01-07,False,21.14,15.93
1843,2024-01-19 03:55:00,2024-01-19 04:15:00,146,28,1,14.32,313.52,61.64,375.16,Cash,1,20.0,3,Friday,January,2024-01-19,False,21.89,19.66
1844,2024-01-10 19:35:00,2024-01-10 20:02:00,58,204,2,22.7,470.32,78.78,549.1,Card,2,27.0,19,Wednesday,January,2024-01-10,False,20.72,16.75
1845,2024-01-13 08:14:00,2024-01-13 08:58:00,241,33,1,15.45,318.69,43.69,362.38,Cash,1,44.0,8,Saturday,January,2024-01-13,False,20.63,13.71
1846,2024-01-02 05:02:00,2024-01-02 06:06:00,163,122,1,12.83,291.65,15.74,307.39,Card,1,64.0,5,Tuesday,January,2024-01-02,False,22.73,5.4
1847,2024-01-13 17:09:00,2024-01-13 18:26:00,26,16,1,19.86,425.52,73.97,499.49,Card,1,77.0,17,Saturday,January,2024-01-13,False,21.43,17.38
1848,2024-01-01 10:19:00,2024-01-01 10:55:00,106,154,3,23.74,488.74,37.42,526.16,Card,1,36.0,10,Monday,January,2024-01-01,False,20.59,7.66
1849,2024-01-13 06:18:00,2024-01-13 06:37:00,240,218,2,9.54,212.82,12.42,225.24,Card,1,19.0,6,Saturday,January,2024-01-13,False,22.31,5.84
1850,2024-01-25 02:27:00,2024-01-25 02:44:00,42,105,5,7.0,177.34,31.49,208.83,Card,1,17.0,2,Thursday,January,2024-01-25,False,25.33,17.76
1851,2024-01-15 02:57:00,2024-01-15 03:06:00,133,77,4,15.79,348.51,47.03,395.54,Cash,2,9.0,2,Monday,January,2024-01-15,False,22.07,13.49
1852,2024-01-12 02:41:00,2024-01-12 04:00:00,44,87,1,12.97,302.22,20.94,323.16,Card,2,79.0,2,Friday,January,2024-01-12,False,23.3,6.93
1853,2024-01-01 16:08:00,2024-01-01 17:26:00,35,31,1,24.74,496.42,53.6,550.02,Card,2,78.0,16,Monday,January,2024-01-01,False,20.07,10.8
1854,2024-01-18 23:32:00,2024-01-19 00:28:00,1,100,1,12.1,283.04,17.78,300.82,Card,2,56.0,23,Thursday,January,2024-01-18,False,23.39,6.28
1855,2024-01-18 18:59:00,2024-01-18 20:20:00,226,155,1,2.78,115.95,16.89,132.84,Cash,2,81.0,18,Thursday,January,2024-01-18,False,41.71,14.57
1856,2024-01-01 04:41:00,2024-01-01 05:26:00,236,106,1,24.46,483.98,44.7,528.68,Card,1,45.0,4,Monday,January,2024-01-01,False,19.79,9.24
1857,2024-01-20 01:00:00,2024-01-20 01:57:00,33,230,1,21.25,447.87,80.58,528.45,Card,1,57.0,1,Saturday,January,2024-01-20,False,21.08,17.99
1858,2024-01-11 16:00:00,2024-01-11 16:54:00,95,3,1,5.28,144.77,15.01,159.78,Cash,1,54.0,16,Thursday,January,2024-01-11,False,27.42,10.37
1859,2024-01-28 02:30:00,2024-01-28 02:49:00,205,222,1,22.71,466.58,57.95,524.53,Cash,1,19.0,2,Sunday,January,2024-01-28,False,20.55,12.42
1860,2024-01-01 17:38:00,2024-01-01 17:49:00,109,121,3,9.18,221.41,13.18,234.59,Card,2,11.0,17,Monday,January,2024-01-01,False,24.12,5.95
1861,2024-01-15 08:37:00,2024-01-15 09:21:00,30,160,4,10.05,240.79,21.99,262.78,Card,2,44.0,8,Monday,January,2024-01-15,False,23.96,9.13
1862,2024-01-08 10:44:00,2024-01-08 11:16:00,23,194,1,22.75,471.71,71.47,543.18,Card,1,32.0,10,Monday,January,2024-01-08,False,20.73,15.15
1863,2024-01-20 17:24:00,2024-01-20 18:00:00,97,218,1,13.72,300.19,48.16,348.35,Cash,1,36.0,17,Saturday,January,2024-01-20,False,21.88,16.04
1864,2024-01-27 08:26:00,2024-01-27 08:45:00,39,191,1,4.31,144.23,12.46,156.69,Cash,2,19.0,8,Saturday,January,2024-01-27,False,33.46,8.64
1865,2024-01-28 14:28:00,2024-01-28 15:57:00,173,252,3,9.86,241.76,30.36,272.12,Cash,2,89.0,14,Sunday,January,2024-01-28,False,24.52,12.56
1866,2024-01-21 17:36:00,2024-01-21 18:50:00,248,226,5,18.33,393.5,67.93,461.43,Card,1,74.0,17,Sunday,January,2024-01-21,False,21.47,17.26
1867,2024-01-07 09:20:00,2024-01-07 10:29:00,162,1,1,5.18,146.99,15.73,162.72,Cash,2,69.0,9,Sunday,January,2024-01-07,False,28.38,10.7
1868,2024-01-24 14:37:00,2024-01-24 14:45:00,180,133,1,15.17,314.19,22.01,336.2,Card,1,8.0,14,Wednesday,January,2024-01-24,False,20.71,7.01
1869,2024-01-18 18:51:00,2024-01-18 19:06:00,103,90,1,17.69,373.19,42.83,416.02,Card,1,15.0,18,Thursday,January,2024-01-18,False,21.1,11.48
1870,2024-01-29 15:15:00,2024-01-29 15:45:00,209,6,1,9.25,233.45,32.71,266.16,Card,2,30.0,15,Monday,January,2024-01-29,False,25.24,14.01
1871,2024-01-25 08:17:00,2024-01-25 09:22:00,22,244,2,17.65,363.41,18.57,381.98,Cash,2,65.0,8,Thursday,January,2024-01-25,False,20.59,5.11
1872,2024-01-01 20:39:00,2024-01-01 21:20:00,5,133,1,22.22,469.44,48.02,517.46,Card,1,41.0,20,Monday,January,2024-01-01,False,21.13,10.23
1873,2024-01-27 11:38:00,2024-01-27 12:05:00,139,116,5,12.33,286.17,40.38,326.55,Card,2,27.0,11,Saturday,January,2024-01-27,False,23.21,14.11
1874,2024-01-01 02:05:00,2024-01-01 03:34:00,214,73,1,10.19,244.71,47.18,291.89,Cash,2,89.0,2,Monday,January,2024-01-01,False,24.01,19.28
1875,2024-01-17 13:37:00,2024-01-17 14:21:00,160,156,2,7.03,186.85,20.79,207.64,Card,1,44.0,13,Wednesday,January,2024-01-17,False,26.58,11.13
1876,2024-01-11 16:38:00,2024-01-11 17:59:00,139,211,1,15.5,336.61,25.06,361.67,Card,1,81.0,16,Thursday,January,2024-01-11,False,21.72,7.44
1877,2024-01-05 14:38:00,2024-01-05 15:05:00,145,69,1,22.12,459.78,59.83,519.61,Card,1,27.0,14,Friday,January,2024-01-05,False,20.79,13.01
1878,2024-01-05 13:30:00,2024-01-05 13:50:00,160,144,2,8.79,210.88,19.58,230.46,Card,2,20.0,13,Friday,January,2024-01-05,False,23.99,9.28
1879,2024-01-03 06:09:00,2024-01-03 07:14:00,83,199,4,10.51,254.54,20.93,275.47,Card,1,65.0,6,Wednesday,January,2024-01-03,False,24.22,8.22
1880,2024-01-07 07:50:00,2024-01-07 09:02:00,155,206,2,10.76,254.57,35.27,289.84,Cash,1,72.0,7,Sunday,January,2024-01-07,False,23.66,13.85
1881,2024-01-29 00:43:00,2024-01-29 02:07:00,64,201,2,14.46,323.42,60.6,384.02,Card,1,84.0,0,Monday,January,2024-01-29,False,22.37,18.74
1882,2024-01-10 10:45:00,2024-01-10 11:20:00,192,239,2,6.48,180.41,31.62,212.03,Cash,2,35.0,10,Wednesday,January,2024-01-10,False,27.84,17.53
1883,2024-01-09 09:55:00,2024-01-09 10:52:00,156,68,1,20.73,415.9,32.17,448.07,Cash,2,57.0,9,Tuesday,January,2024-01-09,False,20.06,7.74
1884,2024-01-28 03:02:00,2024-01-28 03:31:00,91,171,2,8.09,187.29,30.88,218.17,Card,1,29.0,3,Sunday,January,2024-01-28,False,23.15,16.49
1885,2024-01-16 21:51:00,2024-01-16 22:39:00,142,70,2,17.93,386.77,32.67,419.44,Cash,2,48.0,21,Tuesday,January,2024-01-16,False,21.57,8.45
1886,2024-01-27 18:05:00,2024-01-27 18:21:00,42,17,1,13.32,287.54,26.92,314.46,Card,2,16.0,18,Saturday,January,2024-01-27,False,21.59,9.36
1887,2024-01-23 14:36:00,2024-01-23 14:49:00,249,137,1,15.06,328.54,61.77,390.31,Card,1,13.0,14,Tuesday,January,2024-01-23,False,21.82,18.8
1888,2024-01-09 17:55:00,2024-01-09 18:11:00,258,219,2,5.31,148.89,27.79,176.68,Cash,2,16.0,17,Tuesday,January,2024-01-09,False,28.04,18.66
1889,2024-01-02 08:49:00,2024-01-02 10:02:00,1,6,3,18.64,376.18,28.32,404.5,Card,2,73.0,8,Tuesday,January,2024-01-02,False,20.18,7.53
1890,2024-01-12 23:55:00,2024-01-13 00:53:00,109,198,1,5.53,140.75,8.39,149.14,Card,1,58.0,23,Friday,January,2024-01-12,False,25.45,5.96
1891,2024-01-04 02:30:00,2024-01-04 03:28:00,125,132,3,3.72,131.77,12.38,144.15,Card,2,58.0,2,Thursday,January,2024-01-04,False,35.42,9.4
1892,2024-01-08 02:25:00,2024-01-08 02:57:00,64,184,3,14.12,312.39,42.88,355.27,Card,2,32.0,2,Monday,January,2024-01-08,False,22.12,13.73
1893,2024-01-30 09:24:00,2024-01-30 10:24:00,206,18,1,18.02,380.08,69.0,449.08,Cash,2,60.0,9,Tuesday,January,2024-01-30,False,21.09,18.15
1894,2024-01-30 03:34:00,2024-01-30 04:47:00,244,213,2,2.2,107.93,7.32,115.25,Cash,2,73.0,3,Tuesday,January,2024-01-30,False,49.06,6.78
1895,2024-01-30 16:39:00,2024-01-30 18:00:00,78,48,1,2.67,93.25,10.47,103.72,Card,2,81.0,16,Tuesday,January,2024-01-30,False,34.93,11.23
1896,2024-01-17 02:36:00,2024-01-17 03:38:00,111,29,1,20.26,412.42,37.43,449.85,Card,1,62.0,2,Wednesday,January,2024-01-17,False,20.36,9.08
1897,2024-01-28 23:27:00,2024-01-29 00:49:00,142,153,2,20.42,430.26,22.48,452.74,Card,1,82.0,23,Sunday,January,2024-01-28,False,21.07,5.22
1898,2024-01-10 11:49:00,2024-01-10 13:08:00,216,238,4,6.89,187.28,31.51,218.79,Card,2,79.0,11,Wednesday,January,2024-01-10,False,27.18,16.83
1899,2024-01-26 23:00:00,2024-01-26 23:46:00,16,199,1,15.77,336.01,57.79,393.8,Card,1,46.0,23,Friday,January,2024-01-26,False,21.31,17.2
1900,2024-01-27 09:26:00,2024-01-27 10:08:00,54,14,3,11.64,278.05,23.13,301.18,Card,1,42.0,9,Saturday,January,2024-01-27,False,23.89,8.32
1901,2024-01-11 19:37:00,2024-01-11 20:49:00,141,10,1,16.18,359.39,26.12,385.51,Card,1,72.0,19,Thursday,January,2024-01-11,False,22.21,7.27
1902,2024-01-16 14:33:00,2024-01-16 15:30:00,79,139,3,21.71,431.15,30.91,462.06,Card,1,57.0,14,Tuesday,January,2024-01-16,False,19.86,7.17
1903,2024-01-20 21:05:00,2024-01-20 21:42:00,149,167,3,2.92,97.73,11.69,109.42,Cash,2,37.0,21,Saturday,January,2024-01-20,False,33.47,11.96
1904,2024-01-11 18:24:00,2024-01-11 19:39:00,127,147,3,19.67,418.67,36.41,455.08,Card,2,75.0,18,Thursday,January,2024-01-11,False,21.28,8.7
1905,2024-01-17 17:29:00,2024-01-17 18:29:00,158,245,2,12.83,281.0,35.6,316.6,Card,2,60.0,17,Wednesday,January,2024-01-17,False,21.9,12.67
1906,2024-01-26 08:07:00,2024-01-26 09:23:00,38,70,3,14.54,304.58,32.81,337.39,Card,1,76.0,8,Friday,January,2024-01-26,False,20.95,10.77
1907,2024-01-01 05:02:00,2024-01-01 05:57:00,157,104,1,16.69,363.97,29.71,393.68,Cash,2,55.0,5,Monday,January,2024-01-01,False,21.81,8.16
1908,2024-01-22 20:23:00,2024-01-22 21:41:00,112,229,1,23.14,470.16,76.49,546.65,Cash,1,78.0,20,Monday,January,2024-01-22,False,20.32,16.27
1909,2024-01-21 07:39:00,2024-01-21 08:26:00,190,138,1,2.36,97.25,7.06,104.31,Cash,2,47.0,7,Sunday,January,2024-01-21,False,41.21,7.26
1910,2024-01-30 17:43:00,2024-01-30 18:02:00,106,36,2,1.71,76.37,12.97,89.34,Card,2,19.0,17,Tuesday,January,2024-01-30,False,44.66,16.98
1911,2024-01-26 20:08:00,2024-01-26 20:50:00,91,118,1,5.28,154.87,20.79,175.66,Card,1,42.0,20,Friday,January,2024-01-26,False,29.33,13.42
1912,2024-01-22 06:59:00,2024-01-22 07:18:00,49,255,1,24.67,500.6,87.51,588.11,Card,2,19.0,6,Monday,January,2024-01-22,False,20.29,17.48
1913,2024-01-25 21:20:00,2024-01-25 21:29:00,161,20,3,18.16,373.08,18.92,392.0,Card,1,9.0,21,Thursday,January,2024-01-25,False,20.54,5.07
1914,2024-01-23 03:30:00,2024-01-23 04:57:00,4,21,2,15.75,333.71,54.19,387.9,Cash,2,87.0,3,Tuesday,January,2024-01-23,False,21.19,16.24
1915,2024-01-10 10:38:00,2024-01-10 11:36:00,198,256,3,2.13,96.25,5.56,101.81,Card,1,58.0,10,Wednesday,January,2024-01-10,False,45.19,5.78
1916,2024-01-14 13:08:00,2024-01-14 14:03:00,254,248,1,22.1,465.55,89.63,555.18,Card,1,55.0,13,Sunday,January,2024-01-14,False,21.07,19.25
1917,2024-01-30 08:47:00,2024-01-30 09:01:00,90,166,1,20.51,436.79,67.88,504.67,Card,1,14.0,8,Tuesday,January,2024-01-30,False,21.3,15.54
1918,2024-01-10 07:00:00,2024-01-10 07:16:00,20,255,1,16.96,353.92,34.69,388.61,Card,2,16.0,7,Wednesday,January,2024-01-10,False,20.87,9.8
1919,2024-01-19 17:44:00,2024-01-19 17:52:00,77,78,1,9.14,226.59,22.2,248.79,Cash,2,8.0,17,Friday,January,2024-01-19,False,24.79,9.8
1920,2024-01-06 15:25:00,2024-01-06 15:47:00,220,34,1,2.69,111.69,20.02,131.71,Card,1,22.0,15,Saturday,January,2024-01-06,False,41.52,17.92
1921,2024-01-26 00:59:00,2024-01-26 02:23:00,162,99,1,14.92,332.82,61.71,394.53,Card,1,84.0,0,Friday,January,2024-01-26,False,22.31,18.54
1922,2024-01-03 19:13:00,2024-01-03 19:53:00,115,143,1,18.27,385.98,70.92,456.9,Card,1,40.0,19,Wednesday,January,2024-01-03,False,21.13,18.37
1923,2024-01-27 07:13:00,2024-01-27 07:42:00,94,55,2,3.26,99.0,16.96,115.96,Card,2,29.0,7,Saturday,January,2024-01-27,False,30.37,17.13
1924,2024-01-12 20:47:00,2024-01-12 22:07:00,133,3,1,16.21,354.63,61.3,415.93,Cash,1,80.0,20,Friday,January,2024-01-12,False,21.88,17.29
1925,2024-01-29 09:41:00,2024-01-29 10:21:00,172,219,1,7.87,184.86,25.13,209.99,Cash,2,40.0,9,Monday,January,2024-01-29,False,23.49,13.59
1926,2024-01-04 23:04:00,2024-01-05 00:15:00,114,211,2,19.34,391.63,21.24,412.87,Card,2,71.0,23,Thursday,January,2024-01-04,False,20.25,5.42
1927,2024-01-06 10:48:00,2024-01-06 11:01:00,9,149,2,13.95,309.27,19.49,328.76,Cash,2,13.0,10,Saturday,January,2024-01-06,False,22.17,6.3
1928,2024-01-15 23:52:00,2024-01-16 00:57:00,260,232,3,4.1,143.31,21.13,164.44,Card,1,65.0,23,Monday,January,2024-01-15,False,34.95,14.74
1929,2024-01-05 19:24:00,2024-01-05 20:21:00,170,88,1,13.64,292.8,32.26,325.06,Card,2,57.0,19,Friday,January,2024-01-05,False,21.47,11.02
1930,2024-01-19 21:28:00,2024-01-19 21:50:00,98,211,5,10.5,248.37,33.55,281.92,Cash,1,22.0,21,Friday,January,2024-01-19,False,23.65,13.51
1931,2024-01-14 14:54:00,2024-01-14 15:41:00,169,223,4,5.33,145.05,12.28,157.33,Card,1,47.0,14,Sunday,January,2024-01-14,False,27.21,8.47
1932,2024-01-01 08:08:00,2024-01-01 08:47:00,218,148,2,21.2,448.56,66.12,514.68,Card,2,39.0,8,Monday,January,2024-01-01,False,21.16,14.74
1933,2024-01-28 16:42:00,2024-01-28 17:49:00,44,207,1,1.26,80.49,6.96,87.45,Card,2,67.0,16,Sunday,January,2024-01-28,False,63.88,8.65
1934,2024-01-19 00:03:00,2024-01-19 01:25:00,261,227,1,8.49,199.04,23.71,222.75,Card,1,82.0,0,Friday,January,2024-01-19,False,23.44,11.91
1935,2024-01-25 23:01:00,2024-01-25 23:09:00,126,184,2,1.3,71.26,8.68,79.94,Cash,2,8.0,23,Thursday,January,2024-01-25,False,54.82,12.18
1936,2024-01-21 06:05:00,2024-01-21 06:50:00,260,41,2,3.3,112.37,8.61,120.98,Card,2,45.0,6,Sunday,January,2024-01-21,False,34.05,7.66
1937,2024-01-02 03:47:00,2024-01-02 04:36:00,214,182,4,8.13,190.0,34.47,224.47,Card,2,49.0,3,Tuesday,January,2024-01-02,False,23.37,18.14
1938,2024-01-19 04:53:00,2024-01-19 05:47:00,200,44,2,2.3,83.76,10.79,94.55,Card,2,54.0,4,Friday,January,2024-01-19,False,36.42,12.88
1939,2024-01-03 20:34:00,2024-01-03 21:57:00,236,210,6,15.32,336.16,60.51,396.67,Card,1,83.0,20,Wednesday,January,2024-01-03,False,21.94,18.0
1940,2024-01-26 05:21:00,2024-01-26 05:53:00,136,250,3,3.08,107.65,9.62,117.27,Card,2,32.0,5,Friday,January,2024-01-26,False,34.95,8.94
1941,2024-01-06 09:21:00,2024-01-06 10:07:00,116,84,5,17.84,382.91,29.04,411.95,Cash,2,46.0,9,Saturday,January,2024-01-06,False,21.46,7.58
1942,2024-01-22 14:36:00,2024-01-22 16:00:00,155,139,1,2.26,83.98,4.43,88.41,Cash,2,84.0,14,Monday,January,2024-01-22,False,37.16,5.28
1943,2024-01-24 10:48:00,2024-01-24 12:08:00,18,231,1,2.42,101.86,6.53,108.39,Card,2,80.0,10,Wednesday,January,2024-01-24,False,42.09,6.41
1944,2024-01-18 15:46:00,2024-01-18 16:59:00,4,12,2,8.33,203.24,14.66,217.9,Card,2,73.0,15,Thursday,January,2024-01-18,False,24.4,7.21
1945,2024-01-13 08:12:00,2024-01-13 08:17:00,165,90,2,22.52,447.1,27.64,474.74,Card,2,5.0,8,Saturday,January,2024-01-13,False,19.85,6.18
1946,2024-01-27 12:58:00,2024-01-27 13:41:00,127,25,1,16.39,351.36,64.84,416.2,Card,2,43.0,12,Saturday,January,2024-01-27,False,21.44,18.45
1947,2024-01-03 13:52:00,2024-01-03 14:13:00,213,26,2,19.48,393.12,73.4,466.52,Card,2,21.0,13,Wednesday,January,2024-01-03,False,20.18,18.67
1948,2024-01-01 22:47:00,2024-01-01 23:26:00,48,153,2,4.4,144.03,27.45,171.48,Card,2,39.0,22,Monday,January,2024-01-01,False,32.73,19.06
1949,2024-01-29 10:37:00,2024-01-29 11:27:00,46,60,1,21.02,437.32,84.83,522.15,Card,1,50.0,10,Monday,January,2024-01-29,False,20.8,19.4
1950,2024-01-30 00:21:00,2024-01-30 01:07:00,46,60,1,1.2,78.31,9.69,88.0,Card,1,46.0,0,Tuesday,January,2024-01-30,False,65.26,12.37
1951,2024-01-19 04:40:00,2024-01-19 05:23:00,48,171,4,6.11,153.98,19.94,173.92,Cash,2,43.0,4,Friday,January,2024-01-19,False,25.2,12.95
1952,2024-01-03 14:06:00,2024-01-03 14:59:00,187,76,1,15.79,332.84,23.17,356.01,Cash,2,53.0,14,Wednesday,January,2024-01-03,False,21.08,6.96
1953,2024-01-17 09:36:00,2024-01-17 10:42:00,120,208,2,10.01,234.97,16.58,251.55,Cash,1,66.0,9,Wednesday,January,2024-01-17,False,23.47,7.06
1954,2024-01-20 06:03:00,2024-01-20 06:45:00,132,155,1,24.62,502.16,83.32,585.48,Card,1,42.0,6,Saturday,January,2024-01-20,False,20.4,16.59
1955,2024-01-27 02:14:00,2024-01-27 02:41:00,19,180,2,1.73,76.64,13.67,90.31,Card,2,27.0,2,Saturday,January,2024-01-27,False,44.3,17.84
1956,2024-01-25 06:38:00,2024-01-25 07:04:00,232,82,4,24.97,489.73,82.13,571.86,Card,1,26.0,6,Thursday,January,2024-01-25,False,19.61,16.77
1957,2024-01-07 07:48:00,2024-01-07 07:56:00,42,10,1,15.97,337.8,59.18,396.98,Card,1,8.0,7,Sunday,January,2024-01-07,False,21.15,17.52
1958,2024-01-09 10:58:00,2024-01-09 11:51:00,92,243,1,14.41,313.87,28.71,342.58,Card,1,53.0,10,Tuesday,January,2024-01-09,False,21.78,9.15
1959,2024-01-25 18:03:00,2024-01-25 19:06:00,261,178,2,2.43,89.27,10.7,99.97,Card,1,63.0,18,Thursday,January,2024-01-25,False,36.74,11.99
1960,2024-01-22 18:04:00,2024-01-22 19:21:00,48,257,4,7.56,190.84,22.69,213.53,Card,1,77.0,18,Monday,January,2024-01-22,False,25.24,11.89
1961,2024-01-27 15:20:00,2024-01-27 16:32:00,74,4,1,23.19,467.57,93.18,560.75,Card,1,72.0,15,Saturday,January,2024-01-27,False,20.16,19.93
1962,2024-01-13 09:04:00,2024-01-13 10:19:00,216,215,1,9.5,224.65,43.22,267.87,Card,1,75.0,9,Saturday,January,2024-01-13,False,23.65,19.24
1963,2024-01-07 04:47:00,2024-01-07 04:53:00,221,30,1,16.88,354.26,49.52,403.78,Card,1,6.0,4,Sunday,January,2024-01-07,False,20.99,13.98
1964,2024-01-20 13:04:00,2024-01-20 13:57:00,109,65,1,24.99,508.67,35.96,544.63,Card,2,53.0,13,Saturday,January,2024-01-20,False,20.35,7.07
1965,2024-01-22 12:50:00,2024-01-22 13:25:00,135,124,1,7.31,172.87,15.35,188.22,Cash,1,35.0,12,Monday,January,2024-01-22,False,23.65,8.88
1966,2024-01-16 14:03:00,2024-01-16 14:47:00,238,153,4,14.83,312.07,32.63,344.7,Card,2,44.0,14,Tuesday,January,2024-01-16,False,21.04,10.46
1967,2024-01-11 00:37:00,2024-01-11 01:29:00,155,40,1,17.71,371.76,67.28,439.04,Card,1,52.0,0,Thursday,January,2024-01-11,False,20.99,18.1
1968,2024-01-28 14:58:00,2024-01-28 15:53:00,56,26,2,4.95,139.79,10.57,150.36,Card,2,55.0,14,Sunday,January,2024-01-28,False,28.24,7.56
1969,2024-01-08 18:47:00,2024-01-08 19:34:00,198,159,3,4.57,134.01,11.12,145.13,Card,2,47.0,18,Monday,January,2024-01-08,False,29.32,8.3
1970,2024-01-18 17:37:00,2024-01-18 18:36:00,38,189,1,11.95,279.21,28.59,307.8,Cash,2,59.0,17,Thursday,January,2024-01-18,False,23.36,10.24
1971,2024-01-25 19:57:00,2024-01-25 20:50:00,217,69,2,10.26,251.27,47.5,298.77,Card,2,53.0,19,Thursday,January,2024-01-25,False,24.49,18.9
1972,2024-01-09 08:40:00,2024-01-09 10:04:00,231,1,2,18.14,373.98,46.96,420.94,Card,1,84.0,8,Tuesday,January,2024-01-09,False,20.62,12.56
1973,2024-01-30 03:46:00,2024-01-30 04:47:00,257,79,1,2.67,113.15,16.64,129.79,Card,2,61.0,3,Tuesday,January,2024-01-30,False,42.38,14.71
1974,2024-01-16 16:52:00,2024-01-16 18:13:00,209,228,1,24.33,491.7,53.14,544.84,Card,1,81.0,16,Tuesday,January,2024-01-16,False,20.21,10.81
1975,2024-01-20 18:01:00,2024-01-20 18:20:00,201,46,1,1.34,72.33,5.66,77.99,Cash,2,19.0,18,Saturday,January,2024-01-20,False,53.98,7.83
1976,2024-01-05 11:51:00,2024-01-05 12:22:00,137,108,1,15.43,347.3,28.97,376.27,Cash,1,31.0,11,Friday,January,2024-01-05,False,22.51,8.34
1977,2024-01-25 17:51:00,2024-01-25 19:03:00,128,124,1,14.5,325.74,55.51,381.25,Card,2,72.0,17,Thursday,January,2024-01-25,False,22.46,17.04
1978,2024-01-19 10:03:00,2024-01-19 11:27:00,53,148,5,4.23,145.97,26.86,172.83,Cash,1,84.0,10,Friday,January,2024-01-19,False,34.51,18.4
1979,2024-01-22 18:28:00,2024-01-22 19:36:00,84,252,1,4.62,128.21,15.89,144.1,Card,1,68.0,18,Monday,January,2024-01-22,False,27.75,12.39
1980,2024-01-01 19:37:00,2024-01-01 20:11:00,209,2,3,20.02,404.68,41.9,446.58,Card,2,34.0,19,Monday,January,2024-01-01,False,20.21,10.35
1981,2024-01-04 07:20:00,2024-01-04 08:00:00,36,222,1,22.3,456.5,78.14,534.64,Card,1,40.0,7,Thursday,January,2024-01-04,False,20.47,17.12
1982,2024-01-23 18:19:00,2024-01-23 19:30:00,215,189,4,7.79,199.38,30.1,229.48,Cash,1,71.0,18,Tuesday,January,2024-01-23,False,25.59,15.1
1983,2024-01-16 00:36:00,2024-01-16 02:06:00,27,71,2,11.51,252.31,14.16,266.47,Card,2,90.0,0,Tuesday,January,2024-01-16,False,21.92,5.61
1984,2024-01-12 08:33:00,2024-01-12 10:03:00,146,97,3,9.52,237.17,24.34,261.51,Cash,1,90.0,8,Friday,January,2024-01-12,False,24.91,10.26
1985,2024-01-09 00:36:00,2024-01-09 01:29:00,18,232,1,2.74,105.28,16.04,121.32,Card,2,53.0,0,Tuesday,January,2024-01-09,False,38.42,15.24
1986,2024-01-20 03:58:00,2024-01-20 05:18:00,118,30,1,17.16,361.21,49.14,410.35,Card,2,80.0,3,Saturday,January,2024-01-20,False,21.05,13.6
1987,2024-01-09 00:43:00,2024-01-09 01:42:00,137,30,2,20.8,432.46,85.07,517.53,Cash,1,59.0,0,Tuesday,January,2024-01-09,False,20.79,19.67
1988,2024-01-06 17:14:00,2024-01-06 18:43:00,67,215,2,8.32,208.81,37.57,246.38,Card,2,89.0,17,Saturday,January,2024-01-06,False,25.1,17.99
1989,2024-01-18 17:19:00,2024-01-18 18:19:00,30,173,3,24.76,486.96,28.71,515.67,Card,2,60.0,17,Thursday,January,2024-01-18,False,19.67,5.9
1990,2024-01-19 17:26:00,2024-01-19 18:38:00,73,211,1,2.82,120.76,19.18,139.94,Card,1,72.0,17,Friday,January,2024-01-19,False,42.82,15.88
1991,2024-01-12 05:33:00,2024-01-12 06:21:00,123,125,4,16.88,354.76,35.64,390.4,Cash,1,48.0,5,Friday,January,2024-01-12,False,21.02,10.05
1992,2024-01-19 17:47:00,2024-01-19 18:22:00,228,80,4,11.76,253.53,38.62,292.15,Card,1,35.0,17,Friday,January,2024-01-19,False,21.56,15.23
1993,2024-01-10 03:38:00,2024-01-10 04:40:00,246,184,2,11.72,276.53,39.43,315.96,Card,2,62.0,3,Wednesday,January,2024-01-10,False,23.59,14.26
1994,2024-01-28 07:38:00,2024-01-28 08:35:00,39,15,1,11.98,285.43,35.81,321.24,Card,2,57.0,7,Sunday,January,2024-01-28,False,23.83,12.55
1995,2024-01-18 01:56:00,2024-01-18 03:24:00,170,11,3,7.21,194.27,34.57,228.84,Cash,1,88.0,1,Thursday,January,2024-01-18,False,26.94,17.79
1996,2024-01-24 00:54:00,2024-01-24 02:17:00,102,89,1,18.17,392.62,61.37,453.99,Card,1,83.0,0,Wednesday,January,2024-01-24,False,21.61,15.63
1997,2024-01-30 03:34:00,2024-01-30 04:01:00,243,3,3,18.32,388.54,71.27,459.81,Card,1,27.0,3,Tuesday,January,2024-01-30,False,21.21,18.34
1998,2024-01-04 01:51:00,2024-01-04 02:23:00,157,24,3,7.78,207.71,19.16,226.87,Cash,1,32.0,1,Thursday,January,2024-01-04,False,26.7,9.22
1999,2024-01-20 06:44:00,2024-01-20 07:04:00,257,89,1,21.05,419.97,42.93,462.9,Card,1,20.0,6,Saturday,January,2024-01-20,False,19.95,10.22
2000,2024-01-16 00:27:00,2024-01-16 01:08:00,123,9,2,8.6,217.8,31.21,249.01,Card,1,41.0,0,Tuesday,January,2024-01-16,False,25.33,14.33
2001,2024-01-28 07:10:00,2024-01-28 07:35:00,47,46,1,18.4,391.32,76.3,467.62,Card,1,25.0,7,Sunday,January,2024-01-28,False,21.27,19.5
2002,2024-01-07 04:26:00,2024-01-07 05:49:00,10,94,4,3.9,111.69,11.81,123.5,Card,1,83.0,4,Sunday,January,2024-01-07,False,28.64,10.57
2003,2024-01-26 15:14:00,2024-01-26 15:35:00,144,71,1,5.05,147.22,8.07,155.29,Card,1,21.0,15,Friday,January,2024-01-26,False,29.15,5.48
2004,2024-01-10 01:56:00,2024-01-10 02:37:00,152,188,1,8.58,209.89,24.53,234.42,Cash,1,41.0,1,Wednesday,January,2024-01-10,False,24.46,11.69
2005,2024-01-27 03:30:00,2024-01-27 04:51:00,136,139,3,15.25,335.25,44.12,379.37,Card,2,81.0,3,Saturday,January,2024-01-27,False,21.98,13.16
2006,2024-01-05 04:12:00,2024-01-05 04:35:00,75,10,1,16.49,339.15,57.71,396.86,Card,2,23.0,4,Friday,January,2024-01-05,False,20.57,17.02
2007,2024-01-05 23:11:00,2024-01-05 23:45:00,26,3,2,10.51,253.34,40.35,293.69,Card,2,34.0,23,Friday,January,2024-01-05,False,24.1,15.93
2008,2024-01-20 14:11:00,2024-01-20 15:00:00,7,19,1,2.87,95.84,18.66,114.5,Card,1,49.0,14,Saturday,January,2024-01-20,False,33.39,19.47
2009,2024-01-19 19:57:00,2024-01-19 20:19:00,79,130,2,9.97,232.02,38.84,270.86,Card,1,22.0,19,Friday,January,2024-01-19,False,23.27,16.74
2010,2024-01-26 06:18:00,2024-01-26 07:40:00,15,221,2,17.53,381.98,36.21,418.19,Cash,2,82.0,6,Friday,January,2024-01-26,False,21.79,9.48
2011,2024-01-30 14:52:00,2024-01-30 15:58:00,207,130,1,17.1,364.62,53.31,417.93,Card,2,66.0,14,Tuesday,January,2024-01-30,False,21.32,14.62
2012,2024-01-05 18:54:00,2024-01-05 19:34:00,89,113,5,4.84,138.51,20.89,159.4,Card,2,40.0,18,Friday,January,2024-01-05,False,28.62,15.08
2013,2024-01-10 08:27:00,2024-01-10 09:55:00,97,138,1,1.19,62.87,12.56,75.43,Card,1,88.0,8,Wednesday,January,2024-01-10,False,52.83,19.98
2014,2024-01-22 12:50:00,2024-01-22 13:46:00,216,43,1,19.07,403.43,28.57,432.0,Card,1,56.0,12,Monday,January,2024-01-22,False,21.16,7.08
2015,2024-01-30 14:41:00,2024-01-30 15:04:00,259,218,1,3.55,133.5,10.51,144.01,Card,2,23.0,14,Tuesday,January,2024-01-30,False,37.61,7.87
2016,2024-01-09 12:49:00,2024-01-09 13:37:00,75,58,2,2.98,120.99,8.87,129.86,Card,1,48.0,12,Tuesday,January,2024-01-09,False,40.6,7.33
2017,2024-01-17 02:11:00,2024-01-17 02:22:00,242,113,1,1.06,80.6,11.15,91.75,Cash,2,11.0,2,Wednesday,January,2024-01-17,False,76.04,13.83
2018,2024-01-25 05:45:00,2024-01-25 06:33:00,17,188,1,11.38,248.0,17.43,265.43,Card,2,48.0,5,Thursday,January,2024-01-25,False,21.79,7.03
2019,2024-01-15 11:09:00,2024-01-15 12:21:00,177,122,4,13.08,282.62,41.94,324.56,Card,2,72.0,11,Monday,January,2024-01-15,False,21.61,14.84
2020,2024-01-24 15:34:00,2024-01-24 16:12:00,259,85,1,16.3,339.01,57.82,396.83,Card,1,38.0,15,Wednesday,January,2024-01-24,False,20.8,17.06
2021,2024-01-21 15:34:00,2024-01-21 16:44:00,123,106,1,8.11,196.64,22.6,219.24,Card,2,70.0,15,Sunday,January,2024-01-21,False,24.25,11.49
2022,2024-01-05 21:32:00,2024-01-05 22:45:00,111,99,1,18.05,371.97,49.88,421.85,Cash,1,73.0,21,Friday,January,2024-01-05,False,20.61,13.41
2023,2024-01-03 12:54:00,2024-01-03 13:53:00,256,9,1,5.06,138.41,25.87,164.28,Card,2,59.0,12,Wednesday,January,2024-01-03,False,27.35,18.69
2024,2024-01-17 07:26:00,2024-01-17 07:40:00,234,6,1,20.97,435.96,59.04,495.0,Card,2,14.0,7,Wednesday,January,2024-01-17,False,20.79,13.54
2025,2024-01-14 00:23:00,2024-01-14 01:09:00,40,108,1,14.72,314.52,25.57,340.09,Card,1,46.0,0,Sunday,January,2024-01-14,False,21.37,8.13
2026,2024-01-18 00:09:00,2024-01-18 00:54:00,122,152,1,15.01,330.49,33.54,364.03,Card,1,45.0,0,Thursday,January,2024-01-18,False,22.02,10.15
2027,2024-01-06 23:56:00,2024-01-07 01:17:00,215,237,1,6.03,176.98,22.91,199.89,Card,2,81.0,23,Saturday,January,2024-01-06,False,29.35,12.94
2028,2024-01-05 11:21:00,2024-01-05 12:34:00,7,27,1,2.78,109.19,8.0,117.19,Card,1,73.0,11,Friday,January,2024-01-05,False,39.28,7.33
2029,2024-01-18 02:11:00,2024-01-18 02:25:00,92,119,2,12.15,281.25,39.9,321.15,Card,2,14.0,2,Thursday,January,2024-01-18,False,23.15,14.19
2030,2024-01-30 11:15:00,2024-01-30 11:29:00,123,211,2,15.77,346.41,69.24,415.65,Card,2,14.0,11,Tuesday,January,2024-01-30,False,21.97,19.99
2031,2024-01-09 10:29:00,2024-01-09 11:33:00,96,100,1,3.28,108.96,16.11,125.07,Cash,1,64.0,10,Tuesday,January,2024-01-09,False,33.22,14.79
2032,2024-01-25 00:06:00,2024-01-25 01:01:00,1,3,4,23.81,469.03,49.65,518.68,Card,2,55.0,0,Thursday,January,2024-01-25,False,19.7,10.59
2033,2024-01-30 10:08:00,2024-01-30 10:33:00,91,17,3,24.53,483.19,48.2,531.39,Card,2,25.0,10,Tuesday,January,2024-01-30,False,19.7,9.98
2034,2024-01-16 01:15:00,2024-01-16 01:27:00,7,106,5,14.09,302.08,57.32,359.4,Card,2,12.0,1,Tuesday,January,2024-01-16,False,21.44,18.98
2035,2024-01-04 19:35:00,2024-01-04 20:44:00,120,230,1,23.8,489.09,88.39,577.48,Cash,2,69.0,19,Thursday,January,2024-01-04,False,20.55,18.07
2036,2024-01-30 15:08:00,2024-01-30 16:30:00,129,177,2,5.31,162.78,19.67,182.45,Card,2,82.0,15,Tuesday,January,2024-01-30,False,30.66,12.08
2037,2024-01-10 11:53:00,2024-01-10 13:22:00,179,84,1,1.61,97.74,10.07,107.81,Card,2,89.0,11,Wednesday,January,2024-01-10,False,60.71,10.3
2038,2024-01-08 17:30:00,2024-01-08 18:04:00,98,263,3,1.95,75.88,11.88,87.76,Card,2,34.0,17,Monday,January,2024-01-08,False,38.91,15.66
2039,2024-01-16 17:48:00,2024-01-16 19:17:00,43,196,1,15.1,341.5,33.19,374.69,Card,1,89.0,17,Tuesday,January,2024-01-16,False,22.62,9.72
2040,2024-01-11 13:42:00,2024-01-11 14:35:00,183,249,1,2.48,94.31,6.4,100.71,Card,1,53.0,13,Thursday,January,2024-01-11,False,38.03,6.79
2041,2024-01-17 10:29:00,2024-01-17 10:42:00,185,149,1,24.01,497.47,48.02,545.49,Card,2,13.0,10,Wednesday,January,2024-01-17,False,20.72,9.65
2042,2024-01-24 15:48:00,2024-01-24 16:09:00,53,206,2,4.41,124.79,14.37,139.16,Card,2,21.0,15,Wednesday,January,2024-01-24,False,28.3,11.52
2043,2024-01-17 03:33:00,2024-01-17 04:46:00,228,81,2,8.31,191.47,16.91,208.38,Card,1,73.0,3,Wednesday,January,2024-01-17,False,23.04,8.83
2044,2024-01-07 13:15:00,2024-01-07 14:17:00,161,189,1,20.74,424.67,35.04,459.71,Cash,2,62.0,13,Sunday,January,2024-01-07,False,20.48,8.25
2045,2024-01-20 19:52:00,2024-01-20 20:53:00,235,206,1,6.25,178.27,9.08,187.35,Card,1,61.0,19,Saturday,January,2024-01-20,False,28.52,5.09
2046,2024-01-26 23:04:00,2024-01-27 00:10:00,200,255,4,6.83,169.56,24.52,194.08,Card,1,66.0,23,Friday,January,2024-01-26,False,24.83,14.46
2047,2024-01-12 09:13:00,2024-01-12 10:09:00,1,8,3,16.42,340.18,48.36,388.54,Card,1,56.0,9,Friday,January,2024-01-12,False,20.72,14.22
2048,2024-01-08 08:57:00,2024-01-08 10:02:00,14,114,2,7.63,204.63,16.0,220.63,Cash,2,65.0,8,Monday,January,2024-01-08,False,26.82,7.82
2049,2024-01-27 18:00:00,2024-01-27 18:44:00,213,5,2,6.22,180.11,34.5,214.61,Card,2,44.0,18,Saturday,January,2024-01-27,False,28.96,19.15
2050,2024-01-07 20:12:00,2024-01-07 20:54:00,34,73,1,7.1,168.18,18.74,186.92,Card,1,42.0,20,Sunday,January,2024-01-07,False,23.69,11.14
2051,2024-01-22 19:21:00,2024-01-22 20:08:00,168,121,1,12.78,291.86,15.71,307.57,Card,1,47.0,19,Monday,January,2024-01-22,False,22.84,5.38
2052,2024-01-05 08:55:00,2024-01-05 10:02:00,170,234,1,24.19,484.7,40.21,524.91,Card,2,67.0,8,Friday,January,2024-01-05,False,20.04,8.3
2053,2024-01-25 23:53:00,2024-01-26 00:16:00,82,66,1,20.97,428.7,65.94,494.64,Card,2,23.0,23,Thursday,January,2024-01-25,False,20.44,15.38
2054,2024-01-24 16:04:00,2024-01-24 16:58:00,137,230,2,7.83,195.01,15.65,210.66,Cash,1,54.0,16,Wednesday,January,2024-01-24,False,24.91,8.03
2055,2024-01-28 11:35:00,2024-01-28 12:12:00,233,31,1,9.72,227.76,13.23,240.99,Card,1,37.0,11,Sunday,January,2024-01-28,False,23.43,5.81
2056,2024-01-26 07:31:00,2024-01-26 07:48:00,115,51,1,12.15,274.15,39.11,313.26,Card,1,17.0,7,Friday,January,2024-01-26,False,22.56,14.27
2057,2024-01-06 00:27:00,2024-01-06 01:49:00,252,147,1,24.49,498.29,63.66,561.95,Card,2,82.0,0,Saturday,January,2024-01-06,False,20.35,12.78
2058,2024-01-23 03:50:00,2024-01-23 04:56:00,49,95,1,5.14,146.49,24.05,170.54,Cash,2,66.0,3,Tuesday,January,2024-01-23,False,28.5,16.42
2059,2024-01-26 00:41:00,2024-01-26 01:28:00,4,38,2,9.58,233.49,38.73,272.22,Cash,1,47.0,0,Friday,January,2024-01-26,False,24.37,16.59
2060,2024-01-17 05:44:00,2024-01-17 06:37:00,176,198,1,18.51,394.74,76.58,471.32,Card,2,53.0,5,Wednesday,January,2024-01-17,False,21.33,19.4
2061,2024-01-01 02:25:00,2024-01-01 03:05:00,26,241,1,24.13,487.55,28.55,516.1,Card,2,40.0,2,Monday,January,2024-01-01,False,20.21,5.86
2062,2024-01-27 05:38:00,2024-01-27 05:52:00,70,173,2,4.74,129.59,7.24,136.83,Card,1,14.0,5,Saturday,January,2024-01-27,False,27.34,5.59
2063,2024-01-12 03:15:00,2024-01-12 03:25:00,234,256,1,6.46,175.5,34.76,210.26,Card,2,10.0,3,Friday,January,2024-01-12,False,27.17,19.81
2064,2024-01-03 02:40:00,2024-01-03 03:41:00,231,41,1,6.42,178.75,26.23,204.98,Card,2,61.0,2,Wednesday,January,2024-01-03,False,27.84,14.67
2065,2024-01-30 11:02:00,2024-01-30 11:07:00,263,129,2,1.5,86.14,13.55,99.69,Cash,1,5.0,11,Tuesday,January,2024-01-30,False,57.43,15.73
2066,2024-01-19 04:00:00,2024-01-19 05:15:00,74,54,1,15.5,336.64,21.7,358.34,Card,1,75.0,4,Friday,January,2024-01-19,False,21.72,6.45
2067,2024-01-13 05:53:00,2024-01-13 06:55:00,121,86,2,17.1,354.68,21.45,376.13,Card,2,62.0,5,Saturday,January,2024-01-13,False,20.74,6.05
2068,2024-01-21 09:04:00,2024-01-21 09:29:00,6,212,2,15.46,337.63,25.0,362.63,Cash,2,25.0,9,Sunday,January,2024-01-21,False,21.84,7.4
2069,2024-01-12 19:34:00,2024-01-12 20:58:00,24,21,1,2.71,98.83,11.27,110.1,Card,1,84.0,19,Friday,January,2024-01-12,False,36.47,11.4
2070,2024-01-11 09:56:00,2024-01-11 10:56:00,194,215,1,2.66,115.47,7.68,123.15,Card,2,60.0,9,Thursday,January,2024-01-11,False,43.41,6.65
2071,2024-01-29 21:41:00,2024-01-29 22:05:00,168,189,4,6.05,168.51,19.71,188.22,Card,1,24.0,21,Monday,January,2024-01-29,False,27.85,11.7
2072,2024-01-09 02:55:00,2024-01-09 03:53:00,210,161,1,7.97,191.81,25.75,217.56,Card,1,58.0,2,Tuesday,January,2024-01-09,False,24.07,13.42
2073,2024-01-02 23:32:00,2024-01-03 00:01:00,133,201,6,19.88,412.03,20.62,432.65,Cash,1,29.0,23,Tuesday,January,2024-01-02,False,20.73,5.0
2074,2024-01-12 02:54:00,2024-01-12 03:26:00,174,29,1,4.83,152.34,10.23,162.57,Cash,2,32.0,2,Friday,January,2024-01-12,False,31.54,6.72
2075,2024-01-19 18:42:00,2024-01-19 18:51:00,151,244,2,2.06,87.14,9.26,96.4,Card,1,9.0,18,Friday,January,2024-01-19,False,42.3,10.63
2076,2024-01-24 10:35:00,2024-01-24 11:00:00,88,183,2,10.46,244.04,14.15,258.19,Cash,2,25.0,10,Wednesday,January,2024-01-24,False,23.33,5.8
2077,2024-01-29 01:10:00,2024-01-29 01:32:00,70,32,3,10.99,258.21,18.08,276.29,Card,1,22.0,1,Monday,January,2024-01-29,False,23.49,7.0
2078,2024-01-17 11:11:00,2024-01-17 12:02:00,205,36,1,11.82,275.4,23.35,298.75,Card,1,51.0,11,Wednesday,January,2024-01-17,False,23.3,8.48
2079,2024-01-19 03:22:00,2024-01-19 04:36:00,32,93,1,20.85,420.52,48.12,468.64,Card,2,74.0,3,Friday,January,2024-01-19,False,20.17,11.44
2080,2024-01-07 08:40:00,2024-01-07 09:41:00,43,159,1,3.35,117.25,18.43,135.68,Card,1,61.0,8,Sunday,January,2024-01-07,False,35.0,15.72
2081,2024-01-19 21:33:00,2024-01-19 21:56:00,118,180,4,17.89,389.39,27.22,416.61,Card,1,23.0,21,Friday,January,2024-01-19,False,21.77,6.99
2082,2024-01-28 09:00:00,2024-01-28 10:09:00,15,218,1,9.11,233.03,37.45,270.48,Card,2,69.0,9,Sunday,January,2024-01-28,False,25.58,16.07
2083,2024-01-06 03:41:00,2024-01-06 03:48:00,115,227,4,8.44,211.6,37.72,249.32,Card,2,7.0,3,Saturday,January,2024-01-06,False,25.07,17.83
2084,2024-01-15 20:40:00,2024-01-15 21:26:00,20,212,1,23.38,490.35,72.44,562.79,Card,1,46.0,20,Monday,January,2024-01-15,False,20.97,14.77
2085,2024-01-24 06:57:00,2024-01-24 07:22:00,178,163,1,6.96,182.4,10.32,192.72,Cash,1,25.0,6,Wednesday,January,2024-01-24,False,26.21,5.66
2086,2024-01-13 07:27:00,2024-01-13 08:11:00,262,158,1,16.42,348.84,40.5,389.34,Cash,2,44.0,7,Saturday,January,2024-01-13,False,21.24,11.61
2087,2024-01-04 00:38:00,2024-01-04 01:49:00,79,110,2,7.6,193.35,28.81,222.16,Cash,1,71.0,0,Thursday,January,2024-01-04,False,25.44,14.9
2088,2024-01-20 18:42:00,2024-01-20 19:11:00,120,55,3,13.17,280.53,55.2,335.73,Card,1,29.0,18,Saturday,January,2024-01-20,False,21.3,19.68
2089,2024-01-23 07:17:00,2024-01-23 08:16:00,26,214,1,19.87,409.71,78.98,488.69,Card,1,59.0,7,Tuesday,January,2024-01-23,False,20.62,19.28
2090,2024-01-17 02:04:00,2024-01-17 03:32:00,22,15,4,22.16,452.63,49.5,502.13,Card,2,88.0,2,Wednesday,January,2024-01-17,False,20.43,10.94
2091,2024-01-23 03:50:00,2024-01-23 04:46:00,201,153,1,21.13,445.8,63.48,509.28,Card,2,56.0,3,Tuesday,January,2024-01-23,False,21.1,14.24
2092,2024-01-23 13:36:00,2024-01-23 14:24:00,64,20,2,14.97,332.22,61.0,393.22,Card,2,48.0,13,Tuesday,January,2024-01-23,False,22.19,18.36
2093,2024-01-21 09:31:00,2024-01-21 11:00:00,214,52,2,6.97,183.5,32.05,215.55,Card,2,89.0,9,Sunday,January,2024-01-21,False,26.33,17.47
2094,2024-01-27 17:07:00,2024-01-27 18:07:00,78,84,1,16.87,354.08,43.17,397.25,Card,1,60.0,17,Saturday,January,2024-01-27,False,20.99,12.19
2095,2024-01-13 05:45:00,2024-01-13 06:44:00,216,224,1,18.04,370.33,33.03,403.36,Cash,2,59.0,5,Saturday,January,2024-01-13,False,20.53,8.92
2096,2024-01-24 12:53:00,2024-01-24 14:07:00,224,129,1,1.26,73.11,5.16,78.27,Card,2,74.0,12,Wednesday,January,2024-01-24,False,58.02,7.06
2097,2024-01-08 11:53:00,2024-01-08 13:14:00,28,16,1,11.54,268.11,33.03,301.14,Card,2,81.0,11,Monday,January,2024-01-08,False,23.23,12.32
2098,2024-01-22 12:47:00,2024-01-22 14:04:00,201,77,4,21.24,430.21,68.16,498.37,Card,2,77.0,12,Monday,January,2024-01-22,False,20.25,15.84
2099,2024-01-18 21:26:00,2024-01-18 22:51:00,67,92,5,12.75,282.31,55.18,337.49,Card,1,85.0,21,Thursday,January,2024-01-18,False,22.14,19.55
2100,2024-01-28 10:52:00,2024-01-28 12:02:00,126,52,2,8.47,204.06,36.58,240.64,Card,2,70.0,10,Sunday,January,2024-01-28,False,24.09,17.93
2101,2024-01-09 13:23:00,2024-01-09 13:46:00,195,121,2,21.92,457.53,36.89,494.42,Card,2,23.0,13,Tuesday,January,2024-01-09,False,20.87,8.06
2102,2024-01-06 10:43:00,2024-01-06 12:10:00,174,50,1,4.74,151.83,23.98,175.81,Cash,1,87.0,10,Saturday,January,2024-01-06,False,32.03,15.79
2103,2024-01-10 20:50:00,2024-01-10 21:01:00,87,120,1,5.95,168.08,15.69,183.77,Card,1,11.0,20,Wednesday,January,2024-01-10,False,28.25,9.33
2104,2024-01-12 10:16:00,2024-01-12 11:23:00,154,95,3,17.5,365.25,55.71,420.96,Card,2,67.0,10,Friday,January,2024-01-12,False,20.87,15.25
2105,2024-01-22 18:47:00,2024-01-22 19:33:00,210,149,2,9.46,223.28,33.46,256.74,Card,2,46.0,18,Monday,January,2024-01-22,False,23.6,14.99
2106,2024-01-08 00:26:00,2024-01-08 01:12:00,13,257,2,18.11,370.28,33.65,403.93,Card,2,46.0,0,Monday,January,2024-01-08,False,20.45,9.09
2107,2024-01-27 08:37:00,2024-01-27 09:40:00,164,184,2,4.78,131.08,11.16,142.24,Card,1,63.0,8,Saturday,January,2024-01-27,False,27.42,8.51
2108,2024-01-02 17:12:00,2024-01-02 17:36:00,255,260,1,7.05,171.83,11.27,183.1,Card,2,24.0,17,Tuesday,January,2024-01-02,False,24.37,6.56
2109,2024-01-05 15:44:00,2024-01-05 17:01:00,64,150,1,4.76,129.6,7.46,137.06,Card,1,77.0,15,Friday,January,2024-01-05,False,27.23,5.76
2110,2024-01-03 13:53:00,2024-01-03 14:14:00,76,205,2,23.87,475.05,84.92,559.97,Card,1,21.0,13,Wednesday,January,2024-01-03,False,19.9,17.88
2111,2024-01-04 12:11:00,2024-01-04 12:42:00,22,172,1,10.73,239.22,13.75,252.97,Card,1,31.0,12,Thursday,January,2024-01-04,False,22.29,5.75
2112,2024-01-08 11:16:00,2024-01-08 12:07:00,60,222,3,9.09,206.98,13.1,220.08,Card,1,51.0,11,Monday,January,2024-01-08,False,22.77,6.33
2113,2024-01-02 17:15:00,2024-01-02 17:21:00,56,168,1,1.34,83.33,7.15,90.48,Card,2,6.0,17,Tuesday,January,2024-01-02,False,62.19,8.58
2114,2024-01-26 06:18:00,2024-01-26 07:25:00,168,244,1,4.68,153.95,28.2,182.15,Card,1,67.0,6,Friday,January,2024-01-26,False,32.9,18.32
2115,2024-01-03 22:55:00,2024-01-04 00:01:00,205,218,1,11.11,266.36,26.62,292.98,Card,2,66.0,22,Wednesday,January,2024-01-03,False,23.97,9.99
2116,2024-01-11 01:24:00,2024-01-11 01:47:00,259,56,2,2.64,88.89,7.0,95.89,Card,1,23.0,1,Thursday,January,2024-01-11,False,33.67,7.87
2117,2024-01-24 23:03:00,2024-01-24 23:24:00,191,63,2,13.26,291.37,45.84,337.21,Card,2,21.0,23,Wednesday,January,2024-01-24,False,21.97,15.73
2118,2024-01-06 17:38:00,2024-01-06 18:51:00,55,103,1,11.92,280.34,27.43,307.77,Card,2,73.0,17,Saturday,January,2024-01-06,False,23.52,9.78
2119,2024-01-29 07:07:00,2024-01-29 07:50:00,259,167,1,19.41,393.42,39.34,432.76,Card,2,43.0,7,Monday,January,2024-01-29,False,20.27,10.0
2120,2024-01-25 10:36:00,2024-01-25 12:02:00,89,7,1,16.84,368.55,59.28,427.83,Card,1,86.0,10,Thursday,January,2024-01-25,False,21.89,16.08
2121,2024-01-28 21:54:00,2024-01-28 23:09:00,222,142,1,11.7,268.38,23.55,291.93,Card,1,75.0,21,Sunday,January,2024-01-28,False,22.94,8.77
2122,2024-01-06 22:13:00,2024-01-06 23:38:00,89,125,1,6.39,182.96,33.76,216.72,Card,2,85.0,22,Saturday,January,2024-01-06,False,28.63,18.45
2123,2024-01-23 15:01:00,2024-01-23 15:44:00,59,90,1,18.44,398.2,53.44,451.64,Card,1,43.0,15,Tuesday,January,2024-01-23,False,21.59,13.42
2124,2024-01-04 15:29:00,2024-01-04 16:09:00,152,216,1,17.99,384.13,50.2,434.33,Card,2,40.0,15,Thursday,January,2024-01-04,False,21.35,13.07
2125,2024-01-14 08:01:00,2024-01-14 08:45:00,28,123,1,4.68,143.97,12.92,156.89,Card,1,44.0,8,Sunday,January,2024-01-14,False,30.76,8.97
2126,2024-01-07 17:26:00,2024-01-07 18:15:00,225,186,1,22.95,459.49,80.53,540.02,Card,1,49.0,17,Sunday,January,2024-01-07,False,20.02,17.53
2127,2024-01-23 05:27:00,2024-01-23 05:35:00,51,153,1,2.55,89.4,12.15,101.55,Card,1,8.0,5,Tuesday,January,2024-01-23,False,35.06,13.59
2128,2024-01-01 11:01:00,2024-01-01 11:30:00,263,249,1,2.32,94.22,6.91,101.13,Card,2,29.0,11,Monday,January,2024-01-01,False,40.61,7.33
2129,2024-01-21 22:17:00,2024-01-21 23:30:00,46,114,1,5.5,144.6,11.7,156.3,Cash,2,73.0,22,Sunday,January,2024-01-21,False,26.29,8.09
2130,2024-01-30 17:48:00,2024-01-30 18:22:00,106,96,6,22.83,454.01,54.59,508.6,Card,1,34.0,17,Tuesday,January,2024-01-30,False,19.89,12.02
2131,2024-01-08 07:26:00,2024-01-08 08:46:00,24,198,1,13.48,291.71,48.7,340.41,Card,2,80.0,7,Monday,January,2024-01-08,False,21.64,16.69
2132,2024-01-03 08:14:00,2024-01-03 09:26:00,7,3,2,19.91,424.19,80.98,505.17,Card,1,72.0,8,Wednesday,January,2024-01-03,False,21.31,19.09
2133,2024-01-18 18:32:00,2024-01-18 19:05:00,3,149,1,6.47,156.97,23.47,180.44,Card,2,33.0,18,Thursday,January,2024-01-18,False,24.26,14.95
2134,2024-01-21 03:02:00,2024-01-21 04:19:00,258,111,3,12.77,278.64,35.09,313.73,Card,2,77.0,3,Sunday,January,2024-01-21,False,21.82,12.59
2135,2024-01-01 03:27:00,2024-01-01 04:39:00,263,20,4,9.6,225.52,19.76,245.28,Card,2,72.0,3,Monday,January,2024-01-01,False,23.49,8.76
2136,2024-01-25 14:33:00,2024-01-25 15:28:00,121,203,1,20.87,430.98,65.05,496.03,Card,1,55.0,14,Thursday,January,2024-01-25,False,20.65,15.09
2137,2024-01-17 02:37:00,2024-01-17 03:05:00,208,182,3,1.54,73.17,14.44,87.61,Card,2,28.0,2,Wednesday,January,2024-01-17,False,47.51,19.73
2138,2024-01-24 04:40:00,2024-01-24 04:58:00,21,227,1,6.85,192.23,23.34,215.57,Card,1,18.0,4,Wednesday,January,2024-01-24,False,28.06,12.14
2139,2024-01-03 03:23:00,2024-01-03 04:36:00,140,76,1,4.66,141.25,10.5,151.75,Card,1,73.0,3,Wednesday,January,2024-01-03,False,30.31,7.43
2140,2024-01-21 08:48:00,2024-01-21 09:10:00,206,223,1,21.62,444.82,29.14,473.96,Card,1,22.0,8,Sunday,January,2024-01-21,False,20.57,6.55
2141,2024-01-30 18:51:00,2024-01-30 19:37:00,43,36,1,12.22,260.22,23.52,283.74,Card,2,46.0,18,Tuesday,January,2024-01-30,False,21.29,9.04
2142,2024-01-14 23:03:00,2024-01-15 00:04:00,118,90,1,10.7,247.17,33.47,280.64,Card,2,61.0,23,Sunday,January,2024-01-14,False,23.1,13.54
2143,2024-01-28 16:51:00,2024-01-28 18:18:00,5,29,1,11.79,277.35,53.26,330.61,Card,1,87.0,16,Sunday,January,2024-01-28,False,23.52,19.2
2144,2024-01-08 11:14:00,2024-01-08 11:30:00,207,176,1,24.33,484.53,45.97,530.5,Card,2,16.0,11,Monday,January,2024-01-08,False,19.91,9.49
2145,2024-01-24 22:07:00,2024-01-24 23:33:00,123,220,2,21.41,435.92,41.76,477.68,Card,1,86.0,22,Wednesday,January,2024-01-24,False,20.36,9.58
2146,2024-01-12 01:01:00,2024-01-12 01:22:00,142,136,1,17.95,363.72,44.44,408.16,Cash,1,21.0,1,Friday,January,2024-01-12,False,20.26,12.22
2147,2024-01-23 22:04:00,2024-01-23 22:38:00,232,175,1,7.97,212.77,39.95,252.72,Cash,1,34.0,22,Tuesday,January,2024-01-23,False,26.7,18.78
2148,2024-01-06 04:06:00,2024-01-06 05:25:00,164,126,1,4.96,131.28,14.82,146.1,Cash,2,79.0,4,Saturday,January,2024-01-06,False,26.47,11.29
2149,2024-01-26 20:11:00,2024-01-26 20:38:00,35,171,1,23.11,482.93,40.32,523.25,Card,2,27.0,20,Friday,January,2024-01-26,False,20.9,8.35
2150,2024-01-21 08:21:00,2024-01-21 09:46:00,11,134,1,11.15,250.09,18.62,268.71,Cash,2,85.0,8,Sunday,January,2024-01-21,False,22.43,7.45
2151,2024-01-19 03:16:00,2024-01-19 03:21:00,75,26,1,7.69,196.05,23.24,219.29,Card,1,5.0,3,Friday,January,2024-01-19,False,25.49,11.85
2152,2024-01-29 16:43:00,2024-01-29 18:06:00,198,100,1,12.3,281.78,47.93,329.71,Card,2,83.0,16,Monday,January,2024-01-29,False,22.91,17.01
2153,2024-01-14 00:32:00,2024-01-14 01:08:00,224,30,1,23.03,458.76,42.99,501.75,Card,1,36.0,0,Sunday,January,2024-01-14,False,19.92,9.37
2154,2024-01-23 11:36:00,2024-01-23 11:49:00,122,133,3,10.29,238.53,30.26,268.79,Card,1,13.0,11,Tuesday,January,2024-01-23,False,23.18,12.69
2155,2024-01-12 13:49:00,2024-01-12 14:08:00,74,139,1,14.5,310.76,43.65,354.41,Card,2,19.0,13,Friday,January,2024-01-12,False,21.43,14.05
2156,2024-01-23 20:36:00,2024-01-23 21:08:00,28,191,1,20.27,406.56,47.8,454.36,Card,2,32.0,20,Tuesday,January,2024-01-23,False,20.06,11.76
2157,2024-01-10 07:15:00,2024-01-10 07:43:00,171,187,1,11.25,267.5,21.07,288.57,Card,1,28.0,7,Wednesday,January,2024-01-10,False,23.78,7.88
2158,2024-01-15 04:21:00,2024-01-15 05:25:00,216,140,6,6.61,160.34,30.19,190.53,Card,1,64.0,4,Monday,January,2024-01-15,False,24.26,18.83
2159,2024-01-19 07:02:00,2024-01-19 07:41:00,101,237,2,24.87,507.26,68.39,575.65,Cash,2,39.0,7,Friday,January,2024-01-19,False,20.4,13.48
2160,2024-01-04 09:35:00,2024-01-04 11:05:00,246,200,1,23.96,480.7,76.61,557.31,Card,2,90.0,9,Thursday,January,2024-01-04,False,20.06,15.94
2161,2024-01-08 15:43:00,2024-01-08 16:14:00,93,80,1,21.24,428.08,62.25,490.33,Card,1,31.0,15,Monday,January,2024-01-08,False,20.15,14.54
2162,2024-01-08 10:19:00,2024-01-08 11:46:00,63,259,1,17.52,375.37,74.96,450.33,Card,2,87.0,10,Monday,January,2024-01-08,False,21.43,19.97
2163,2024-01-07 17:55:00,2024-01-07 19:15:00,206,101,1,8.08,202.68,24.01,226.69,Card,2,80.0,17,Sunday,January,2024-01-07,False,25.08,11.85
2164,2024-01-14 07:29:00,2024-01-14 07:53:00,80,32,2,22.92,462.02,52.55,514.57,Cash,1,24.0,7,Sunday,January,2024-01-14,False,20.16,11.37
2165,2024-01-12 05:23:00,2024-01-12 06:32:00,37,121,2,7.61,192.37,20.01,212.38,Cash,2,69.0,5,Friday,January,2024-01-12,False,25.28,10.4
2166,2024-01-05 00:22:00,2024-01-05 01:51:00,11,55,1,20.22,411.35,42.88,454.23,Card,1,89.0,0,Friday,January,2024-01-05,False,20.34,10.42
2167,2024-01-16 17:21:00,2024-01-16 18:14:00,115,18,1,23.04,480.63,43.91,524.54,Card,2,53.0,17,Tuesday,January,2024-01-16,False,20.86,9.14
2168,2024-01-14 01:12:00,2024-01-14 01:17:00,90,121,2,15.47,327.87,64.62,392.49,Cash,1,5.0,1,Sunday,January,2024-01-14,False,21.19,19.71
2169,2024-01-25 17:05:00,2024-01-25 17:19:00,232,110,2,20.27,412.21,74.45,486.66,Cash,1,14.0,17,Thursday,January,2024-01-25,False,20.34,18.06
2170,2024-01-22 07:22:00,2024-01-22 08:13:00,19,61,3,20.0,422.56,41.2,463.76,Card,2,51.0,7,Monday,January,2024-01-22,False,21.13,9.75
2171,2024-01-14 02:40:00,2024-01-14 03:43:00,52,127,1,5.64,142.05,13.61,155.66,Card,2,63.0,2,Sunday,January,2024-01-14,False,25.19,9.58
2172,2024-01-27 10:27:00,2024-01-27 11:33:00,94,137,2,17.03,354.58,23.24,377.82,Card,2,66.0,10,Saturday,January,2024-01-27,False,20.82,6.55
2173,2024-01-30 15:25:00,2024-01-30 16:55:00,32,78,1,3.24,109.58,19.89,129.47,Card,2,90.0,15,Tuesday,January,2024-01-30,False,33.82,18.15
2174,2024-01-13 13:13:00,2024-01-13 13:35:00,151,207,1,13.19,303.89,32.14,336.03,Cash,1,22.0,13,Saturday,January,2024-01-13,False,23.04,10.58
2175,2024-01-26 00:35:00,2024-01-26 01:25:00,140,184,2,4.89,156.53,21.27,177.8,Cash,2,50.0,0,Friday,January,2024-01-26,False,32.01,13.59
2176,2024-01-26 19:34:00,2024-01-26 20:10:00,58,89,3,10.99,259.31,47.99,307.3,Card,2,36.0,19,Friday,January,2024-01-26,False,23.6,18.51
2177,2024-01-18 05:57:00,2024-01-18 06:28:00,21,229,1,20.99,432.6,48.11,480.71,Card,1,31.0,5,Thursday,January,2024-01-18,False,20.61,11.12
2178,2024-01-13 09:06:00,2024-01-13 09:28:00,149,64,2,24.69,503.64,86.14,589.78,Card,1,22.0,9,Saturday,January,2024-01-13,False,20.4,17.1
2179,2024-01-18 08:21:00,2024-01-18 09:04:00,221,55,2,8.63,207.76,23.8,231.56,Card,1,43.0,8,Thursday,January,2024-01-18,False,24.07,11.46
2180,2024-01-08 05:02:00,2024-01-08 05:55:00,221,188,1,13.77,296.82,46.05,342.87,Card,2,53.0,5,Monday,January,2024-01-08,False,21.56,15.51
2181,2024-01-04 01:57:00,2024-01-04 03:23:00,242,191,3,13.27,307.38,35.25,342.63,Card,1,86.0,1,Thursday,January,2024-01-04,False,23.16,11.47
2182,2024-01-04 18:35:00,2024-01-04 19:23:00,219,95,1,23.91,473.84,51.61,525.45,Card,2,48.0,18,Thursday,January,2024-01-04,False,19.82,10.89
2183,2024-01-18 05:39:00,2024-01-18 06:55:00,29,90,2,12.49,275.21,54.66,329.87,Cash,1,76.0,5,Thursday,January,2024-01-18,False,22.03,19.86
2184,2024-01-26 14:35:00,2024-01-26 15:33:00,47,247,1,17.78,387.01,54.9,441.91,Cash,2,58.0,14,Friday,January,2024-01-26,False,21.77,14.19
2185,2024-01-23 05:02:00,2024-01-23 05:40:00,58,75,1,23.12,477.85,50.23,528.08,Card,1,38.0,5,Tuesday,January,2024-01-23,False,20.67,10.51
2186,2024-01-24 03:28:00,2024-01-24 04:43:00,140,62,3,9.96,220.15,19.52,239.67,Card,1,75.0,3,Wednesday,January,2024-01-24,False,22.1,8.87
2187,2024-01-09 13:29:00,2024-01-09 14:09:00,23,222,1,22.65,448.39,25.09,473.48,Card,2,40.0,13,Tuesday,January,2024-01-09,False,19.8,5.6
2188,2024-01-18 11:29:00,2024-01-18 11:51:00,63,121,1,23.02,469.86,73.29,543.15,Card,2,22.0,11,Thursday,January,2024-01-18,False,20.41,15.6
2189,2024-01-16 05:32:00,2024-01-16 06:14:00,52,28,3,23.34,474.65,50.23,524.88,Card,2,42.0,5,Tuesday,January,2024-01-16,False,20.34,10.58
2190,2024-01-25 00:34:00,2024-01-25 01:37:00,167,23,3,7.49,188.11,32.58,220.69,Card,1,63.0,0,Thursday,January,2024-01-25,False,25.11,17.32
2191,2024-01-08 22:21:00,2024-01-08 22:34:00,151,99,1,10.61,240.05,25.1,265.15,Cash,2,13.0,22,Monday,January,2024-01-08,False,22.62,10.46
2192,2024-01-06 07:09:00,2024-01-06 08:26:00,11,110,1,21.89,463.62,49.14,512.76,Card,1,77.0,7,Saturday,January,2024-01-06,False,21.18,10.6
2193,2024-01-06 18:45:00,2024-01-06 20:01:00,95,203,2,9.62,221.32,36.93,258.25,Card,2,76.0,18,Saturday,January,2024-01-06,False,23.01,16.69
2194,2024-01-20 18:55:00,2024-01-20 19:50:00,72,106,1,15.41,332.08,40.99,373.07,Card,2,55.0,18,Saturday,January,2024-01-20,False,21.55,12.34
2195,2024-01-23 01:10:00,2024-01-23 01:49:00,48,46,1,3.83,121.09,22.13,143.22,Card,1,39.0,1,Tuesday,January,2024-01-23,False,31.62,18.28
2196,2024-01-21 13:39:00,2024-01-21 15:05:00,95,257,1,2.35,87.41,12.11,99.52,Card,1,86.0,13,Sunday,January,2024-01-21,False,37.2,13.85
2197,2024-01-29 02:21:00,2024-01-29 02:30:00,233,144,2,10.89,242.1,20.84,262.94,Card,2,9.0,2,Monday,January,2024-01-29,False,22.23,8.61
2198,2024-01-06 17:44:00,2024-01-06 18:02:00,48,25,1,14.89,335.57,45.38,380.95,Card,1,18.0,17,Saturday,January,2024-01-06,False,22.54,13.52
2199,2024-01-09 19:26:00,2024-01-09 20:00:00,208,62,2,10.42,253.31,12.82,266.13,Cash,2,34.0,19,Tuesday,January,2024-01-09,False,24.31,5.06
2200,2024-01-17 19:46:00,2024-01-17 19:54:00,227,230,2,14.87,313.63,30.38,344.01,Card,2,8.0,19,Wednesday,January,2024-01-17,False,21.09,9.69
2201,2024-01-05 16:01:00,2024-01-05 16:44:00,77,82,1,13.36,306.75,24.91,331.66,Card,2,43.0,16,Friday,January,2024-01-05,False,22.96,8.12
2202,2024-01-15 07:29:00,2024-01-15 08:57:00,219,211,1,17.46,360.56,53.41,413.97,Card,2,88.0,7,Monday,January,2024-01-15,False,20.65,14.81
2203,2024-01-06 02:53:00,2024-01-06 04:01:00,81,197,1,16.59,357.42,25.16,382.58,Card,2,68.0,2,Saturday,January,2024-01-06,False,21.54,7.04
2204,2024-01-27 20:35:00,2024-01-27 21:04:00,37,198,1,11.18,243.68,22.79,266.47,Card,2,29.0,20,Saturday,January,2024-01-27,False,21.8,9.35
2205,2024-01-21 02:17:00,2024-01-21 02:49:00,102,162,1,11.2,268.01,26.72,294.73,Card,2,32.0,2,Sunday,January,2024-01-21,False,23.93,9.97
2206,2024-01-04 22:16:00,2024-01-04 23:36:00,191,208,2,4.38,120.39,6.08,126.47,Card,2,80.0,22,Thursday,January,2024-01-04,False,27.49,5.05
2207,2024-01-07 05:44:00,2024-01-07 06:54:00,29,44,1,13.32,296.41,16.9,313.31,Card,2,70.0,5,Sunday,January,2024-01-07,False,22.25,5.7
2208,2024-01-21 19:44:00,2024-01-21 21:06:00,253,221,2,15.09,335.01,32.39,367.4,Card,2,82.0,19,Sunday,January,2024-01-21,False,22.2,9.67
2209,2024-01-06 18:06:00,2024-01-06 18:32:00,251,146,2,12.44,267.43,22.29,289.72,Card,2,26.0,18,Saturday,January,2024-01-06,False,21.5,8.33
2210,2024-01-05 02:21:00,2024-01-05 02:56:00,226,69,1,8.82,210.89,14.24,225.13,Cash,1,35.0,2,Friday,January,2024-01-05,False,23.91,6.75
2211,2024-01-22 21:52:00,2024-01-22 22:19:00,94,140,1,18.32,371.02,27.13,398.15,Cash,1,27.0,21,Monday,January,2024-01-22,False,20.25,7.31
2212,2024-01-18 20:29:00,2024-01-18 21:21:00,86,10,3,2.79,110.7,19.41,130.11,Card,2,52.0,20,Thursday,January,2024-01-18,False,39.68,17.53
2213,2024-01-22 13:35:00,2024-01-22 13:59:00,110,111,2,22.95,462.32,70.5,532.82,Card,2,24.0,13,Monday,January,2024-01-22,False,20.14,15.25
2214,2024-01-27 04:05:00,2024-01-27 04:47:00,217,37,6,1.5,83.78,10.27,94.05,Cash,2,42.0,4,Saturday,January,2024-01-27,False,55.85,12.26
2215,2024-01-06 20:29:00,2024-01-06 21:28:00,196,81,1,24.1,501.78,93.5,595.28,Cash,2,59.0,20,Saturday,January,2024-01-06,False,20.82,18.63
2216,2024-01-11 05:16:00,2024-01-11 06:28:00,44,96,4,12.1,266.98,14.53,281.51,Card,1,72.0,5,Thursday,January,2024-01-11,False,22.06,5.44
2217,2024-01-08 17:38:00,2024-01-08 19:01:00,90,55,1,10.9,237.66,24.18,261.84,Card,1,83.0,17,Monday,January,2024-01-08,False,21.8,10.17
2218,2024-01-25 12:18:00,2024-01-25 12:23:00,155,132,1,7.15,188.97,32.79,221.76,Card,1,5.0,12,Thursday,January,2024-01-25,False,26.43,17.35
2219,2024-01-17 06:29:00,2024-01-17 06:40:00,109,223,1,1.24,85.93,12.39,98.32,Cash,2,11.0,6,Wednesday,January,2024-01-17,False,69.3,14.42
2220,2024-01-05 00:12:00,2024-01-05 01:13:00,59,63,1,7.59,205.36,40.51,245.87,Cash,1,61.0,0,Friday,January,2024-01-05,False,27.06,19.73
2221,2024-01-25 19:32:00,2024-01-25 19:48:00,110,12,2,3.63,110.07,21.1,131.17,Card,1,16.0,19,Thursday,January,2024-01-25,False,30.32,19.17
2222,2024-01-28 17:05:00,2024-01-28 17:14:00,106,146,1,16.84,354.88,26.79,381.67,Card,1,9.0,17,Sunday,January,2024-01-28,False,21.07,7.55
2223,2024-01-13 01:07:00,2024-01-13 02:01:00,221,32,3,8.66,221.2,43.31,264.51,Card,1,54.0,1,Saturday,January,2024-01-13,False,25.54,19.58
2224,2024-01-12 18:00:00,2024-01-12 18:46:00,263,49,2,19.41,413.59,79.34,492.93,Card,1,46.0,18,Friday,January,2024-01-12,False,21.31,19.18
2225,2024-01-23 02:22:00,2024-01-23 02:38:00,82,187,4,5.97,166.2,17.62,183.82,Card,2,16.0,2,Tuesday,January,2024-01-23,False,27.84,10.6
2226,2024-01-28 20:28:00,2024-01-28 20:50:00,49,99,1,22.61,455.06,89.84,544.9,Card,1,22.0,20,Sunday,January,2024-01-28,False,20.13,19.74
2227,2024-01-17 08:43:00,2024-01-17 09:53:00,32,167,2,13.55,292.42,16.19,308.61,Card,1,70.0,8,Wednesday,January,2024-01-17,False,21.58,5.54
2228,2024-01-06 12:47:00,2024-01-06 14:05:00,89,213,1,3.75,111.22,16.58,127.8,Cash,1,78.0,12,Saturday,January,2024-01-06,False,29.66,14.91
2229,2024-01-09 05:51:00,2024-01-09 07:14:00,19,199,1,10.62,258.82,23.27,282.09,Card,2,83.0,5,Tuesday,January,2024-01-09,False,24.37,8.99
2230,2024-01-20 23:23:00,2024-01-20 23:44:00,3,246,2,5.96,152.47,10.58,163.05,Card,1,21.0,23,Saturday,January,2024-01-20,False,25.58,6.94
2231,2024-01-09 06:36:00,2024-01-09 07:48:00,60,154,1,5.79,161.41,22.05,183.46,Cash,1,72.0,6,Tuesday,January,2024-01-09,False,27.88,13.66
2232,2024-01-07 01:34:00,2024-01-07 02:49:00,242,96,1,13.15,294.23,28.23,322.46,Card,2,75.0,1,Sunday,January,2024-01-07,False,22.37,9.59
2233,2024-01-24 08:13:00,2024-01-24 09:19:00,29,63,2,17.13,359.43,53.92,413.35,Card,2,66.0,8,Wednesday,January,2024-01-24,False,20.98,15.0
2234,2024-01-20 13:39:00,2024-01-20 14:24:00,75,194,1,22.88,462.42,60.58,523.0,Card,1,45.0,13,Saturday,January,2024-01-20,False,20.21,13.1
2235,2024-01-25 11:42:00,2024-01-25 12:20:00,70,90,1,13.05,294.96,32.12,327.08,Cash,1,38.0,11,Thursday,January,2024-01-25,False,22.6,10.89
2236,2024-01-09 19:17:00,2024-01-09 20:31:00,83,85,1,24.18,486.89,37.62,524.51,Cash,1,74.0,19,Tuesday,January,2024-01-09,False,20.14,7.73
2237,2024-01-13 16:28:00,2024-01-13 17:17:00,173,36,1,23.6,472.45,66.23,538.68,Card,2,49.0,16,Saturday,January,2024-01-13,False,20.02,14.02
2238,2024-01-09 13:30:00,2024-01-09 14:32:00,197,18,2,21.76,443.65,77.37,521.02,Card,2,62.0,13,Tuesday,January,2024-01-09,False,20.39,17.44
2239,2024-01-15 09:33:00,2024-01-15 10:28:00,147,77,1,13.0,298.23,41.75,339.98,Cash,1,55.0,9,Monday,January,2024-01-15,False,22.94,14.0
2240,2024-01-27 08:27:00,2024-01-27 09:05:00,35,49,2,4.38,147.83,20.93,168.76,Card,1,38.0,8,Saturday,January,2024-01-27,False,33.75,14.16
2241,2024-01-19 22:46:00,2024-01-19 23:34:00,113,236,2,6.23,171.22,21.71,192.93,Card,1,48.0,22,Friday,January,2024-01-19,False,27.48,12.68
2242,2024-01-05 14:10:00,2024-01-05 14:29:00,206,44,2,16.54,361.18,39.09,400.27,Card,1,19.0,14,Friday,January,2024-01-05,False,21.84,10.82
2243,2024-01-05 11:10:00,2024-01-05 12:32:00,158,109,3,11.12,256.14,30.38,286.52,Card,1,82.0,11,Friday,January,2024-01-05,False,23.03,11.86
2244,2024-01-28 17:22:00,2024-01-28 18:36:00,253,129,1,4.52,140.1,27.8,167.9,Card,1,74.0,17,Sunday,January,2024-01-28,False,31.0,19.84
2245,2024-01-10 14:28:00,2024-01-10 15:22:00,122,7,1,12.5,294.64,47.86,342.5,Card,1,54.0,14,Wednesday,January,2024-01-10,False,23.57,16.24
2246,2024-01-30 19:13:00,2024-01-30 19:49:00,48,112,1,1.42,78.71,9.02,87.73,Card,1,36.0,19,Tuesday,January,2024-01-30,False,55.43,11.46
2247,2024-01-22 20:57:00,2024-01-22 22:08:00,185,213,1,18.61,376.97,44.71,421.68,Cash,2,71.0,20,Monday,January,2024-01-22,False,20.26,11.86
2248,2024-01-28 06:16:00,2024-01-28 06:23:00,101,66,1,2.77,118.57,14.81,133.38,Card,1,7.0,6,Sunday,January,2024-01-28,False,42.81,12.49
2249,2024-01-26 10:18:00,2024-01-26 11:48:00,15,31,3,16.1,353.59,52.65,406.24,Card,1,90.0,10,Friday,January,2024-01-26,False,21.96,14.89
2250,2024-01-19 10:06:00,2024-01-19 11:36:00,128,14,3,20.03,412.49,49.45,461.94,Card,2,90.0,10,Friday,January,2024-01-19,False,20.59,11.99
2251,2024-01-21 22:38:00,2024-01-21 23:56:00,210,58,1,4.18,144.71,22.13,166.84,Card,2,78.0,22,Sunday,January,2024-01-21,False,34.62,15.29
2252,2024-01-18 09:12:00,2024-01-18 10:07:00,112,242,1,13.45,292.47,29.07,321.54,Cash,2,55.0,9,Thursday,January,2024-01-18,False,21.74,9.94
2253,2024-01-27 06:46:00,2024-01-27 07:57:00,142,248,1,19.7,405.76,45.28,451.04,Cash,1,71.0,6,Saturday,January,2024-01-27,False,20.6,11.16
2254,2024-01-21 16:34:00,2024-01-21 17:54:00,173,98,3,7.26,188.97,33.94,222.91,Cash,1,80.0,16,Sunday,January,2024-01-21,False,26.03,17.96
2255,2024-01-04 18:48:00,2024-01-04 19:40:00,166,162,3,4.91,136.61,13.57,150.18,Cash,1,52.0,18,Thursday,January,2024-01-04,False,27.82,9.93
2256,2024-01-21 01:01:00,2024-01-21 01:22:00,119,247,1,9.08,224.4,43.68,268.08,Cash,2,21.0,1,Sunday,January,2024-01-21,False,24.71,19.47
2257,2024-01-20 13:01:00,2024-01-20 13:12:00,203,4,2,14.31,302.17,22.93,325.1,Card,1,11.0,13,Saturday,January,2024-01-20,False,21.12,7.59
2258,2024-01-07 07:14:00,2024-01-07 07:31:00,11,261,1,14.81,309.82,26.72,336.54,Card,1,17.0,7,Sunday,January,2024-01-07,False,20.92,8.62
2259,2024-01-05 10:46:00,2024-01-05 11:56:00,249,45,1,4.14,130.57,15.61,146.18,Card,1,70.0,10,Friday,January,2024-01-05,False,31.54,11.96
2260,2024-01-23 02:23:00,2024-01-23 02:31:00,248,211,1,11.98,272.3,46.19,318.49,Card,1,8.0,2,Tuesday,January,2024-01-23,False,22.73,16.96
2261,2024-01-17 04:11:00,2024-01-17 04:25:00,154,244,2,7.44,177.12,28.29,205.41,Card,2,14.0,4,Wednesday,January,2024-01-17,False,23.81,15.97
2262,2024-01-29 20:48:00,2024-01-29 21:09:00,25,203,1,21.21,450.71,34.33,485.04,Card,1,21.0,20,Monday,January,2024-01-29,False,21.25,7.62
2263,2024-01-23 05:23:00,2024-01-23 06:19:00,221,203,1,8.53,210.74,18.02,228.76,Card,1,56.0,5,Tuesday,January,2024-01-23,False,24.71,8.55
2264,2024-01-24 21:26:00,2024-01-24 21:36:00,110,27,1,21.13,424.87,57.91,482.78,Card,1,10.0,21,Wednesday,January,2024-01-24,False,20.11,13.63
2265,2024-01-17 04:32:00,2024-01-17 05:59:00,90,118,1,11.29,252.56,23.81,276.37,Card,1,87.0,4,Wednesday,January,2024-01-17,False,22.37,9.43
2266,2024-01-30 22:28:00,2024-01-30 23:41:00,40,226,2,18.44,395.93,44.88,440.81,Card,2,73.0,22,Tuesday,January,2024-01-30,False,21.47,11.34
2267,2024-01-01 23:02:00,2024-01-02 00:20:00,263,205,1,13.24,294.02,36.16,330.18,Cash,1,78.0,23,Monday,January,2024-01-01,False,22.21,12.3
2268,2024-01-24 17:31:00,2024-01-24 17:44:00,158,247,3,15.93,332.38,46.25,378.63,Card,2,13.0,17,Wednesday,January,2024-01-24,False,20.87,13.91
2269,2024-01-30 00:19:00,2024-01-30 01:40:00,118,49,1,10.49,231.91,20.33,252.24,Cash,1,81.0,0,Tuesday,January,2024-01-30,False,22.11,8.77
2270,2024-01-03 06:52:00,2024-01-03 08:19:00,256,253,1,19.44,402.84,30.0,432.84,Cash,1,87.0,6,Wednesday,January,2024-01-03,False,20.72,7.45
2271,2024-01-30 00:19:00,2024-01-30 00:44:00,196,78,1,11.2,251.72,27.63,279.35,Card,2,25.0,0,Tuesday,January,2024-01-30,False,22.48,10.98
2272,2024-01-24 01:07:00,2024-01-24 01:35:00,14,257,1,11.98,275.32,17.15,292.47,Card,2,28.0,1,Wednesday,January,2024-01-24,False,22.98,6.23
2273,2024-01-09 14:51:00,2024-01-09 14:59:00,118,120,1,13.42,309.32,39.91,349.23,Card,1,8.0,14,Tuesday,January,2024-01-09,False,23.05,12.9
2274,2024-01-26 21:25:00,2024-01-26 21:53:00,217,35,1,20.96,424.71,74.72,499.43,Card,2,28.0,21,Friday,January,2024-01-26,False,20.26,17.59
2275,2024-01-11 17:02:00,2024-01-11 18:05:00,205,143,3,16.83,368.6,25.01,393.61,Card,1,63.0,17,Thursday,January,2024-01-11,False,21.9,6.79
2276,2024-01-30 11:48:00,2024-01-30 11:55:00,77,197,2,9.38,236.45,15.82,252.27,Card,1,7.0,11,Tuesday,January,2024-01-30,False,25.21,6.69
2277,2024-01-23 11:31:00,2024-01-23 12:43:00,172,260,3,17.09,374.68,23.24,397.92,Card,2,72.0,11,Tuesday,January,2024-01-23,False,21.92,6.2
2278,2024-01-04 22:53:00,2024-01-04 23:37:00,26,84,1,16.42,364.12,64.51,428.63,Card,1,44.0,22,Thursday,January,2024-01-04,False,22.18,17.72
2279,2024-01-24 06:55:00,2024-01-24 07:47:00,128,192,1,23.34,485.38,30.14,515.52,Cash,1,52.0,6,Wednesday,January,2024-01-24,False,20.8,6.21
2280,2024-01-11 06:58:00,2024-01-11 07:56:00,142,22,1,21.19,439.22,86.75,525.97,Card,2,58.0,6,Thursday,January,2024-01-11,False,20.73,19.75
2281,2024-01-22 16:38:00,2024-01-22 17:17:00,24,24,2,16.54,350.02,36.31,386.33,Card,2,39.0,16,Monday,January,2024-01-22,False,21.16,10.37
2282,2024-01-22 10:34:00,2024-01-22 11:34:00,232,75,5,9.2,220.35,21.88,242.23,Card,1,60.0,10,Monday,January,2024-01-22,False,23.95,9.93
2283,2024-01-19 13:15:00,2024-01-19 13:59:00,177,134,3,19.71,420.96,26.83,447.79,Card,1,44.0,13,Friday,January,2024-01-19,False,21.36,6.37
2284,2024-01-20 04:05:00,2024-01-20 05:26:00,235,167,1,14.8,315.44,43.48,358.92,Card,1,81.0,4,Saturday,January,2024-01-20,False,21.31,13.78
2285,2024-01-24 19:57:00,2024-01-24 21:09:00,26,110,1,24.65,488.48,67.35,555.83,Card,2,72.0,19,Wednesday,January,2024-01-24,False,19.82,13.79
2286,2024-01-22 15:34:00,2024-01-22 16:24:00,117,90,1,6.94,169.14,20.99,190.13,Card,1,50.0,15,Monday,January,2024-01-22,False,24.37,12.41
2287,2024-01-07 21:56:00,2024-01-07 23:18:00,58,37,1,2.91,117.19,11.33,128.52,Card,1,82.0,21,Sunday,January,2024-01-07,False,40.27,9.67
2288,2024-01-28 00:28:00,2024-01-28 00:45:00,122,51,1,2.68,111.08,11.7,122.78,Card,2,17.0,0,Sunday,January,2024-01-28,False,41.45,10.53
2289,2024-01-08 12:37:00,2024-01-08 13:08:00,159,60,1,16.36,349.41,34.27,383.68,Cash,1,31.0,12,Monday,January,2024-01-08,False,21.36,9.81
2290,2024-01-03 13:56:00,2024-01-03 14:06:00,178,72,1,23.54,471.97,53.77,525.74,Card,2,10.0,13,Wednesday,January,2024-01-03,False,20.05,11.39
2291,2024-01-04 02:41:00,2024-01-04 03:02:00,144,128,1,1.05,79.23,8.02,87.25,Card,2,21.0,2,Thursday,January,2024-01-04,False,75.46,10.12
2292,2024-01-17 20:42:00,2024-01-17 21:22:00,89,62,1,18.42,372.71,56.4,429.11,Card,1,40.0,20,Wednesday,January,2024-01-17,False,20.23,15.13
2293,2024-01-05 13:08:00,2024-01-05 14:33:00,239,179,2,16.77,358.91,33.87,392.78,Card,2,85.0,13,Friday,January,2024-01-05,False,21.4,9.44
2294,2024-01-27 02:45:00,2024-01-27 02:51:00,38,28,1,18.58,386.39,39.65,426.04,Card,1,6.0,2,Saturday,January,2024-01-27,False,20.8,10.26
2295,2024-01-06 09:18:00,2024-01-06 10:39:00,79,240,1,9.53,240.88,27.78,268.66,Card,1,81.0,9,Saturday,January,2024-01-06,False,25.28,11.53
2296,2024-01-17 02:17:00,2024-01-17 03:13:00,252,232,2,20.69,427.65,21.64,449.29,Card,2,56.0,2,Wednesday,January,2024-01-17,False,20.67,5.06
2297,2024-01-17 16:22:00,2024-01-17 17:32:00,149,153,2,2.07,93.83,11.62,105.45,Cash,2,70.0,16,Wednesday,January,2024-01-17,False,45.33,12.38
2298,2024-01-29 07:21:00,2024-01-29 08:17:00,16,7,1,19.13,405.71,35.85,441.56,Card,2,56.0,7,Monday,January,2024-01-29,False,21.21,8.84
2299,2024-01-04 20:22:00,2024-01-04 21:09:00,118,65,3,7.41,187.92,10.98,198.9,Card,1,47.0,20,Thursday,January,2024-01-04,False,25.36,5.84
2300,2024-01-18 16:36:00,2024-01-18 17:02:00,192,123,1,12.44,270.66,50.52,321.18,Card,1,26.0,16,Thursday,January,2024-01-18,False,21.76,18.67
2301,2024-01-22 09:04:00,2024-01-22 10:03:00,194,36,1,20.74,429.44,42.24,471.68,Card,2,59.0,9,Monday,January,2024-01-22,False,20.71,9.84
2302,2024-01-16 19:00:00,2024-01-16 20:11:00,250,238,1,7.51,203.51,23.18,226.69,Card,1,71.0,19,Tuesday,January,2024-01-16,False,27.1,11.39
2303,2024-01-18 05:37:00,2024-01-18 06:41:00,231,73,1,5.44,150.22,26.15,176.37,Card,2,64.0,5,Thursday,January,2024-01-18,False,27.61,17.41
2304,2024-01-12 03:32:00,2024-01-12 04:34:00,3,30,2,17.35,372.69,27.96,400.65,Card,1,62.0,3,Friday,January,2024-01-12,False,21.48,7.5
2305,2024-01-25 09:53:00,2024-01-25 10:09:00,174,227,1,13.8,317.74,56.41,374.15,Card,1,16.0,9,Thursday,January,2024-01-25,False,23.02,17.75
2306,2024-01-01 11:11:00,2024-01-01 12:24:00,240,5,1,13.35,305.2,26.32,331.52,Card,1,73.0,11,Monday,January,2024-01-01,False,22.86,8.62
2307,2024-01-01 02:43:00,2024-01-01 04:11:00,104,65,4,7.16,188.65,26.1,214.75,Card,1,88.0,2,Monday,January,2024-01-01,False,26.35,13.84
2308,2024-01-29 18:24:00,2024-01-29 19:07:00,244,235,1,1.84,95.2,14.55,109.75,Cash,2,43.0,18,Monday,January,2024-01-29,False,51.74,15.28
2309,2024-01-04 07:55:00,2024-01-04 08:12:00,120,115,2,10.85,263.39,48.93,312.32,Card,1,17.0,7,Thursday,January,2024-01-04,False,24.28,18.58
2310,2024-01-08 09:14:00,2024-01-08 09:59:00,259,246,1,3.56,132.87,18.75,151.62,Card,2,45.0,9,Monday,January,2024-01-08,False,37.32,14.11
2311,2024-01-04 07:58:00,2024-01-04 08:59:00,70,17,1,22.74,478.39,56.44,534.83,Card,1,61.0,7,Thursday,January,2024-01-04,False,21.04,11.8
2312,2024-01-16 13:40:00,2024-01-16 14:37:00,183,37,1,1.99,94.59,12.85,107.44,Card,1,57.0,13,Tuesday,January,2024-01-16,False,47.53,13.58
2313,2024-01-21 08:20:00,2024-01-21 08:36:00,247,219,2,11.36,256.02,20.56,276.58,Card,2,16.0,8,Sunday,January,2024-01-21,False,22.54,8.03
2314,2024-01-17 21:45:00,2024-01-17 22:02:00,118,137,2,2.25,84.49,12.96,97.45,Card,1,17.0,21,Wednesday,January,2024-01-17,False,37.55,15.34
2315,2024-01-08 11:09:00,2024-01-08 12:27:00,31,246,1,3.29,110.79,8.65,119.44,Card,2,78.0,11,Monday,January,2024-01-08,False,33.67,7.81
2316,2024-01-27 19:15:00,2024-01-27 20:16:00,149,38,1,16.81,370.87,49.54,420.41,Card,1,61.0,19,Saturday,January,2024-01-27,False,22.06,13.36
2317,2024-01-18 10:41:00,2024-01-18 11:25:00,16,251,4,16.53,364.23,53.59,417.82,Card,1,44.0,10,Thursday,January,2024-01-18,False,22.03,14.71
2318,2024-01-27 00:47:00,2024-01-27 02:11:00,102,53,3,1.79,87.93,16.25,104.18,Card,1,84.0,0,Saturday,January,2024-01-27,False,49.12,18.48
2319,2024-01-20 17:31:00,2024-01-20 18:20:00,72,203,1,1.03,74.65,8.77,83.42,Card,2,49.0,17,Saturday,January,2024-01-20,False,72.48,11.75
2320,2024-01-24 04:01:00,2024-01-24 04:40:00,193,49,1,2.89,101.29,16.84,118.13,Card,1,39.0,4,Wednesday,January,2024-01-24,False,35.05,16.63
2321,2024-01-15 17:43:00,2024-01-15 17:50:00,111,122,3,19.31,401.22,30.14,431.36,Card,2,7.0,17,Monday,January,2024-01-15,False,20.78,7.51
2322,2024-01-06 03:14:00,2024-01-06 03:23:00,106,16,1,15.03,331.97,24.38,356.35,Cash,1,9.0,3,Saturday,January,2024-01-06,False,22.09,7.34
2323,2024-01-10 18:16:00,2024-01-10 18:31:00,37,236,2,1.91,86.45,11.13,97.58,Card,2,15.0,18,Wednesday,January,2024-01-10,False,45.26,12.87
2324,2024-01-20 17:00:00,2024-01-20 18:15:00,181,121,1,12.71,274.42,38.27,312.69,Card,2,75.0,17,Saturday,January,2024-01-20,False,21.59,13.95
2325,2024-01-19 01:55:00,2024-01-19 02:55:00,143,139,2,18.09,381.85,55.31,437.16,Card,2,60.0,1,Friday,January,2024-01-19,False,21.11,14.48
2326,2024-01-22 06:20:00,2024-01-22 06:34:00,114,87,1,21.85,440.06,71.22,511.28,Cash,2,14.0,6,Monday,January,2024-01-22,False,20.14,16.18
2327,2024-01-14 19:17:00,2024-01-14 19:55:00,238,130,2,23.42,490.79,46.25,537.04,Card,1,38.0,19,Sunday,January,2024-01-14,False,20.96,9.42
2328,2024-01-22 11:11:00,2024-01-22 12:22:00,94,252,2,8.86,211.19,30.28,241.47,Cash,2,71.0,11,Monday,January,2024-01-22,False,23.84,14.34
2329,2024-01-23 18:24:00,2024-01-23 19:40:00,260,47,3,4.26,143.97,11.26,155.23,Card,2,76.0,18,Tuesday,January,2024-01-23,False,33.8,7.82
2330,2024-01-03 05:11:00,2024-01-03 05:46:00,107,79,2,6.69,167.19,13.85,181.04,Card,1,35.0,5,Wednesday,January,2024-01-03,False,24.99,8.28
2331,2024-01-24 00:40:00,2024-01-24 01:59:00,244,219,3,19.63,399.02,23.98,423.0,Cash,2,79.0,0,Wednesday,January,2024-01-24,False,20.33,6.01
2332,2024-01-18 08:40:00,2024-01-18 09:55:00,23,111,3,24.32,496.27,80.42,576.69,Cash,1,75.0,8,Thursday,January,2024-01-18,False,20.41,16.2
2333,2024-01-28 02:40:00,2024-01-28 03:50:00,140,227,1,12.19,282.8,35.65,318.45,Card,1,70.0,2,Sunday,January,2024-01-28,False,23.2,12.61
2334,2024-01-03 12:31:00,2024-01-03 13:45:00,82,256,1,8.33,206.94,17.74,224.68,Card,1,74.0,12,Wednesday,January,2024-01-03,False,24.84,8.57
2335,2024-01-05 06:52:00,2024-01-05 07:37:00,156,39,2,11.3,250.29,33.4,283.69,Card,1,45.0,6,Friday,January,2024-01-05,False,22.15,13.34
2336,2024-01-30 05:20:00,2024-01-30 06:27:00,19,135,3,8.32,190.9,19.69,210.59,Card,2,67.0,5,Tuesday,January,2024-01-30,False,22.94,10.31
2337,2024-01-17 08:41:00,2024-01-17 09:17:00,69,98,1,7.16,187.43,32.91,220.34,Cash,1,36.0,8,Wednesday,January,2024-01-17,False,26.18,17.56
2338,2024-01-18 05:37:00,2024-01-18 06:01:00,132,34,2,15.25,318.43,41.15,359.58,Card,2,24.0,5,Thursday,January,2024-01-18,False,20.88,12.92
2339,2024-01-15 02:01:00,2024-01-15 03:02:00,256,68,1,1.38,75.14,4.09,79.23,Card,1,61.0,2,Monday,January,2024-01-15,False,54.45,5.44
2340,2024-01-20 21:51:00,2024-01-20 22:45:00,209,191,1,7.23,190.41,37.66,228.07,Card,2,54.0,21,Saturday,January,2024-01-20,False,26.34,19.78
2341,2024-01-18 14:44:00,2024-01-18 16:08:00,10,199,2,16.87,346.6,21.19,367.79,Card,1,84.0,14,Thursday,January,2024-01-18,False,20.55,6.11
2342,2024-01-29 22:34:00,2024-01-29 23:03:00,140,48,2,1.77,75.68,11.68,87.36,Card,2,29.0,22,Monday,January,2024-01-29,False,42.76,15.43
2343,2024-01-20 01:05:00,2024-01-20 01:21:00,135,259,2,3.0,95.85,11.08,106.93,Card,1,16.0,1,Saturday,January,2024-01-20,False,31.95,11.56
2344,2024-01-20 20:42:00,2024-01-20 21:57:00,255,213,3,8.04,214.6,18.76,233.36,Card,2,75.0,20,Saturday,January,2024-01-20,False,26.69,8.74
2345,2024-01-17 03:33:00,2024-01-17 04:16:00,258,162,1,22.07,448.87,67.99,516.86,Cash,2,43.0,3,Wednesday,January,2024-01-17,False,20.34,15.15
2346,2024-01-17 07:12:00,2024-01-17 07:33:00,94,113,1,19.36,415.65,28.63,444.28,Card,2,21.0,7,Wednesday,January,2024-01-17,False,21.47,6.89
2347,2024-01-06 14:40:00,2024-01-06 15:29:00,241,137,3,1.53,76.35,13.65,90.0,Card,1,49.0,14,Saturday,January,2024-01-06,False,49.9,17.88
2348,2024-01-05 22:19:00,2024-01-05 22:34:00,237,12,1,13.04,297.32,26.04,323.36,Card,2,15.0,22,Friday,January,2024-01-05,False,22.8,8.76
2349,2024-01-18 15:51:00,2024-01-18 17:05:00,165,238,1,7.59,183.19,19.09,202.28,Card,2,74.0,15,Thursday,January,2024-01-18,False,24.14,10.42
2350,2024-01-22 15:46:00,2024-01-22 16:13:00,148,176,2,16.57,353.21,51.18,404.39,Card,2,27.0,15,Monday,January,2024-01-22,False,21.32,14.49
2351,2024-01-21 21:51:00,2024-01-21 23:05:00,218,225,3,18.32,394.5,19.79,414.29,Cash,1,74.0,21,Sunday,January,2024-01-21,False,21.53,5.02
2352,2024-01-28 16:11:00,2024-01-28 16:53:00,108,75,2,21.71,455.27,55.05,510.32,Cash,1,42.0,16,Sunday,January,2024-01-28,False,20.97,12.09
2353,2024-01-16 16:54:00,2024-01-16 17:00:00,231,135,2,12.41,287.21,52.89,340.1,Cash,2,6.0,16,Tuesday,January,2024-01-16,False,23.14,18.42
2354,2024-01-19 13:24:00,2024-01-19 14:54:00,70,82,1,24.87,512.37,77.91,590.28,Card,2,90.0,13,Friday,January,2024-01-19,False,20.6,15.21
2355,2024-01-30 03:51:00,2024-01-30 05:19:00,221,83,1,24.52,487.7,52.76,540.46,Cash,2,88.0,3,Tuesday,January,2024-01-30,False,19.89,10.82
2356,2024-01-04 10:20:00,2024-01-04 11:43:00,74,142,3,22.17,453.53,67.6,521.13,Card,2,83.0,10,Thursday,January,2024-01-04,False,20.46,14.91
2357,2024-01-20 23:18:00,2024-01-21 00:34:00,179,209,2,14.8,320.95,61.14,382.09,Card,2,76.0,23,Saturday,January,2024-01-20,False,21.69,19.05
2358,2024-01-26 03:44:00,2024-01-26 04:25:00,80,215,1,10.55,256.62,20.06,276.68,Card,1,41.0,3,Friday,January,2024-01-26,False,24.32,7.82
2359,2024-01-06 09:48:00,2024-01-06 10:41:00,159,255,1,9.75,224.41,29.12,253.53,Card,1,53.0,9,Saturday,January,2024-01-06,False,23.02,12.98
2360,2024-01-20 12:02:00,2024-01-20 12:58:00,169,188,2,1.29,91.16,7.77,98.93,Card,1,56.0,12,Saturday,January,2024-01-20,False,70.67,8.52
2361,2024-01-17 16:34:00,2024-01-17 17:11:00,161,247,1,6.98,179.16,31.91,211.07,Card,1,37.0,16,Wednesday,January,2024-01-17,False,25.67,17.81
2362,2024-01-25 15:19:00,2024-01-25 15:45:00,32,255,2,18.25,388.59,61.46,450.05,Card,1,26.0,15,Thursday,January,2024-01-25,False,21.29,15.82
2363,2024-01-08 20:00:00,2024-01-08 20:09:00,121,162,1,15.49,326.89,55.62,382.51,Card,1,9.0,20,Monday,January,2024-01-08,False,21.1,17.01
2364,2024-01-13 12:52:00,2024-01-13 13:14:00,215,167,1,22.99,466.13,89.24,555.37,Card,2,22.0,12,Saturday,January,2024-01-13,False,20.28,19.14
2365,2024-01-12 11:31:00,2024-01-12 12:13:00,3,78,2,2.2,100.89,8.56,109.45,Cash,1,42.0,11,Friday,January,2024-01-12,False,45.86,8.48
2366,2024-01-16 20:04:00,2024-01-16 20:45:00,228,175,1,4.73,140.52,8.05,148.57,Cash,2,41.0,20,Tuesday,January,2024-01-16,False,29.71,5.73
2367,2024-01-21 01:43:00,2024-01-21 02:51:00,48,20,1,19.94,426.84,39.97,466.81,Card,1,68.0,1,Sunday,January,2024-01-21,False,21.41,9.36
2368,2024-01-08 01:02:00,2024-01-08 01:16:00,167,96,3,9.6,234.91,25.81,260.72,Card,2,14.0,1,Monday,January,2024-01-08,False,24.47,10.99
2369,2024-01-07 20:26:00,2024-01-07 21:49:00,11,180,2,3.84,126.05,18.12,144.17,Card,2,83.0,20,Sunday,January,2024-01-07,False,32.83,14.38
2370,2024-01-04 03:31:00,2024-01-04 04:17:00,238,95,1,24.91,514.98,87.37,602.35,Card,2,46.0,3,Thursday,January,2024-01-04,False,20.67,16.97
2371,2024-01-27 10:58:00,2024-01-27 11:50:00,241,71,1,19.89,417.99,42.83,460.82,Cash,2,52.0,10,Saturday,January,2024-01-27,False,21.02,10.25
2372,2024-01-27 13:58:00,2024-01-27 14:46:00,192,190,1,10.81,254.0,30.74,284.74,Card,1,48.0,13,Saturday,January,2024-01-27,False,23.5,12.1
2373,2024-01-20 12:58:00,2024-01-20 14:24:00,12,132,2,20.76,421.07,70.66,491.73,Cash,1,86.0,12,Saturday,January,2024-01-20,False,20.28,16.78
2374,2024-01-19 19:05:00,2024-01-19 19:25:00,53,139,1,17.33,363.79,30.49,394.28,Card,2,20.0,19,Friday,January,2024-01-19,False,20.99,8.38
2375,2024-01-21 19:16:00,2024-01-21 20:14:00,55,102,1,19.96,419.78,34.66,454.44,Card,2,58.0,19,Sunday,January,2024-01-21,False,21.03,8.26
2376,2024-01-29 23:32:00,2024-01-30 00:11:00,21,29,1,20.56,436.83,60.45,497.28,Cash,2,39.0,23,Monday,January,2024-01-29,False,21.25,13.84
2377,2024-01-28 06:21:00,2024-01-28 06:53:00,19,18,1,3.03,104.01,12.0,116.01,Card,2,32.0,6,Sunday,January,2024-01-28,False,34.33,11.54
2378,2024-01-08 11:19:00,2024-01-08 11:25:00,59,244,1,15.95,333.56,64.16,397.72,Card,1,6.0,11,Monday,January,2024-01-08,False,20.91,19.23
2379,2024-01-04 18:39:00,2024-01-04 18:56:00,151,175,1,1.16,78.69,8.15,86.84,Cash,1,17.0,18,Thursday,January,2024-01-04,False,67.84,10.36
2380,2024-01-30 12:53:00,2024-01-30 13:38:00,259,89,5,2.04,78.74,12.91,91.65,Card,2,45.0,12,Tuesday,January,2024-01-30,False,38.6,16.4
2381,2024-01-20 15:10:00,2024-01-20 16:34:00,58,20,5,22.7,470.04,64.61,534.65,Card,2,84.0,15,Saturday,January,2024-01-20,False,20.71,13.75
2382,2024-01-10 05:19:00,2024-01-10 06:22:00,216,18,1,13.66,306.97,17.86,324.83,Card,2,63.0,5,Wednesday,January,2024-01-10,False,22.47,5.82
2383,2024-01-28 06:39:00,2024-01-28 07:52:00,62,38,2,18.66,386.53,24.22,410.75,Cash,2,73.0,6,Sunday,January,2024-01-28,False,20.71,6.27
2384,2024-01-17 14:08:00,2024-01-17 15:05:00,146,89,2,21.12,446.94,35.97,482.91,Card,2,57.0,14,Wednesday,January,2024-01-17,False,21.16,8.05
2385,2024-01-13 05:50:00,2024-01-13 06:39:00,239,150,1,23.79,483.29,34.54,517.83,Cash,2,49.0,5,Saturday,January,2024-01-13,False,20.31,7.15
2386,2024-01-25 09:44:00,2024-01-25 10:08:00,182,204,1,21.86,452.85,45.02,497.87,Card,1,24.0,9,Thursday,January,2024-01-25,False,20.72,9.94
2387,2024-01-22 15:42:00,2024-01-22 16:10:00,95,233,1,12.6,273.09,37.37,310.46,Card,2,28.0,15,Monday,January,2024-01-22,False,21.67,13.68
2388,2024-01-18 17:38:00,2024-01-18 18:43:00,78,104,2,9.06,215.6,30.26,245.86,Card,2,65.0,17,Thursday,January,2024-01-18,False,23.8,14.04
2389,2024-01-09 05:04:00,2024-01-09 06:06:00,142,111,2,4.71,150.65,20.81,171.46,Card,2,62.0,5,Tuesday,January,2024-01-09,False,31.99,13.81
2390,2024-01-23 07:25:00,2024-01-23 07:56:00,105,225,4,10.61,237.37,16.06,253.43,Card,2,31.0,7,Tuesday,January,2024-01-23,False,22.37,6.77
2391,2024-01-05 20:19:00,2024-01-05 20:49:00,261,221,2,9.8,228.12,31.94,260.06,Cash,2,30.0,20,Friday,January,2024-01-05,False,23.28,14.0
2392,2024-01-19 04:29:00,2024-01-19 04:40:00,95,26,3,14.43,309.28,34.47,343.75,Card,2,11.0,4,Friday,January,2024-01-19,False,21.43,11.15
2393,2024-01-30 14:00:00,2024-01-30 14:46:00,223,64,3,16.97,349.99,64.91,414.9,Cash,2,46.0,14,Tuesday,January,2024-01-30,False,20.62,18.55
2394,2024-01-09 16:24:00,2024-01-09 17:15:00,190,254,3,24.48,489.33,91.41,580.74,Card,1,51.0,16,Tuesday,January,2024-01-09,False,19.99,18.68
2395,2024-01-15 08:29:00,2024-01-15 09:26:00,129,249,1,18.48,379.62,62.72,442.34,Card,2,57.0,8,Monday,January,2024-01-15,False,20.54,16.52
2396,2024-01-05 19:10:00,2024-01-05 20:13:00,195,224,1,16.45,363.81,56.56,420.37,Card,1,63.0,19,Friday,January,2024-01-05,False,22.12,15.55
2397,2024-01-25 06:44:00,2024-01-25 07:26:00,20,131,2,9.04,224.95,15.13,240.08,Card,2,42.0,6,Thursday,January,2024-01-25,False,24.88,6.73
2398,2024-01-14 23:31:00,2024-01-15 00:44:00,240,30,2,1.83,82.42,5.17,87.59,Card,1,73.0,23,Sunday,January,2024-01-14,False,45.04,6.27
2399,2024-01-18 12:27:00,2024-01-18 13:24:00,235,10,1,7.92,205.46,36.19,241.65,Card,1,57.0,12,Thursday,January,2024-01-18,False,25.94,17.61
2400,2024-01-05 03:38:00,2024-01-05 03:57:00,85,89,3,19.44,390.58,44.55,435.13,Cash,1,19.0,3,Friday,January,2024-01-05,False,20.09,11.41
2401,2024-01-16 06:31:00,2024-01-16 07:01:00,94,147,5,5.93,162.54,19.13,181.67,Card,1,30.0,6,Tuesday,January,2024-01-16,False,27.41,11.77
2402,2024-01-12 21:53:00,2024-01-12 22:45:00,42,127,2,18.09,373.13,66.11,439.24,Card,2,52.0,21,Friday,January,2024-01-12,False,20.63,17.72
2403,2024-01-24 07:08:00,2024-01-24 07:31:00,74,186,1,14.91,311.81,44.66,356.47,Cash,1,23.0,7,Wednesday,January,2024-01-24,False,20.91,14.32
2404,2024-01-30 15:16:00,2024-01-30 15:29:00,115,124,3,5.12,158.67,12.2,170.87,Cash,2,13.0,15,Tuesday,January,2024-01-30,False,30.99,7.69
2405,2024-01-28 03:11:00,2024-01-28 04:19:00,190,107,1,7.28,177.02,14.45,191.47,Cash,2,68.0,3,Sunday,January,2024-01-28,False,24.32,8.16
2406,2024-01-03 18:23:00,2024-01-03 19:21:00,125,6,1,12.91,297.05,15.14,312.19,Cash,2,58.0,18,Wednesday,January,2024-01-03,False,23.01,5.1
2407,2024-01-07 14:23:00,2024-01-07 15:18:00,6,51,3,11.04,251.12,39.33,290.45,Card,2,55.0,14,Sunday,January,2024-01-07,False,22.75,15.66
2408,2024-01-21 18:41:00,2024-01-21 19:24:00,42,136,2,19.69,394.85,48.5,443.35,Cash,1,43.0,18,Sunday,January,2024-01-21,False,20.05,12.28
2409,2024-01-12 17:45:00,2024-01-12 17:53:00,58,2,1,18.63,397.32,76.48,473.8,Card,2,8.0,17,Friday,January,2024-01-12,False,21.33,19.25
2410,2024-01-17 15:13:00,2024-01-17 15:20:00,10,18,3,14.79,324.11,50.92,375.03,Cash,1,7.0,15,Wednesday,January,2024-01-17,False,21.91,15.71
2411,2024-01-19 14:46:00,2024-01-19 15:54:00,89,249,1,20.73,423.47,27.73,451.2,Card,1,68.0,14,Friday,January,2024-01-19,False,20.43,6.55
2412,2024-01-16 09:28:00,2024-01-16 10:01:00,111,185,2,14.5,309.45,22.97,332.42,Cash,2,33.0,9,Tuesday,January,2024-01-16,False,21.34,7.42
2413,2024-01-04 04:23:00,2024-01-04 04:38:00,39,222,2,24.15,476.91,59.74,536.65,Card,2,15.0,4,Thursday,January,2024-01-04,False,19.75,12.53
2414,2024-01-27 21:14:00,2024-01-27 22:16:00,167,228,1,6.21,180.02,33.98,214.0,Card,1,62.0,21,Saturday,January,2024-01-27,False,28.99,18.88
2415,2024-01-28 16:56:00,2024-01-28 18:15:00,11,194,1,18.14,381.34,33.21,414.55,Card,1,79.0,16,Sunday,January,2024-01-28,False,21.02,8.71
2416,2024-01-09 06:09:00,2024-01-09 06:40:00,110,210,4,9.88,220.41,38.32,258.73,Cash,1,31.0,6,Tuesday,January,2024-01-09,False,22.31,17.39
2417,2024-01-20 00:53:00,2024-01-20 01:18:00,16,72,1,7.7,204.66,19.82,224.48,Card,2,25.0,0,Saturday,January,2024-01-20,False,26.58,9.68
2418,2024-01-09 12:35:00,2024-01-09 13:18:00,33,117,1,5.33,144.3,13.06,157.36,Cash,1,43.0,12,Tuesday,January,2024-01-09,False,27.07,9.05
2419,2024-01-02 17:01:00,2024-01-02 17:51:00,233,5,1,14.26,302.79,56.08,358.87,Card,2,50.0,17,Tuesday,January,2024-01-02,False,21.23,18.52
2420,2024-01-10 22:11:00,2024-01-10 23:21:00,188,7,1,6.17,159.49,9.1,168.59,Card,1,70.0,22,Wednesday,January,2024-01-10,False,25.85,5.71
2421,2024-01-08 22:35:00,2024-01-08 23:15:00,224,21,3,5.81,161.52,24.08,185.6,Card,1,40.0,22,Monday,January,2024-01-08,False,27.8,14.91
2422,2024-01-20 09:35:00,2024-01-20 10:54:00,59,37,1,24.77,488.08,27.56,515.64,Card,2,79.0,9,Saturday,January,2024-01-20,False,19.7,5.65
2423,2024-01-24 05:33:00,2024-01-24 06:59:00,51,173,2,20.24,418.77,71.24,490.01,Card,1,86.0,5,Wednesday,January,2024-01-24,False,20.69,17.01
2424,2024-01-13 21:04:00,2024-01-13 22:13:00,43,62,1,18.96,408.15,71.19,479.34,Card,2,69.0,21,Saturday,January,2024-01-13,False,21.53,17.44
2425,2024-01-09 12:18:00,2024-01-09 13:25:00,27,206,3,20.06,406.73,74.84,481.57,Card,1,67.0,12,Tuesday,January,2024-01-09,False,20.28,18.4
2426,2024-01-22 10:01:00,2024-01-22 10:40:00,56,101,2,24.25,486.44,37.9,524.34,Card,2,39.0,10,Monday,January,2024-01-22,False,20.06,7.79
2427,2024-01-08 10:56:00,2024-01-08 11:31:00,121,119,1,14.76,317.56,21.81,339.37,Card,2,35.0,10,Monday,January,2024-01-08,False,21.51,6.87
2428,2024-01-27 03:23:00,2024-01-27 03:55:00,113,179,6,6.29,170.81,21.44,192.25,Cash,2,32.0,3,Saturday,January,2024-01-27,False,27.16,12.55
2429,2024-01-25 06:44:00,2024-01-25 06:49:00,115,132,1,21.69,458.0,41.56,499.56,Card,1,5.0,6,Thursday,January,2024-01-25,False,21.12,9.07
2430,2024-01-20 11:24:00,2024-01-20 11:53:00,109,75,2,18.83,390.78,55.08,445.86,Card,2,29.0,11,Saturday,January,2024-01-20,False,20.75,14.09
2431,2024-01-28 17:33:00,2024-01-28 18:20:00,175,45,6,10.94,238.99,30.37,269.36,Card,2,47.0,17,Sunday,January,2024-01-28,False,21.85,12.71
2432,2024-01-12 02:37:00,2024-01-12 04:05:00,112,144,2,12.37,273.1,19.59,292.69,Cash,1,88.0,2,Friday,January,2024-01-12,False,22.08,7.17
2433,2024-01-10 20:55:00,2024-01-10 22:06:00,100,137,2,10.87,241.36,38.83,280.19,Card,2,71.0,20,Wednesday,January,2024-01-10,False,22.2,16.09
2434,2024-01-23 23:09:00,2024-01-24 00:16:00,8,208,1,23.32,479.31,81.75,561.06,Card,2,67.0,23,Tuesday,January,2024-01-23,False,20.55,17.06
2435,2024-01-17 14:31:00,2024-01-17 15:26:00,135,231,1,9.24,207.2,40.29,247.49,Card,1,55.0,14,Wednesday,January,2024-01-17,False,22.42,19.44
2436,2024-01-12 19:50:00,2024-01-12 19:56:00,251,95,1,24.12,482.92,52.8,535.72,Cash,1,6.0,19,Friday,January,2024-01-12,False,20.02,10.93
2437,2024-01-21 08:54:00,2024-01-21 10:20:00,240,261,6,22.85,467.66,47.07,514.73,Card,2,86.0,8,Sunday,January,2024-01-21,False,20.47,10.07
2438,2024-01-11 02:51:00,2024-01-11 03:59:00,222,127,5,16.13,338.66,26.7,365.36,Card,1,68.0,2,Thursday,January,2024-01-11,False,21.0,7.88
2439,2024-01-30 15:59:00,2024-01-30 17:17:00,145,167,1,14.92,325.09,25.07,350.16,Card,1,78.0,15,Tuesday,January,2024-01-30,False,21.79,7.71
2440,2024-01-21 02:07:00,2024-01-21 03:20:00,4,18,1,9.88,221.28,21.72,243.0,Cash,2,73.0,2,Sunday,January,2024-01-21,False,22.4,9.82
2441,2024-01-15 09:14:00,2024-01-15 09:27:00,197,148,1,1.44,94.2,18.58,112.78,Card,1,13.0,9,Monday,January,2024-01-15,False,65.42,19.72
2442,2024-01-17 05:47:00,2024-01-17 05:53:00,128,247,1,4.06,121.81,7.78,129.59,Card,1,6.0,5,Wednesday,January,2024-01-17,False,30.0,6.39
2443,2024-01-20 18:04:00,2024-01-20 18:42:00,261,130,1,19.1,411.49,36.58,448.07,Card,2,38.0,18,Saturday,January,2024-01-20,False,21.54,8.89
2444,2024-01-14 20:01:00,2024-01-14 21:05:00,91,42,2,12.32,271.54,17.08,288.62,Cash,1,64.0,20,Sunday,January,2024-01-14,False,22.04,6.29
2445,2024-01-10 01:37:00,2024-01-10 02:42:00,259,203,3,4.6,146.26,13.32,159.58,Card,2,65.0,1,Wednesday,January,2024-01-10,False,31.8,9.11
2446,2024-01-18 06:18:00,2024-01-18 06:53:00,94,181,2,7.34,179.51,11.46,190.97,Card,2,35.0,6,Thursday,January,2024-01-18,False,24.46,6.38
2447,2024-01-19 02:22:00,2024-01-19 02:36:00,257,181,2,23.75,487.59,61.56,549.15,Card,1,14.0,2,Friday,January,2024-01-19,False,20.53,12.63
2448,2024-01-26 14:10:00,2024-01-26 15:30:00,136,144,2,9.81,226.29,26.19,252.48,Card,2,80.0,14,Friday,January,2024-01-26,False,23.07,11.57
2449,2024-01-15 06:47:00,2024-01-15 07:27:00,13,61,2,22.78,465.31,35.41,500.72,Card,1,40.0,6,Monday,January,2024-01-15,False,20.43,7.61
2450,2024-01-21 15:39:00,2024-01-21 17:08:00,198,209,1,8.31,209.79,15.99,225.78,Card,2,89.0,15,Sunday,January,2024-01-21,False,25.25,7.62
2451,2024-01-03 14:34:00,2024-01-03 15:27:00,178,166,1,14.04,310.39,44.67,355.06,Cash,2,53.0,14,Wednesday,January,2024-01-03,False,22.11,14.39
2452,2024-01-19 18:44:00,2024-01-19 19:58:00,112,143,1,1.49,84.11,9.09,93.2,Card,1,74.0,18,Friday,January,2024-01-19,False,56.45,10.81
2453,2024-01-02 04:44:00,2024-01-02 05:37:00,79,61,2,13.53,285.51,16.68,302.19,Card,1,53.0,4,Tuesday,January,2024-01-02,False,21.1,5.84
2454,2024-01-01 22:56:00,2024-01-01 23:03:00,256,263,5,16.29,340.69,64.06,404.75,Cash,2,7.0,22,Monday,January,2024-01-01,False,20.91,18.8
2455,2024-01-07 01:06:00,2024-01-07 02:24:00,74,124,2,6.62,176.32,19.53,195.85,Card,2,78.0,1,Sunday,January,2024-01-07,False,26.63,11.08
2456,2024-01-07 04:14:00,2024-01-07 04:23:00,161,238,4,14.89,308.57,42.79,351.36,Card,2,9.0,4,Sunday,January,2024-01-07,False,20.72,13.87
2457,2024-01-13 12:37:00,2024-01-13 13:42:00,201,30,1,16.53,345.06,63.08,408.14,Card,1,65.0,12,Saturday,January,2024-01-13,False,20.87,18.28
2458,2024-01-13 19:30:00,2024-01-13 20:59:00,33,255,2,17.49,361.7,39.9,401.6,Cash,1,89.0,19,Saturday,January,2024-01-13,False,20.68,11.03
2459,2024-01-12 09:26:00,2024-01-12 09:56:00,73,90,3,19.63,400.84,69.39,470.23,Cash,1,30.0,9,Friday,January,2024-01-12,False,20.42,17.31
2460,2024-01-21 15:25:00,2024-01-21 16:41:00,198,139,2,8.47,208.53,39.04,247.57,Card,2,76.0,15,Sunday,January,2024-01-21,False,24.62,18.72
2461,2024-01-05 02:46:00,2024-01-05 02:55:00,240,207,4,14.63,320.8,24.42,345.22,Card,1,9.0,2,Friday,January,2024-01-05,False,21.93,7.61
2462,2024-01-28 02:19:00,2024-01-28 02:38:00,74,93,2,24.56,509.35,93.66,603.01,Card,1,19.0,2,Sunday,January,2024-01-28,False,20.74,18.39
2463,2024-01-07 14:16:00,2024-01-07 14:36:00,31,134,1,22.56,457.66,31.11,488.77,Cash,1,20.0,14,Sunday,January,2024-01-07,False,20.29,6.8
2464,2024-01-26 01:08:00,2024-01-26 01:13:00,14,204,1,23.86,497.28,45.39,542.67,Card,2,5.0,1,Friday,January,2024-01-26,False,20.84,9.13
2465,2024-01-21 16:46:00,2024-01-21 17:06:00,205,110,2,10.27,244.42,41.85,286.27,Cash,1,20.0,16,Sunday,January,2024-01-21,False,23.8,17.12
2466,2024-01-16 17:43:00,2024-01-16 18:24:00,68,38,4,19.89,425.4,78.74,504.14,Card,2,41.0,17,Tuesday,January,2024-01-16,False,21.39,18.51
2467,2024-01-29 16:41:00,2024-01-29 16:48:00,128,22,1,15.88,350.84,53.55,404.39,Card,1,7.0,16,Monday,January,2024-01-29,False,22.09,15.26
2468,2024-01-26 08:15:00,2024-01-26 09:11:00,26,225,2,2.99,114.45,7.52,121.97,Card,1,56.0,8,Friday,January,2024-01-26,False,38.28,6.57
2469,2024-01-16 17:36:00,2024-01-16 18:27:00,184,168,2,20.78,424.72,54.55,479.27,Card,1,51.0,17,Tuesday,January,2024-01-16,False,20.44,12.84
2470,2024-01-18 23:00:00,2024-01-18 23:17:00,137,135,1,17.25,357.73,48.61,406.34,Cash,1,17.0,23,Thursday,January,2024-01-18,False,20.74,13.59
2471,2024-01-12 16:32:00,2024-01-12 17:56:00,106,110,1,5.77,150.53,13.89,164.42,Cash,2,84.0,16,Friday,January,2024-01-12,False,26.09,9.23
2472,2024-01-27 22:27:00,2024-01-27 23:26:00,24,224,1,2.91,120.95,24.03,144.98,Card,2,59.0,22,Saturday,January,2024-01-27,False,41.56,19.87
2473,2024-01-16 02:07:00,2024-01-16 02:32:00,194,168,1,21.09,448.38,44.99,493.37,Card,2,25.0,2,Tuesday,January,2024-01-16,False,21.26,10.03
2474,2024-01-30 17:35:00,2024-01-30 18:45:00,169,107,1,2.89,113.76,9.28,123.04,Card,1,70.0,17,Tuesday,January,2024-01-30,False,39.36,8.16
2475,2024-01-21 12:25:00,2024-01-21 13:23:00,36,24,1,3.19,123.93,8.24,132.17,Cash,2,58.0,12,Sunday,January,2024-01-21,False,38.85,6.65
2476,2024-01-02 18:00:00,2024-01-02 18:31:00,101,211,1,11.26,270.25,28.86,299.11,Cash,2,31.0,18,Tuesday,January,2024-01-02,False,24.0,10.68
2477,2024-01-03 03:21:00,2024-01-03 04:03:00,34,171,2,4.24,131.67,20.26,151.93,Card,2,42.0,3,Wednesday,January,2024-01-03,False,31.05,15.39
2478,2024-01-24 17:56:00,2024-01-24 18:58:00,39,69,2,22.93,471.61,39.95,511.56,Card,2,62.0,17,Wednesday,January,2024-01-24,False,20.57,8.47
2479,2024-01-26 12:15:00,2024-01-26 13:21:00,211,222,2,12.29,273.78,45.29,319.07,Card,1,66.0,12,Friday,January,2024-01-26,False,22.28,16.54
2480,2024-01-28 05:33:00,2024-01-28 06:23:00,230,153,1,14.66,316.43,22.25,338.68,Cash,1,50.0,5,Sunday,January,2024-01-28,False,21.58,7.03
2481,2024-01-11 02:46:00,2024-01-11 03:01:00,80,201,5,23.27,460.01,53.39,513.4,Card,2,15.0,2,Thursday,January,2024-01-11,False,19.77,11.61
2482,2024-01-10 18:02:00,2024-01-10 19:18:00,238,219,3,13.73,300.15,46.63,346.78,Cash,2,76.0,18,Wednesday,January,2024-01-10,False,21.86,15.54
2483,2024-01-18 16:58:00,2024-01-18 17:10:00,172,104,5,9.49,231.02,16.24,247.26,Cash,1,12.0,16,Thursday,January,2024-01-18,False,24.34,7.03
2484,2024-01-08 20:49:00,2024-01-08 22:04:00,59,230,1,20.13,415.0,57.97,472.97,Card,2,75.0,20,Monday,January,2024-01-08,False,20.62,13.97
2485,2024-01-22 23:36:00,2024-01-23 00:44:00,22,54,3,11.63,275.51,46.79,322.3,Cash,2,68.0,23,Monday,January,2024-01-22,False,23.69,16.98
2486,2024-01-02 11:59:00,2024-01-02 12:24:00,238,189,2,8.64,205.5,28.63,234.13,Card,2,25.0,11,Tuesday,January,2024-01-02,False,23.78,13.93
2487,2024-01-27 07:40:00,2024-01-27 08:56:00,94,222,1,18.36,374.46,47.45,421.91,Card,1,76.0,7,Saturday,January,2024-01-27,False,20.4,12.67
2488,2024-01-14 10:43:00,2024-01-14 11:50:00,244,75,1,20.24,428.67,75.34,504.01,Cash,1,67.0,10,Sunday,January,2024-01-14,False,21.18,17.58
2489,2024-01-14 05:13:00,2024-01-14 06:42:00,11,172,2,20.0,420.22,83.13,503.35,Card,1,89.0,5,Sunday,January,2024-01-14,False,21.01,19.78
2490,2024-01-08 12:05:00,2024-01-08 13:13:00,117,42,1,24.46,487.53,37.64,525.17,Card,2,68.0,12,Monday,January,2024-01-08,False,19.93,7.72
2491,2024-01-25 21:31:00,2024-01-25 21:55:00,12,157,1,19.88,413.93,63.62,477.55,Card,2,24.0,21,Thursday,January,2024-01-25,False,20.82,15.37
2492,2024-01-19 15:12:00,2024-01-19 15:24:00,154,81,1,19.48,402.7,25.01,427.71,Card,2,12.0,15,Friday,January,2024-01-19,False,20.67,6.21
2493,2024-01-10 16:24:00,2024-01-10 17:26:00,38,208,2,21.58,456.61,25.76,482.37,Cash,2,62.0,16,Wednesday,January,2024-01-10,False,21.16,5.64
2494,2024-01-14 19:13:00,2024-01-14 20:03:00,131,86,4,1.0,76.22,7.02,83.24,Cash,1,50.0,19,Sunday,January,2024-01-14,False,76.22,9.21
2495,2024-01-29 00:52:00,2024-01-29 01:27:00,225,232,2,9.7,219.35,42.91,262.26,Card,1,35.0,0,Monday,January,2024-01-29,False,22.61,19.56
2496,2024-01-17 14:48:00,2024-01-17 15:01:00,143,177,2,18.7,391.66,52.02,443.68,Card,1,13.0,14,Wednesday,January,2024-01-17,False,20.94,13.28
2497,2024-01-11 16:19:00,2024-01-11 16:38:00,54,107,1,15.39,342.9,30.94,373.84,Card,1,19.0,16,Thursday,January,2024-01-11,False,22.28,9.02
2498,2024-01-26 12:31:00,2024-01-26 13:01:00,24,139,2,5.26,154.82,10.82,165.64,Card,1,30.0,12,Friday,January,2024-01-26,False,29.43,6.99
2499,2024-01-24 23:46:00,2024-01-25 00:00:00,121,102,1,8.29,214.49,40.33,254.82,Card,2,14.0,23,Wednesday,January,2024-01-24,False,25.87,18.8
2500,2024-01-17 20:46:00,2024-01-17 21:19:00,119,30,3,9.08,210.95,22.01,232.96,Card,1,33.0,20,Wednesday,January,2024-01-17,False,23.23,10.43
2501,2024-01-04 13:10:00,2024-01-04 14:34:00,161,194,1,14.63,329.99,31.68,361.67,Card,2,84.0,13,Thursday,January,2024-01-04,False,22.56,9.6
2502,2024-01-09 09:27:00,2024-01-09 10:07:00,74,244,1,20.96,439.95,78.62,518.57,Card,2,40.0,9,Tuesday,January,2024-01-09,False,20.99,17.87
2503,2024-01-17 12:02:00,2024-01-17 13:30:00,185,185,1,23.38,482.71,67.9,550.61,Cash,2,88.0,12,Wednesday,January,2024-01-17,False,20.65,14.07
2504,2024-01-12 20:41:00,2024-01-12 21:22:00,192,247,3,19.0,392.4,29.55,421.95,Card,1,41.0,20,Friday,January,2024-01-12,False,20.65,7.53
2505,2024-01-25 06:27:00,2024-01-25 07:57:00,220,118,5,21.23,448.77,50.81,499.58,Card,1,90.0,6,Thursday,January,2024-01-25,False,21.14,11.32
2506,2024-01-07 15:56:00,2024-01-07 17:11:00,121,73,1,12.28,280.18,53.02,333.2,Card,1,75.0,15,Sunday,January,2024-01-07,False,22.82,18.92
2507,2024-01-27 09:39:00,2024-01-27 10:06:00,209,69,1,10.35,251.86,46.64,298.5,Card,1,27.0,9,Saturday,January,2024-01-27,False,24.33,18.52
2508,2024-01-30 04:03:00,2024-01-30 04:48:00,164,242,2,10.43,238.57,14.44,253.01,Card,2,45.0,4,Tuesday,January,2024-01-30,False,22.87,6.05
2509,2024-01-13 17:13:00,2024-01-13 18:37:00,3,152,3,15.78,328.41,29.65,358.06,Cash,1,84.0,17,Saturday,January,2024-01-13,False,20.81,9.03
2510,2024-01-01 16:53:00,2024-01-01 17:25:00,50,94,1,3.98,121.61,8.9,130.51,Cash,2,32.0,16,Monday,January,2024-01-01,False,30.56,7.32
2511,2024-01-17 11:05:00,2024-01-17 11:57:00,211,229,1,14.91,322.04,41.89,363.93,Card,2,52.0,11,Wednesday,January,2024-01-17,False,21.6,13.01
2512,2024-01-02 06:28:00,2024-01-02 07:10:00,16,30,1,16.96,361.28,58.71,419.99,Cash,2,42.0,6,Tuesday,January,2024-01-02,False,21.3,16.25
2513,2024-01-06 11:49:00,2024-01-06 12:24:00,168,113,2,11.53,262.86,24.8,287.66,Card,1,35.0,11,Saturday,January,2024-01-06,False,22.8,9.43
2514,2024-01-27 15:16:00,2024-01-27 15:34:00,185,148,1,23.88,486.22,79.59,565.81,Card,2,18.0,15,Saturday,January,2024-01-27,False,20.36,16.37
2515,2024-01-10 02:29:00,2024-01-10 03:46:00,138,57,1,15.6,346.05,52.01,398.06,Card,1,77.0,2,Wednesday,January,2024-01-10,False,22.18,15.03
2516,2024-01-02 09:43:00,2024-01-02 11:04:00,125,177,1,6.28,158.14,25.18,183.32,Card,1,81.0,9,Tuesday,January,2024-01-02,False,25.18,15.92
2517,2024-01-11 02:17:00,2024-01-11 02:50:00,58,56,2,12.5,274.48,52.77,327.25,Card,2,33.0,2,Thursday,January,2024-01-11,False,21.96,19.23
2518,2024-01-19 12:21:00,2024-01-19 13:16:00,66,237,6,17.21,376.44,42.8,419.24,Cash,2,55.0,12,Friday,January,2024-01-19,False,21.87,11.37
2519,2024-01-27 20:19:00,2024-01-27 21:12:00,202,77,4,8.77,214.67,21.76,236.43,Card,1,53.0,20,Saturday,January,2024-01-27,False,24.48,10.14
2520,2024-01-24 12:08:00,2024-01-24 12:55:00,9,124,2,2.91,109.88,16.77,126.65,Card,1,47.0,12,Wednesday,January,2024-01-24,False,37.76,15.26
2521,2024-01-27 06:04:00,2024-01-27 07:20:00,105,28,3,15.0,324.34,55.51,379.85,Card,2,76.0,6,Saturday,January,2024-01-27,False,21.62,17.11
2522,2024-01-11 16:19:00,2024-01-11 16:28:00,89,142,1,23.75,483.97,38.1,522.07,Card,1,9.0,16,Thursday,January,2024-01-11,False,20.38,7.87
2523,2024-01-20 06:46:00,2024-01-20 07:32:00,89,158,2,12.64,273.46,48.41,321.87,Card,1,46.0,6,Saturday,January,2024-01-20,False,21.63,17.7
2524,2024-01-02 18:43:00,2024-01-02 18:54:00,6,167,1,22.75,465.91,27.34,493.25,Card,1,11.0,18,Tuesday,January,2024-01-02,False,20.48,5.87
2525,2024-01-26 01:00:00,2024-01-26 01:46:00,158,185,2,21.04,448.64,22.86,471.5,Card,1,46.0,1,Friday,January,2024-01-26,False,21.32,5.1
2526,2024-01-21 06:37:00,2024-01-21 07:17:00,103,12,5,4.54,138.7,10.23,148.93,Card,2,40.0,6,Sunday,January,2024-01-21,False,30.55,7.38
2527,2024-01-03 11:46:00,2024-01-03 12:17:00,223,169,3,18.0,365.33,71.9,437.23,Card,1,31.0,11,Wednesday,January,2024-01-03,False,20.3,19.68
2528,2024-01-12 04:07:00,2024-01-12 05:09:00,171,106,1,11.45,269.99,34.7,304.69,Card,2,62.0,4,Friday,January,2024-01-12,False,23.58,12.85
2529,2024-01-17 03:05:00,2024-01-17 03:55:00,33,254,2,7.01,178.07,10.15,188.22,Card,1,50.0,3,Wednesday,January,2024-01-17,False,25.4,5.7
2530,2024-01-21 15:50:00,2024-01-21 17:00:00,181,98,4,17.49,359.43,71.73,431.16,Card,1,70.0,15,Sunday,January,2024-01-21,False,20.55,19.96
2531,2024-01-05 14:43:00,2024-01-05 15:12:00,184,119,1,18.82,404.64,65.45,470.09,Card,1,29.0,14,Friday,January,2024-01-05,False,21.5,16.17
2532,2024-01-20 02:43:00,2024-01-20 04:00:00,87,226,2,5.32,141.7,24.9,166.6,Card,1,77.0,2,Saturday,January,2024-01-20,False,26.64,17.57
2533,2024-01-26 12:07:00,2024-01-26 12:38:00,69,152,1,22.95,480.72,39.39,520.11,Card,1,31.0,12,Friday,January,2024-01-26,False,20.95,8.19
2534,2024-01-08 15:25:00,2024-01-08 15:30:00,26,203,3,19.03,395.79,26.05,421.84,Card,2,5.0,15,Monday,January,2024-01-08,False,20.8,6.58
2535,2024-01-01 02:41:00,2024-01-01 03:59:00,6,163,1,23.4,483.48,61.53,545.01,Card,1,78.0,2,Monday,January,2024-01-01,False,20.66,12.73
2536,2024-01-12 03:09:00,2024-01-12 03:55:00,256,122,1,8.61,211.39,35.05,246.44,Cash,1,46.0,3,Friday,January,2024-01-12,False,24.55,16.58
2537,2024-01-10 21:06:00,2024-01-10 22:02:00,182,16,2,23.54,471.42,68.67,540.09,Cash,1,56.0,21,Wednesday,January,2024-01-10,False,20.03,14.57
2538,2024-01-20 22:51:00,2024-01-20 23:20:00,260,106,1,9.84,237.25,34.32,271.57,Card,2,29.0,22,Saturday,January,2024-01-20,False,24.11,14.47
2539,2024-01-03 08:30:00,2024-01-03 09:28:00,234,262,1,2.3,110.14,18.01,128.15,Card,1,58.0,8,Wednesday,January,2024-01-03,False,47.89,16.35
2540,2024-01-05 03:57:00,2024-01-05 05:08:00,207,20,2,19.31,410.67,34.52,445.19,Card,2,71.0,3,Friday,January,2024-01-05,False,21.27,8.41
2541,2024-01-09 19:33:00,2024-01-09 19:43:00,77,244,3,17.88,379.96,56.7,436.66,Card,1,10.0,19,Tuesday,January,2024-01-09,False,21.25,14.92
2542,2024-01-30 05:32:00,2024-01-30 06:34:00,168,244,1,15.35,346.02,37.65,383.67,Card,2,62.0,5,Tuesday,January,2024-01-30,False,22.54,10.88
2543,2024-01-01 09:01:00,2024-01-01 10:15:00,56,212,3,12.76,277.64,16.79,294.43,Card,2,74.0,9,Monday,January,2024-01-01,False,21.76,6.05
2544,2024-01-16 03:37:00,2024-01-16 04:34:00,81,224,3,1.77,73.73,5.92,79.65,Card,2,57.0,3,Tuesday,January,2024-01-16,False,41.66,8.03
2545,2024-01-27 07:01:00,2024-01-27 08:11:00,167,262,2,15.99,328.78,55.6,384.38,Card,2,70.0,7,Saturday,January,2024-01-27,False,20.56,16.91
2546,2024-01-10 07:48:00,2024-01-10 08:50:00,176,220,2,11.0,259.32,47.82,307.14,Cash,1,62.0,7,Wednesday,January,2024-01-10,False,23.57,18.44
2547,2024-01-08 02:58:00,2024-01-08 04:24:00,149,8,1,14.45,325.01,30.04,355.05,Card,2,86.0,2,Monday,January,2024-01-08,False,22.49,9.24
2548,2024-01-12 03:24:00,2024-01-12 03:30:00,256,14,1,11.3,262.45,20.62,283.07,Card,1,6.0,3,Friday,January,2024-01-12,False,23.23,7.86
2549,2024-01-21 10:11:00,2024-01-21 11:31:00,206,130,1,24.19,502.57,27.14,529.71,Cash,2,80.0,10,Sunday,January,2024-01-21,False,20.78,5.4
2550,2024-01-04 19:09:00,2024-01-04 19:35:00,30,22,1,15.5,339.94,65.32,405.26,Card,2,26.0,19,Thursday,January,2024-01-04,False,21.93,19.22
2551,2024-01-21 00:54:00,2024-01-21 01:35:00,218,225,1,18.98,392.77,59.93,452.7,Cash,2,41.0,0,Sunday,January,2024-01-21,False,20.69,15.26
2552,2024-01-05 08:16:00,2024-01-05 08:40:00,231,235,1,23.47,467.9,90.56,558.46,Card,2,24.0,8,Friday,January,2024-01-05,False,19.94,19.35
2553,2024-01-08 10:40:00,2024-01-08 11:08:00,162,199,2,15.2,341.34,61.3,402.64,Cash,2,28.0,10,Monday,January,2024-01-08,False,22.46,17.96
2554,2024-01-24 13:37:00,2024-01-24 15:05:00,217,134,2,1.29,66.33,6.7,73.03,Cash,1,88.0,13,Wednesday,January,2024-01-24,False,51.42,10.1
2555,2024-01-24 07:58:00,2024-01-24 09:07:00,228,178,4,1.82,89.05,5.96,95.01,Card,2,69.0,7,Wednesday,January,2024-01-24,False,48.93,6.69
2556,2024-01-02 03:31:00,2024-01-02 04:40:00,221,44,1,17.86,370.9,46.31,417.21,Cash,1,69.0,3,Tuesday,January,2024-01-02,False,20.77,12.49
2557,2024-01-14 07:54:00,2024-01-14 09:19:00,234,8,1,7.7,186.74,10.09,196.83,Card,2,85.0,7,Sunday,January,2024-01-14,False,24.25,5.4
2558,2024-01-18 09:31:00,2024-01-18 09:36:00,73,27,1,14.91,327.76,23.76,351.52,Card,2,5.0,9,Thursday,January,2024-01-18,False,21.98,7.25
2559,2024-01-20 00:26:00,2024-01-20 00:33:00,95,51,1,5.85,152.24,12.94,165.18,Card,2,7.0,0,Saturday,January,2024-01-20,False,26.02,8.5
2560,2024-01-07 14:38:00,2024-01-07 15:28:00,95,69,2,7.49,202.31,30.32,232.63,Card,2,50.0,14,Sunday,January,2024-01-07,False,27.01,14.99
2561,2024-01-12 05:44:00,2024-01-12 06:43:00,243,44,1,13.11,288.16,36.45,324.61,Card,1,59.0,5,Friday,January,2024-01-12,False,21.98,12.65
2562,2024-01-24 11:07:00,2024-01-24 12:26:00,263,175,1,24.41,499.7,47.65,547.35,Card,2,79.0,11,Wednesday,January,2024-01-24,False,20.47,9.54
2563,2024-01-16 00:21:00,2024-01-16 01:51:00,124,119,1,15.79,346.05,46.62,392.67,Cash,1,90.0,0,Tuesday,January,2024-01-16,False,21.92,13.47
2564,2024-01-07 23:08:00,2024-01-08 00:16:00,109,181,1,23.47,482.95,33.22,516.17,Card,1,68.0,23,Sunday,January,2024-01-07,False,20.58,6.88
2565,2024-01-09 15:28:00,2024-01-09 16:17:00,48,53,1,24.03,499.64,81.62,581.26,Cash,1,49.0,15,Tuesday,January,2024-01-09,False,20.79,16.34
2566,2024-01-24 15:31:00,2024-01-24 16:01:00,95,191,1,5.99,154.75,24.27,179.02,Card,1,30.0,15,Wednesday,January,2024-01-24,False,25.83,15.68
2567,2024-01-22 03:27:00,2024-01-22 04:48:00,33,194,1,8.47,195.04,16.09,211.13,Card,1,81.0,3,Monday,January,2024-01-22,False,23.03,8.25
2568,2024-01-13 18:34:00,2024-01-13 19:43:00,118,40,1,19.48,392.3,55.3,447.6,Card,1,69.0,18,Saturday,January,2024-01-13,False,20.14,14.1
2569,2024-01-24 23:01:00,2024-01-24 23:29:00,132,78,1,21.8,458.74,57.57,516.31,Cash,2,28.0,23,Wednesday,January,2024-01-24,False,21.04,12.55
2570,2024-01-22 00:14:00,2024-01-22 01:32:00,251,189,2,13.46,311.48,18.42,329.9,Cash,1,78.0,0,Monday,January,2024-01-22,False,23.14,5.91
2571,2024-01-13 20:29:00,2024-01-13 21:08:00,122,95,1,24.84,496.2,45.51,541.71,Card,1,39.0,20,Saturday,January,2024-01-13,False,19.98,9.17
2572,2024-01-11 01:12:00,2024-01-11 01:40:00,218,25,1,1.28,83.85,16.76,100.61,Card,1,28.0,1,Thursday,January,2024-01-11,False,65.51,19.99
2573,2024-01-03 09:51:00,2024-01-03 10:23:00,53,103,1,8.19,187.69,12.19,199.88,Card,1,32.0,9,Wednesday,January,2024-01-03,False,22.92,6.49
2574,2024-01-30 00:36:00,2024-01-30 02:00:00,126,159,1,15.96,332.94,41.94,374.88,Card,1,84.0,0,Tuesday,January,2024-01-30,False,20.86,12.6
2575,2024-01-22 00:28:00,2024-01-22 00:48:00,159,208,1,12.26,281.36,49.91,331.27,Card,1,20.0,0,Monday,January,2024-01-22,False,22.95,17.74
2576,2024-01-06 18:49:00,2024-01-06 19:52:00,159,94,1,3.8,110.38,10.5,120.88,Card,2,63.0,18,Saturday,January,2024-01-06,False,29.05,9.51
2577,2024-01-25 05:05:00,2024-01-25 06:30:00,89,39,1,9.83,231.0,20.58,251.58,Card,2,85.0,5,Thursday,January,2024-01-25,False,23.5,8.91
2578,2024-01-20 15:12:00,2024-01-20 16:10:00,176,164,1,1.61,88.86,16.32,105.18,Card,1,58.0,15,Saturday,January,2024-01-20,False,55.19,18.37
2579,2024-01-30 18:05:00,2024-01-30 19:28:00,159,55,3,16.43,358.72,34.34,393.06,Card,1,83.0,18,Tuesday,January,2024-01-30,False,21.83,9.57
2580,2024-01-05 10:37:00,2024-01-05 10:57:00,249,72,3,22.43,457.35,67.56,524.91,Card,2,20.0,10,Friday,January,2024-01-05,False,20.39,14.77
2581,2024-01-23 11:33:00,2024-01-23 11:52:00,122,42,1,22.24,459.23,73.96,533.19,Card,1,19.0,11,Tuesday,January,2024-01-23,False,20.65,16.11
2582,2024-01-25 16:05:00,2024-01-25 16:20:00,237,132,1,17.79,376.41,63.35,439.76,Card,2,15.0,16,Thursday,January,2024-01-25,False,21.16,16.83
2583,2024-01-18 01:30:00,2024-01-18 02:39:00,125,21,2,12.18,260.81,51.96,312.77,Card,2,69.0,1,Thursday,January,2024-01-18,False,21.41,19.92
2584,2024-01-13 16:44:00,2024-01-13 18:07:00,92,1,3,13.29,301.5,51.4,352.9,Cash,2,83.0,16,Saturday,January,2024-01-13,False,22.69,17.05
2585,2024-01-14 04:34:00,2024-01-14 05:46:00,105,166,5,4.29,122.39,18.18,140.57,Card,1,72.0,4,Sunday,January,2024-01-14,False,28.53,14.85
2586,2024-01-17 04:04:00,2024-01-17 04:51:00,42,60,1,9.18,206.19,38.0,244.19,Cash,2,47.0,4,Wednesday,January,2024-01-17,False,22.46,18.43
2587,2024-01-13 09:13:00,2024-01-13 10:26:00,129,76,1,5.51,152.72,28.38,181.1,Card,2,73.0,9,Saturday,January,2024-01-13,False,27.72,18.58
2588,2024-01-18 10:42:00,2024-01-18 10:59:00,53,91,2,20.71,438.75,85.98,524.73,Cash,1,17.0,10,Thursday,January,2024-01-18,False,21.19,19.6
2589,2024-01-04 11:37:00,2024-01-04 11:51:00,168,207,3,22.95,457.62,76.18,533.8,Card,1,14.0,11,Thursday,January,2024-01-04,False,19.94,16.65
2590,2024-01-12 08:50:00,2024-01-12 10:09:00,90,88,1,13.89,290.41,23.01,313.42,Cash,2,79.0,8,Friday,January,2024-01-12,False,20.91,7.92
2591,2024-01-21 07:32:00,2024-01-21 08:58:00,247,82,2,18.47,375.76,58.8,434.56,Card,1,86.0,7,Sunday,January,2024-01-21,False,20.34,15.65
2592,2024-01-06 13:19:00,2024-01-06 14:04:00,174,17,1,3.92,121.47,7.44,128.91,Card,1,45.0,13,Saturday,January,2024-01-06,False,30.99,6.12
2593,2024-01-16 13:56:00,2024-01-16 14:50:00,87,210,1,15.6,338.21,33.04,371.25,Card,2,54.0,13,Tuesday,January,2024-01-16,False,21.68,9.77
2594,2024-01-30 20:03:00,2024-01-30 21:18:00,150,53,1,17.87,367.45,24.76,392.21,Card,1,75.0,20,Tuesday,January,2024-01-30,False,20.56,6.74
2595,2024-01-02 10:56:00,2024-01-02 11:59:00,249,128,1,11.87,277.72,53.46,331.18,Card,2,63.0,10,Tuesday,January,2024-01-02,False,23.4,19.25
2596,2024-01-18 13:19:00,2024-01-18 14:02:00,115,146,2,6.84,185.72,18.72,204.44,Cash,1,43.0,13,Thursday,January,2024-01-18,False,27.15,10.08
2597,2024-01-19 04:41:00,2024-01-19 04:48:00,180,248,2,22.06,457.96,71.89,529.85,Card,2,7.0,4,Friday,January,2024-01-19,False,20.76,15.7
2598,2024-01-14 16:35:00,2024-01-14 17:55:00,120,1,3,18.83,393.56,53.41,446.97,Card,1,80.0,16,Sunday,January,2024-01-14,False,20.9,13.57
2599,2024-01-21 08:29:00,2024-01-21 08:40:00,28,41,1,22.6,457.76,30.27,488.03,Cash,2,11.0,8,Sunday,January,2024-01-21,False,20.25,6.61
2600,2024-01-11 11:18:00,2024-01-11 12:11:00,117,73,1,20.64,422.79,56.74,479.53,Card,1,53.0,11,Thursday,January,2024-01-11,False,20.48,13.42
2601,2024-01-04 13:05:00,2024-01-04 13:35:00,191,160,1,24.77,500.95,74.72,575.67,Card,2,30.0,13,Thursday,January,2024-01-04,False,20.22,14.92
2602,2024-01-21 08:32:00,2024-01-21 09:09:00,145,212,1,5.61,143.3,26.11,169.41,Cash,1,37.0,8,Sunday,January,2024-01-21,False,25.54,18.22
2603,2024-01-02 23:19:00,2024-01-03 00:11:00,262,139,2,3.08,115.91,7.01,122.92,Card,1,52.0,23,Tuesday,January,2024-01-02,False,37.63,6.05
2604,2024-01-03 08:24:00,2024-01-03 09:47:00,142,43,1,9.09,214.17,20.21,234.38,Card,2,83.0,8,Wednesday,January,2024-01-03,False,23.56,9.44
2605,2024-01-30 17:41:00,2024-01-30 17:47:00,114,179,1,4.1,120.54,18.55,139.09,Cash,1,6.0,17,Tuesday,January,2024-01-30,False,29.4,15.39
2606,2024-01-10 08:53:00,2024-01-10 10:08:00,38,189,1,13.56,292.43,16.13,308.56,Card,2,75.0,8,Wednesday,January,2024-01-10,False,21.57,5.52
2607,2024-01-12 20:29:00,2024-01-12 21:05:00,197,246,1,16.19,336.83,27.13,363.96,Card,1,36.0,20,Friday,January,2024-01-12,False,20.8,8.05
2608,2024-01-06 05:31:00,2024-01-06 05:39:00,13,154,2,14.88,334.89,27.73,362.62,Card,1,8.0,5,Saturday,January,2024-01-06,False,22.51,8.28
2609,2024-01-26 17:31:00,2024-01-26 17:55:00,112,104,1,7.22,175.03,26.32,201.35,Card,2,24.0,17,Friday,January,2024-01-26,False,24.24,15.04
2610,2024-01-06 08:56:00,2024-01-06 09:36:00,137,11,3,22.81,477.07,44.32,521.39,Card,1,40.0,8,Saturday,January,2024-01-06,False,20.91,9.29
2611,2024-01-06 08:30:00,2024-01-06 09:06:00,172,25,2,1.51,84.35,11.8,96.15,Cash,2,36.0,8,Saturday,January,2024-01-06,False,55.86,13.99
2612,2024-01-02 02:59:00,2024-01-02 03:31:00,127,25,1,9.35,234.32,45.65,279.97,Cash,1,32.0,2,Tuesday,January,2024-01-02,False,25.06,19.48
2613,2024-01-10 16:55:00,2024-01-10 18:16:00,19,84,1,18.26,382.9,64.7,447.6,Card,2,81.0,16,Wednesday,January,2024-01-10,False,20.97,16.9
2614,2024-01-17 03:32:00,2024-01-17 03:37:00,208,106,2,19.41,417.21,41.69,458.9,Card,1,5.0,3,Wednesday,January,2024-01-17,False,21.49,9.99
2615,2024-01-11 14:21:00,2024-01-11 15:25:00,158,241,1,10.99,244.16,29.51,273.67,Card,1,64.0,14,Thursday,January,2024-01-11,False,22.22,12.09
2616,2024-01-01 23:51:00,2024-01-02 00:51:00,160,119,2,1.41,82.02,6.57,88.59,Card,2,60.0,23,Monday,January,2024-01-01,False,58.17,8.01
2617,2024-01-07 07:07:00,2024-01-07 07:46:00,240,108,1,15.83,328.72,17.21,345.93,Cash,1,39.0,7,Sunday,January,2024-01-07,False,20.77,5.24
2618,2024-01-27 00:41:00,2024-01-27 01:15:00,79,180,1,2.51,98.6,9.21,107.81,Cash,1,34.0,0,Saturday,January,2024-01-27,False,39.28,9.34
2619,2024-01-19 18:37:00,2024-01-19 19:35:00,197,131,4,3.59,121.72,12.83,134.55,Cash,2,58.0,18,Friday,January,2024-01-19,False,33.91,10.54
2620,2024-01-07 15:17:00,2024-01-07 15:57:00,120,91,2,16.61,357.15,48.09,405.24,Card,1,40.0,15,Sunday,January,2024-01-07,False,21.5,13.46
2621,2024-01-07 13:15:00,2024-01-07 14:14:00,248,241,1,8.5,203.97,39.08,243.05,Card,2,59.0,13,Sunday,January,2024-01-07,False,24.0,19.16
2622,2024-01-27 05:26:00,2024-01-27 06:50:00,139,247,1,9.35,210.59,40.47,251.06,Card,1,84.0,5,Saturday,January,2024-01-27,False,22.52,19.22
2623,2024-01-01 02:42:00,2024-01-01 03:44:00,226,168,1,12.68,287.9,17.42,305.32,Card,1,62.0,2,Monday,January,2024-01-01,False,22.71,6.05
2624,2024-01-25 03:02:00,2024-01-25 04:29:00,83,223,2,24.49,495.47,70.45,565.92,Card,2,87.0,3,Thursday,January,2024-01-25,False,20.23,14.22
2625,2024-01-14 15:55:00,2024-01-14 17:04:00,26,190,1,24.17,479.17,27.0,506.17,Cash,2,69.0,15,Sunday,January,2024-01-14,False,19.82,5.63
2626,2024-01-06 21:01:00,2024-01-06 22:14:00,128,19,1,10.99,265.9,39.14,305.04,Card,1,73.0,21,Saturday,January,2024-01-06,False,24.19,14.72
2627,2024-01-12 19:35:00,2024-01-12 20:30:00,223,14,4,7.37,201.33,13.62,214.95,Card,2,55.0,19,Friday,January,2024-01-12,False,27.32,6.77
2628,2024-01-23 15:11:00,2024-01-23 15:37:00,44,243,1,8.26,214.38,41.15,255.53,Card,1,26.0,15,Tuesday,January,2024-01-23,False,25.95,19.19
2629,2024-01-20 11:27:00,2024-01-20 12:24:00,84,109,1,7.45,199.42,35.83,235.25,Cash,1,57.0,11,Saturday,January,2024-01-20,False,26.77,17.97
2630,2024-01-25 03:42:00,2024-01-25 04:22:00,25,190,2,13.77,290.82,15.52,306.34,Cash,2,40.0,3,Thursday,January,2024-01-25,False,21.12,5.34
2631,2024-01-07 19:53:00,2024-01-07 21:05:00,220,218,1,15.56,349.88,58.54,408.42,Card,2,72.0,19,Sunday,January,2024-01-07,False,22.49,16.73
2632,2024-01-06 11:36:00,2024-01-06 12:16:00,204,236,1,12.73,281.15,40.87,322.02,Cash,2,40.0,11,Saturday,January,2024-01-06,False,22.09,14.54
2633,2024-01-23 21:32:00,2024-01-23 22:28:00,193,168,1,10.79,239.11,29.72,268.83,Card,2,56.0,21,Tuesday,January,2024-01-23,False,22.16,12.43
2634,2024-01-30 00:40:00,2024-01-30 01:37:00,2,193,4,6.07,173.62,24.38,198.0,Card,1,57.0,0,Tuesday,January,2024-01-30,False,28.6,14.04
2635,2024-01-22 04:28:00,2024-01-22 05:54:00,202,242,1,12.58,273.21,41.46,314.67,Card,1,86.0,4,Monday,January,2024-01-22,False,21.72,15.18
2636,2024-01-04 17:07:00,2024-01-04 18:01:00,32,162,1,9.19,221.21,40.41,261.62,Card,2,54.0,17,Thursday,January,2024-01-04,False,24.07,18.27
2637,2024-01-22 01:14:00,2024-01-22 02:38:00,89,135,2,14.0,295.84,48.84,344.68,Card,1,84.0,1,Monday,January,2024-01-22,False,21.13,16.51
2638,2024-01-02 20:03:00,2024-01-02 20:48:00,202,193,1,17.2,363.84,49.59,413.43,Card,2,45.0,20,Tuesday,January,2024-01-02,False,21.15,13.63
2639,2024-01-29 07:45:00,2024-01-29 08:07:00,178,89,2,16.2,348.34,60.5,408.84,Card,1,22.0,7,Monday,January,2024-01-29,False,21.5,17.37
2640,2024-01-13 23:21:00,2024-01-13 23:47:00,193,42,1,12.1,271.18,53.7,324.88,Card,2,26.0,23,Saturday,January,2024-01-13,False,22.41,19.8
2641,2024-01-27 14:48:00,2024-01-27 15:58:00,160,93,2,14.35,300.38,28.54,328.92,Card,1,70.0,14,Saturday,January,2024-01-27,False,20.93,9.5
2642,2024-01-12 00:52:00,2024-01-12 01:17:00,204,215,2,7.84,195.67,13.26,208.93,Cash,1,25.0,0,Friday,January,2024-01-12,False,24.96,6.78
2643,2024-01-12 20:33:00,2024-01-12 21:21:00,241,1,3,1.58,82.51,13.18,95.69,Card,2,48.0,20,Friday,January,2024-01-12,False,52.22,15.97
2644,2024-01-26 12:48:00,2024-01-26 13:39:00,115,164,1,16.0,335.85,66.09,401.94,Card,1,51.0,12,Friday,January,2024-01-26,False,20.99,19.68
2645,2024-01-22 07:22:00,2024-01-22 08:05:00,210,106,3,7.06,194.73,13.15,207.88,Card,2,43.0,7,Monday,January,2024-01-22,False,27.58,6.75
2646,2024-01-23 09:42:00,2024-01-23 10:15:00,222,232,1,17.05,359.43,41.25,400.68,Card,2,33.0,9,Tuesday,January,2024-01-23,False,21.08,11.48
2647,2024-01-22 18:38:00,2024-01-22 19:36:00,182,46,2,18.93,406.66,24.13,430.79,Card,1,58.0,18,Monday,January,2024-01-22,False,21.48,5.93
2648,2024-01-10 22:09:00,2024-01-10 23:38:00,259,205,1,22.98,456.93,76.07,533.0,Card,1,89.0,22,Wednesday,January,2024-01-10,False,19.88,16.65
2649,2024-01-06 12:07:00,2024-01-06 12:28:00,40,21,1,23.99,481.39,92.57,573.96,Card,1,21.0,12,Saturday,January,2024-01-06,False,20.07,19.23
2650,2024-01-01 19:31:00,2024-01-01 20:55:00,60,177,1,1.25,67.79,8.46,76.25,Cash,2,84.0,19,Monday,January,2024-01-01,False,54.23,12.48
2651,2024-01-09 06:38:00,2024-01-09 07:42:00,11,167,1,24.77,498.11,55.5,553.61,Card,1,64.0,6,Tuesday,January,2024-01-09,False,20.11,11.14
2652,2024-01-30 02:23:00,2024-01-30 02:58:00,120,8,1,17.39,356.37,66.34,422.71,Cash,1,35.0,2,Tuesday,January,2024-01-30,False,20.49,18.62
2653,2024-01-28 03:50:00,2024-01-28 05:07:00,42,212,2,16.44,349.15,24.44,373.59,Card,2,77.0,3,Sunday,January,2024-01-28,False,21.24,7.0
2654,2024-01-09 06:49:00,2024-01-09 08:11:00,190,163,1,1.37,75.28,13.83,89.11,Card,1,82.0,6,Tuesday,January,2024-01-09,False,54.95,18.37
2655,2024-01-02 18:19:00,2024-01-02 19:12:00,123,45,2,21.67,436.76,47.53,484.29,Card,1,53.0,18,Tuesday,January,2024-01-02,False,20.16,10.88
2656,2024-01-26 12:07:00,2024-01-26 12:13:00,189,233,1,4.49,140.09,18.76,158.85,Card,1,6.0,12,Friday,January,2024-01-26,False,31.2,13.39
2657,2024-01-16 17:49:00,2024-01-16 18:41:00,252,53,1,21.1,448.33,57.94,506.27,Card,1,52.0,17,Tuesday,January,2024-01-16,False,21.25,12.92
2658,2024-01-04 18:32:00,2024-01-04 18:50:00,92,233,1,1.37,70.87,10.09,80.96,Card,1,18.0,18,Thursday,January,2024-01-04,False,51.73,14.24
2659,2024-01-15 08:04:00,2024-01-15 09:07:00,213,171,1,16.5,358.35,68.56,426.91,Card,1,63.0,8,Monday,January,2024-01-15,False,21.72,19.13
2660,2024-01-14 00:25:00,2024-01-14 01:27:00,202,6,1,11.44,268.19,51.67,319.86,Card,2,62.0,0,Sunday,January,2024-01-14,False,23.44,19.27
2661,2024-01-20 14:28:00,2024-01-20 15:30:00,155,44,6,5.82,159.7,27.9,187.6,Card,1,62.0,14,Saturday,January,2024-01-20,False,27.44,17.47
2662,2024-01-24 23:21:00,2024-01-25 00:16:00,195,91,1,3.58,131.37,10.34,141.71,Card,1,55.0,23,Wednesday,January,2024-01-24,False,36.7,7.87
2663,2024-01-23 00:23:00,2024-01-23 01:51:00,28,196,2,11.56,277.07,27.71,304.78,Card,1,88.0,0,Tuesday,January,2024-01-23,False,23.97,10.0
2664,2024-01-19 16:48:00,2024-01-19 16:54:00,194,4,1,3.96,122.15,15.05,137.2,Card,2,6.0,16,Friday,January,2024-01-19,False,30.85,12.32
2665,2024-01-13 17:22:00,2024-01-13 18:07:00,223,121,3,12.67,287.59,53.44,341.03,Cash,2,45.0,17,Saturday,January,2024-01-13,False,22.7,18.58
2666,2024-01-16 12:40:00,2024-01-16 14:07:00,107,63,1,16.01,348.05,44.6,392.65,Card,1,87.0,12,Tuesday,January,2024-01-16,False,21.74,12.81
2667,2024-01-21 04:15:00,2024-01-21 05:41:00,149,92,4,20.86,427.59,84.07,511.66,Card,2,86.0,4,Sunday,January,2024-01-21,False,20.5,19.66
2668,2024-01-30 18:51:00,2024-01-30 19:11:00,135,247,1,17.29,360.72,71.27,431.99,Card,2,20.0,18,Tuesday,January,2024-01-30,False,20.86,19.76
2669,2024-01-12 08:56:00,2024-01-12 09:04:00,95,219,1,2.56,114.09,15.95,130.04,Card,2,8.0,8,Friday,January,2024-01-12,False,44.57,13.98
2670,2024-01-05 13:48:00,2024-01-05 14:04:00,126,231,1,8.38,214.54,38.97,253.51,Card,1,16.0,13,Friday,January,2024-01-05,False,25.6,18.16
2671,2024-01-18 08:40:00,2024-01-18 09:13:00,12,188,1,7.91,185.81,37.14,222.95,Card,2,33.0,8,Thursday,January,2024-01-18,False,23.49,19.99
2672,2024-01-05 09:04:00,2024-01-05 09:15:00,4,168,1,22.96,456.88,81.08,537.96,Cash,1,11.0,9,Friday,January,2024-01-05,False,19.9,17.75
2673,2024-01-06 02:25:00,2024-01-06 02:43:00,168,105,1,21.83,460.62,68.42,529.04,Card,2,18.0,2,Saturday,January,2024-01-06,False,21.1,14.85
2674,2024-01-21 08:20:00,2024-01-21 08:36:00,8,224,2,9.88,220.28,38.94,259.22,Card,2,16.0,8,Sunday,January,2024-01-21,False,22.3,17.68
2675,2024-01-17 20:19:00,2024-01-17 20:28:00,124,115,1,2.71,109.43,6.83,116.26,Card,2,9.0,20,Wednesday,January,2024-01-17,False,40.38,6.24
2676,2024-01-18 16:30:00,2024-01-18 17:55:00,185,235,1,22.46,451.08,65.51,516.59,Card,1,85.0,16,Thursday,January,2024-01-18,False,20.08,14.52
2677,2024-01-16 23:37:00,2024-01-17 00:13:00,35,230,1,22.32,442.82,36.52,479.34,Card,1,36.0,23,Tuesday,January,2024-01-16,False,19.84,8.25
2678,2024-01-11 15:52:00,2024-01-11 17:10:00,73,217,2,21.51,428.97,28.92,457.89,Card,2,78.0,15,Thursday,January,2024-01-11,False,19.94,6.74
2679,2024-01-24 04:05:00,2024-01-24 04:52:00,13,34,1,21.28,434.25,79.87,514.12,Card,2,47.0,4,Wednesday,January,2024-01-24,False,20.41,18.39
2680,2024-01-14 12:06:00,2024-01-14 13:31:00,39,197,2,12.53,267.87,39.09,306.96,Card,1,85.0,12,Sunday,January,2024-01-14,False,21.38,14.59
2681,2024-01-02 14:56:00,2024-01-02 16:09:00,84,214,1,5.26,152.58,13.2,165.78,Card,2,73.0,14,Tuesday,January,2024-01-02,False,29.01,8.65
2682,2024-01-07 20:39:00,2024-01-07 21:28:00,21,46,1,12.46,283.7,30.64,314.34,Card,1,49.0,20,Sunday,January,2024-01-07,False,22.77,10.8
2683,2024-01-23 10:36:00,2024-01-23 10:49:00,253,240,1,12.87,282.86,55.44,338.3,Card,1,13.0,10,Tuesday,January,2024-01-23,False,21.98,19.6
2684,2024-01-24 03:40:00,2024-01-24 04:33:00,258,254,4,12.76,291.97,52.36,344.33,Cash,2,53.0,3,Wednesday,January,2024-01-24,False,22.88,17.93
2685,2024-01-06 05:21:00,2024-01-06 05:58:00,30,228,1,13.93,305.44,15.99,321.43,Card,2,37.0,5,Saturday,January,2024-01-06,False,21.93,5.24
2686,2024-01-05 06:51:00,2024-01-05 07:13:00,128,221,1,7.18,182.15,35.88,218.03,Card,1,22.0,6,Friday,January,2024-01-05,False,25.37,19.7
2687,2024-01-17 07:21:00,2024-01-17 07:34:00,40,166,2,9.79,228.43,24.05,252.48,Card,2,13.0,7,Wednesday,January,2024-01-17,False,23.33,10.53
2688,2024-01-13 19:54:00,2024-01-13 21:00:00,97,73,1,11.42,258.49,39.89,298.38,Cash,2,66.0,19,Saturday,January,2024-01-13,False,22.63,15.43
2689,2024-01-15 14:08:00,2024-01-15 15:09:00,224,225,2,4.15,143.74,22.55,166.29,Card,2,61.0,14,Monday,January,2024-01-15,False,34.64,15.69
2690,2024-01-02 03:13:00,2024-01-02 03:46:00,92,86,6,11.93,275.18,51.39,326.57,Card,1,33.0,3,Tuesday,January,2024-01-02,False,23.07,18.68
2691,2024-01-09 16:05:00,2024-01-09 17:27:00,170,81,6,20.45,417.56,76.31,493.87,Card,1,82.0,16,Tuesday,January,2024-01-09,False,20.42,18.28
2692,2024-01-03 12:48:00,2024-01-03 13:17:00,222,215,1,20.87,437.68,40.38,478.06,Card,1,29.0,12,Wednesday,January,2024-01-03,False,20.97,9.23
2693,2024-01-10 03:00:00,2024-01-10 03:19:00,117,164,1,10.88,245.75,36.01,281.76,Card,1,19.0,3,Wednesday,January,2024-01-10,False,22.59,14.65
2694,2024-01-13 10:41:00,2024-01-13 10:51:00,248,240,4,13.45,285.87,31.18,317.05,Card,1,10.0,10,Saturday,January,2024-01-13,False,21.25,10.91
2695,2024-01-10 23:17:00,2024-01-11 00:03:00,89,69,1,1.81,86.84,11.19,98.03,Card,1,46.0,23,Wednesday,January,2024-01-10,False,47.98,12.89
2696,2024-01-03 04:17:00,2024-01-03 04:50:00,78,137,1,17.19,371.95,49.54,421.49,Cash,1,33.0,4,Wednesday,January,2024-01-03,False,21.64,13.32
2697,2024-01-01 01:37:00,2024-01-01 03:00:00,74,152,1,10.71,244.11,26.72,270.83,Cash,1,83.0,1,Monday,January,2024-01-01,False,22.79,10.95
2698,2024-01-08 22:07:00,2024-01-08 22:15:00,14,97,1,11.69,276.5,33.07,309.57,Card,1,8.0,22,Monday,January,2024-01-08,False,23.65,11.96
2699,2024-01-22 05:35:00,2024-01-22 07:01:00,45,158,6,21.97,447.07,36.33,483.4,Card,1,86.0,5,Monday,January,2024-01-22,False,20.35,8.13
2700,2024-01-09 20:02:00,2024-01-09 21:03:00,38,186,2,12.08,267.94,37.82,305.76,Cash,2,61.0,20,Tuesday,January,2024-01-09,False,22.18,14.12
2701,2024-01-09 23:24:00,2024-01-10 00:17:00,245,168,1,1.51,97.13,15.91,113.04,Cash,1,53.0,23,Tuesday,January,2024-01-09,False,64.32,16.38
2702,2024-01-03 14:30:00,2024-01-03 15:18:00,62,244,3,6.46,170.75,19.54,190.29,Cash,1,48.0,14,Wednesday,January,2024-01-03,False,26.43,11.44
2703,2024-01-20 06:13:00,2024-01-20 07:37:00,96,119,1,12.41,287.54,56.55,344.09,Card,2,84.0,6,Saturday,January,2024-01-20,False,23.17,19.67
2704,2024-01-06 22:15:00,2024-01-06 23:34:00,252,196,3,11.19,265.57,15.56,281.13,Card,1,79.0,22,Saturday,January,2024-01-06,False,23.73,5.86
2705,2024-01-18 00:07:00,2024-01-18 00:25:00,61,65,1,21.65,457.49,63.3,520.79,Card,1,18.0,0,Thursday,January,2024-01-18,False,21.13,13.84
2706,2024-01-22 06:51:00,2024-01-22 06:58:00,119,162,1,14.01,294.73,40.54,335.27,Cash,2,7.0,6,Monday,January,2024-01-22,False,21.04,13.75
2707,2024-01-04 05:46:00,2024-01-04 06:52:00,87,85,1,17.55,364.04,20.18,384.22,Card,1,66.0,5,Thursday,January,2024-01-04,False,20.74,5.54
2708,2024-01-12 19:14:00,2024-01-12 20:22:00,83,59,1,12.26,283.71,23.74,307.45,Card,2,68.0,19,Friday,January,2024-01-12,False,23.14,8.37
2709,2024-01-02 04:47:00,2024-01-02 05:36:00,80,150,1,11.55,264.78,49.2,313.98,Card,1,49.0,4,Tuesday,January,2024-01-02,False,22.92,18.58
2710,2024-01-25 01:02:00,2024-01-25 02:28:00,228,121,1,11.71,267.57,35.23,302.8,Card,1,86.0,1,Thursday,January,2024-01-25,False,22.85,13.17
2711,2024-01-08 12:00:00,2024-01-08 13:02:00,111,255,6,10.86,240.47,27.76,268.23,Cash,2,62.0,12,Monday,January,2024-01-08,False,22.14,11.54
2712,2024-01-27 06:23:00,2024-01-27 06:47:00,71,224,4,13.93,299.17,33.6,332.77,Card,1,24.0,6,Saturday,January,2024-01-27,False,21.48,11.23
2713,2024-01-30 21:19:00,2024-01-30 22:21:00,25,55,2,7.01,181.82,33.31,215.13,Card,2,62.0,21,Tuesday,January,2024-01-30,False,25.94,18.32
2714,2024-01-13 23:48:00,2024-01-14 00:49:00,202,136,3,22.39,451.34,47.42,498.76,Cash,1,61.0,23,Saturday,January,2024-01-13,False,20.16,10.51
2715,2024-01-09 21:39:00,2024-01-09 23:00:00,225,190,4,8.99,208.13,37.23,245.36,Card,2,81.0,21,Tuesday,January,2024-01-09,False,23.15,17.89
2716,2024-01-07 12:09:00,2024-01-07 13:21:00,117,253,2,4.54,124.35,11.98,136.33,Cash,2,72.0,12,Sunday,January,2024-01-07,False,27.39,9.63
2717,2024-01-07 10:43:00,2024-01-07 12:05:00,67,84,1,3.32,104.43,13.55,117.98,Card,1,82.0,10,Sunday,January,2024-01-07,False,31.45,12.98
2718,2024-01-22 05:33:00,2024-01-22 06:29:00,47,177,3,1.32,86.83,6.21,93.04,Card,1,56.0,5,Monday,January,2024-01-22,False,65.78,7.15
2719,2024-01-10 03:31:00,2024-01-10 04:12:00,241,94,2,11.15,262.26,45.57,307.83,Card,1,41.0,3,Wednesday,January,2024-01-10,False,23.52,17.38
2720,2024-01-22 11:33:00,2024-01-22 11:45:00,178,35,1,5.5,140.38,22.52,162.9,Card,2,12.0,11,Monday,January,2024-01-22,False,25.52,16.04
2721,2024-01-05 00:14:00,2024-01-05 01:02:00,8,212,1,1.52,73.46,9.51,82.97,Card,2,48.0,0,Friday,January,2024-01-05,False,48.33,12.95
2722,2024-01-05 12:39:00,2024-01-05 12:48:00,183,126,1,13.48,299.45,16.14,315.59,Cash,1,9.0,12,Friday,January,2024-01-05,False,22.21,5.39
2723,2024-01-08 15:03:00,2024-01-08 16:16:00,77,230,4,17.32,361.44,44.16,405.6,Card,2,73.0,15,Monday,January,2024-01-08,False,20.87,12.22
2724,2024-01-22 11:32:00,2024-01-22 12:07:00,67,168,2,3.06,119.78,10.04,129.82,Card,2,35.0,11,Monday,January,2024-01-22,False,39.14,8.38
2725,2024-01-22 09:18:00,2024-01-22 10:07:00,148,14,3,12.06,280.63,31.43,312.06,Cash,2,49.0,9,Monday,January,2024-01-22,False,23.27,11.2
2726,2024-01-13 14:13:00,2024-01-13 14:26:00,173,74,2,18.85,406.05,72.47,478.52,Card,2,13.0,14,Saturday,January,2024-01-13,False,21.54,17.85
2727,2024-01-11 08:59:00,2024-01-11 09:35:00,35,52,1,24.66,500.77,82.85,583.62,Card,2,36.0,8,Thursday,January,2024-01-11,False,20.31,16.54
2728,2024-01-01 13:01:00,2024-01-01 13:38:00,77,207,2,17.01,356.74,30.78,387.52,Card,1,37.0,13,Monday,January,2024-01-01,False,20.97,8.63
2729,2024-01-20 04:24:00,2024-01-20 05:35:00,185,43,1,6.88,182.02,35.99,218.01,Card,1,71.0,4,Saturday,January,2024-01-20,False,26.46,19.77
2730,2024-01-05 17:43:00,2024-01-05 18:17:00,55,3,1,18.2,370.27,68.68,438.95,Card,2,34.0,17,Friday,January,2024-01-05,False,20.34,18.55
2731,2024-01-13 20:09:00,2024-01-13 21:29:00,94,95,3,15.35,316.59,40.94,357.53,Cash,1,80.0,20,Saturday,January,2024-01-13,False,20.62,12.93
2732,2024-01-28 18:01:00,2024-01-28 18:34:00,144,238,2,6.08,149.95,19.42,169.37,Card,2,33.0,18,Sunday,January,2024-01-28,False,24.66,12.95
2733,2024-01-21 05:18:00,2024-01-21 05:25:00,247,167,3,21.43,437.97,81.11,519.08,Card,2,7.0,5,Sunday,January,2024-01-21,False,20.44,18.52
2734,2024-01-25 05:21:00,2024-01-25 06:22:00,200,19,1,11.26,249.52,36.29,285.81,Card,1,61.0,5,Thursday,January,2024-01-25,False,22.16,14.54
2735,2024-01-12 07:20:00,2024-01-12 07:54:00,236,207,2,24.09,478.34,62.42,540.76,Card,2,34.0,7,Friday,January,2024-01-12,False,19.86,13.05
2736,2024-01-16 11:03:00,2024-01-16 11:16:00,220,230,1,18.35,388.76,63.12,451.88,Card,1,13.0,11,Tuesday,January,2024-01-16,False,21.19,16.24
2737,2024-01-10 10:05:00,2024-01-10 10:35:00,216,214,1,16.47,366.31,31.23,397.54,Card,1,30.0,10,Wednesday,January,2024-01-10,False,22.24,8.53
2738,2024-01-15 03:14:00,2024-01-15 03:20:00,49,56,1,18.48,377.97,68.7,446.67,Cash,1,6.0,3,Monday,January,2024-01-15,False,20.45,18.18
2739,2024-01-30 19:51:00,2024-01-30 20:57:00,118,132,2,12.47,280.85,36.43,317.28,Card,1,66.0,19,Tuesday,January,2024-01-30,False,22.52,12.97
2740,2024-01-18 19:23:00,2024-01-18 19:30:00,82,9,1,13.13,279.93,39.34,319.27,Card,2,7.0,19,Thursday,January,2024-01-18,False,21.32,14.05
2741,2024-01-17 10:08:00,2024-01-17 10:58:00,263,231,1,21.43,453.77,28.81,482.58,Cash,2,50.0,10,Wednesday,January,2024-01-17,False,21.17,6.35
2742,2024-01-30 03:31:00,2024-01-30 04:43:00,77,153,2,17.34,360.87,34.8,395.67,Card,2,72.0,3,Tuesday,January,2024-01-30,False,20.81,9.64
2743,2024-01-13 22:58:00,2024-01-13 23:27:00,211,190,2,22.53,471.89,53.8,525.69,Card,2,29.0,22,Saturday,January,2024-01-13,False,20.94,11.4
2744,2024-01-15 18:13:00,2024-01-15 19:08:00,122,16,1,22.38,451.33,50.59,501.92,Cash,2,55.0,18,Monday,January,2024-01-15,False,20.17,11.21
2745,2024-01-19 07:50:00,2024-01-19 08:07:00,90,203,1,24.44,504.1,84.05,588.15,Card,1,17.0,7,Friday,January,2024-01-19,False,20.63,16.67
2746,2024-01-17 01:28:00,2024-01-17 02:16:00,258,174,4,17.81,366.86,33.88,400.74,Card,2,48.0,1,Wednesday,January,2024-01-17,False,20.6,9.24
2747,2024-01-10 08:49:00,2024-01-10 09:28:00,161,168,4,13.06,283.86,21.95,305.81,Card,1,39.0,8,Wednesday,January,2024-01-10,False,21.74,7.73
2748,2024-01-27 14:34:00,2024-01-27 15:33:00,176,34,1,4.99,135.59,18.63,154.22,Cash,2,59.0,14,Saturday,January,2024-01-27,False,27.17,13.74
2749,2024-01-23 16:18:00,2024-01-23 16:31:00,89,229,1,17.93,370.67,52.73,423.4,Card,2,13.0,16,Tuesday,January,2024-01-23,False,20.67,14.23
2750,2024-01-05 18:12:00,2024-01-05 18:18:00,127,1,2,8.0,209.05,14.27,223.32,Cash,1,6.0,18,Friday,January,2024-01-05,False,26.13,6.83
2751,2024-01-21 10:50:00,2024-01-21 11:55:00,260,115,1,7.79,199.39,10.04,209.43,Card,2,65.0,10,Sunday,January,2024-01-21,False,25.6,5.04
2752,2024-01-02 18:31:00,2024-01-02 19:16:00,244,214,1,6.72,173.14,32.49,205.63,Cash,2,45.0,18,Tuesday,January,2024-01-02,False,25.76,18.77
2753,2024-01-05 10:51:00,2024-01-05 11:39:00,111,254,1,22.0,465.15,28.81,493.96,Card,1,48.0,10,Friday,January,2024-01-05,False,21.14,6.19
2754,2024-01-24 02:03:00,2024-01-24 03:11:00,24,145,1,21.83,446.89,82.53,529.42,Card,1,68.0,2,Wednesday,January,2024-01-24,False,20.47,18.47
2755,2024-01-16 03:20:00,2024-01-16 03:55:00,50,47,2,16.14,359.61,39.51,399.12,Card,2,35.0,3,Tuesday,January,2024-01-16,False,22.28,10.99
2756,2024-01-08 05:23:00,2024-01-08 06:14:00,37,178,1,12.35,268.2,39.68,307.88,Card,2,51.0,5,Monday,January,2024-01-08,False,21.72,14.79
2757,2024-01-06 00:39:00,2024-01-06 00:45:00,181,213,1,17.13,375.48,29.23,404.71,Card,1,6.0,0,Saturday,January,2024-01-06,False,21.92,7.78
2758,2024-01-05 15:50:00,2024-01-05 17:16:00,253,245,3,15.57,320.67,55.66,376.33,Card,2,86.0,15,Friday,January,2024-01-05,False,20.6,17.36
2759,2024-01-15 20:24:00,2024-01-15 21:45:00,25,253,3,10.98,254.0,19.57,273.57,Cash,1,81.0,20,Monday,January,2024-01-15,False,23.13,7.7
2760,2024-01-15 14:38:00,2024-01-15 15:51:00,125,206,3,10.11,234.67,25.34,260.01,Card,1,73.0,14,Monday,January,2024-01-15,False,23.21,10.8
2761,2024-01-29 08:46:00,2024-01-29 09:48:00,31,72,1,10.19,239.17,20.5,259.67,Cash,2,62.0,8,Monday,January,2024-01-29,False,23.47,8.57
2762,2024-01-16 14:07:00,2024-01-16 14:55:00,237,222,1,15.14,329.12,57.8,386.92,Card,1,48.0,14,Tuesday,January,2024-01-16,False,21.74,17.56
2763,2024-01-02 14:05:00,2024-01-02 15:23:00,227,215,1,16.54,349.39,62.45,411.84,Card,2,78.0,14,Tuesday,January,2024-01-02,False,21.12,17.87
2764,2024-01-27 09:11:00,2024-01-27 10:11:00,38,141,1,11.84,283.07,29.95,313.02,Cash,2,60.0,9,Saturday,January,2024-01-27,False,23.91,10.58
2765,2024-01-10 09:21:00,2024-01-10 10:08:00,58,156,1,24.25,505.8,48.61,554.41,Cash,1,47.0,9,Wednesday,January,2024-01-10,False,20.86,9.61
2766,2024-01-05 20:11:00,2024-01-05 20:49:00,236,222,3,3.01,123.03,20.43,143.46,Card,2,38.0,20,Friday,January,2024-01-05,False,40.87,16.61
2767,2024-01-21 05:39:00,2024-01-21 06:13:00,181,231,6,9.33,237.31,43.14,280.45,Card,2,34.0,5,Sunday,January,2024-01-21,False,25.44,18.18
2768,2024-01-14 19:49:00,2024-01-14 21:04:00,114,142,3,11.06,262.87,37.75,300.62,Card,2,75.0,19,Sunday,January,2024-01-14,False,23.77,14.36
2769,2024-01-09 00:11:00,2024-01-09 01:25:00,132,75,2,1.41,95.04,17.97,113.01,Card,1,74.0,0,Tuesday,January,2024-01-09,False,67.4,18.91
2770,2024-01-11 05:21:00,2024-01-11 06:20:00,180,40,2,9.76,242.45,26.05,268.5,Card,1,59.0,5,Thursday,January,2024-01-11,False,24.84,10.74
2771,2024-01-14 08:06:00,2024-01-14 09:17:00,78,70,2,7.57,188.74,13.74,202.48,Card,2,71.0,8,Sunday,January,2024-01-14,False,24.93,7.28
2772,2024-01-27 04:31:00,2024-01-27 04:48:00,220,111,4,13.14,300.06,23.09,323.15,Card,2,17.0,4,Saturday,January,2024-01-27,False,22.84,7.7
2773,2024-01-05 12:50:00,2024-01-05 12:57:00,142,234,2,9.07,230.62,34.7,265.32,Card,1,7.0,12,Friday,January,2024-01-05,False,25.43,15.05
2774,2024-01-08 17:16:00,2024-01-08 17:46:00,43,197,1,18.43,393.12,43.69,436.81,Card,1,30.0,17,Monday,January,2024-01-08,False,21.33,11.11
2775,2024-01-01 04:18:00,2024-01-01 05:19:00,118,199,1,13.24,291.0,21.37,312.37,Card,2,61.0,4,Monday,January,2024-01-01,False,21.98,7.34
2776,2024-01-01 04:42:00,2024-01-01 05:10:00,59,24,2,4.11,115.95,10.88,126.83,Cash,2,28.0,4,Monday,January,2024-01-01,False,28.21,9.38
2777,2024-01-10 16:17:00,2024-01-10 17:14:00,61,147,1,19.0,406.29,52.65,458.94,Card,2,57.0,16,Wednesday,January,2024-01-10,False,21.38,12.96
2778,2024-01-02 07:38:00,2024-01-02 08:52:00,41,62,4,3.38,129.42,8.83,138.25,Card,1,74.0,7,Tuesday,January,2024-01-02,False,38.29,6.82
2779,2024-01-03 20:55:00,2024-01-03 21:42:00,188,67,2,21.14,431.39,21.79,453.18,Cash,1,47.0,20,Wednesday,January,2024-01-03,False,20.41,5.05
2780,2024-01-05 14:29:00,2024-01-05 15:33:00,187,30,2,23.35,464.86,87.21,552.07,Card,1,64.0,14,Friday,January,2024-01-05,False,19.91,18.76
2781,2024-01-14 14:24:00,2024-01-14 15:26:00,228,107,1,8.74,207.12,19.83,226.95,Card,2,62.0,14,Sunday,January,2024-01-14,False,23.7,9.57
2782,2024-01-17 08:31:00,2024-01-17 09:24:00,164,166,1,23.23,475.62,39.58,515.2,Card,1,53.0,8,Wednesday,January,2024-01-17,False,20.47,8.32
2783,2024-01-24 04:20:00,2024-01-24 05:06:00,102,121,1,20.03,410.05,63.46,473.51,Card,2,46.0,4,Wednesday,January,2024-01-24,False,20.47,15.48
2784,2024-01-12 20:31:00,2024-01-12 21:51:00,124,11,2,23.14,474.84,84.53,559.37,Card,1,80.0,20,Friday,January,2024-01-12,False,20.52,17.8
2785,2024-01-14 22:34:00,2024-01-14 23:44:00,153,72,1,16.99,374.83,54.29,429.12,Cash,1,70.0,22,Sunday,January,2024-01-14,False,22.06,14.48
2786,2024-01-18 11:48:00,2024-01-18 12:03:00,179,253,5,6.66,180.0,15.87,195.87,Cash,2,15.0,11,Thursday,January,2024-01-18,False,27.03,8.82
2787,2024-01-02 14:27:00,2024-01-02 14:49:00,66,119,2,22.47,455.34,81.62,536.96,Card,1,22.0,14,Tuesday,January,2024-01-02,False,20.26,17.93
2788,2024-01-28 17:01:00,2024-01-28 18:30:00,99,8,2,5.42,165.63,20.96,186.59,Card,2,89.0,17,Sunday,January,2024-01-28,False,30.56,12.65
2789,2024-01-08 18:45:00,2024-01-08 19:41:00,24,215,4,6.11,166.95,17.89,184.84,Card,1,56.0,18,Monday,January,2024-01-08,False,27.32,10.72
2790,2024-01-05 02:26:00,2024-01-05 03:16:00,249,221,6,7.51,179.03,25.19,204.22,Card,1,50.0,2,Friday,January,2024-01-05,False,23.84,14.07
2791,2024-01-02 19:11:00,2024-01-02 19:59:00,165,80,1,8.3,204.37,31.7,236.07,Cash,1,48.0,19,Tuesday,January,2024-01-02,False,24.62,15.51
2792,2024-01-11 12:29:00,2024-01-11 12:55:00,94,72,3,13.35,299.91,41.71,341.62,Card,2,26.0,12,Thursday,January,2024-01-11,False,22.47,13.91
2793,2024-01-28 17:51:00,2024-01-28 18:48:00,124,200,1,18.12,391.31,73.58,464.89,Card,1,57.0,17,Sunday,January,2024-01-28,False,21.6,18.8
2794,2024-01-18 11:10:00,2024-01-18 12:13:00,156,173,1,23.23,486.23,70.12,556.35,Card,1,63.0,11,Thursday,January,2024-01-18,False,20.93,14.42
2795,2024-01-23 02:52:00,2024-01-23 03:26:00,249,234,1,3.12,105.68,19.21,124.89,Card,2,34.0,2,Tuesday,January,2024-01-23,False,33.87,18.18
2796,2024-01-30 18:30:00,2024-01-30 18:42:00,58,261,2,23.9,474.87,65.55,540.42,Cash,1,12.0,18,Tuesday,January,2024-01-30,False,19.87,13.8
2797,2024-01-01 21:23:00,2024-01-01 22:24:00,195,145,1,23.11,458.19,45.57,503.76,Card,1,61.0,21,Monday,January,2024-01-01,False,19.83,9.95
2798,2024-01-24 09:31:00,2024-01-24 10:48:00,201,22,2,2.3,103.55,13.45,117.0,Card,2,77.0,9,Wednesday,January,2024-01-24,False,45.02,12.99
2799,2024-01-01 18:45:00,2024-01-01 19:09:00,72,78,2,9.65,237.55,14.95,252.5,Card,1,24.0,18,Monday,January,2024-01-01,False,24.62,6.29
2800,2024-01-02 01:29:00,2024-01-02 01:58:00,247,230,2,20.52,421.64,35.64,457.28,Card,1,29.0,1,Tuesday,January,2024-01-02,False,20.55,8.45
2801,2024-01-19 04:10:00,2024-01-19 04:33:00,98,160,1,15.68,334.12,55.11,389.23,Card,2,23.0,4,Friday,January,2024-01-19,False,21.31,16.49
2802,2024-01-06 20:38:00,2024-01-06 20:47:00,81,14,3,19.7,423.23,63.15,486.38,Cash,1,9.0,20,Saturday,January,2024-01-06,False,21.48,14.92
2803,2024-01-14 22:55:00,2024-01-15 00:14:00,65,236,2,18.26,396.18,29.7,425.88,Card,1,79.0,22,Sunday,January,2024-01-14,False,21.7,7.5
2804,2024-01-12 05:14:00,2024-01-12 06:37:00,5,148,1,12.92,279.56,32.35,311.91,Card,2,83.0,5,Friday,January,2024-01-12,False,21.64,11.57
2805,2024-01-06 13:24:00,2024-01-06 14:40:00,81,150,6,1.99,99.24,7.08,106.32,Cash,1,76.0,13,Saturday,January,2024-01-06,False,49.87,7.13
2806,2024-01-07 18:32:00,2024-01-07 19:59:00,87,30,1,15.02,329.04,58.69,387.73,Card,1,87.0,18,Sunday,January,2024-01-07,False,21.91,17.84
2807,2024-01-19 14:59:00,2024-01-19 15:30:00,197,161,1,2.17,83.69,5.55,89.24,Card,1,31.0,14,Friday,January,2024-01-19,False,38.57,6.63
2808,2024-01-26 10:32:00,2024-01-26 11:16:00,252,261,2,15.49,329.52,48.81,378.33,Card,2,44.0,10,Friday,January,2024-01-26,False,21.27,14.81
2809,2024-01-19 09:55:00,2024-01-19 10:25:00,83,18,1,20.21,409.1,57.7,466.8,Card,2,30.0,9,Friday,January,2024-01-19,False,20.24,14.1
2810,2024-01-17 19:37:00,2024-01-17 20:08:00,27,63,1,15.04,319.57,38.64,358.21,Card,2,31.0,19,Wednesday,January,2024-01-17,False,21.25,12.09
2811,2024-01-17 02:12:00,2024-01-17 03:18:00,182,135,3,24.93,507.2,46.53,553.73,Card,2,66.0,2,Wednesday,January,2024-01-17,False,20.34,9.17
2812,2024-01-23 21:54:00,2024-01-23 23:21:00,135,157,1,11.94,266.18,29.44,295.62,Card,1,87.0,21,Tuesday,January,2024-01-23,False,22.29,11.06
2813,2024-01-11 10:36:00,2024-01-11 11:30:00,90,57,1,18.97,393.28,67.23,460.51,Card,1,54.0,10,Thursday,January,2024-01-11,False,20.73,17.09
2814,2024-01-09 03:39:00,2024-01-09 04:25:00,206,254,2,17.01,362.37,59.51,421.88,Card,2,46.0,3,Tuesday,January,2024-01-09,False,21.3,16.42
2815,2024-01-23 09:00:00,2024-01-23 09:33:00,27,187,2,24.79,488.84,78.62,567.46,Card,2,33.0,9,Tuesday,January,2024-01-23,False,19.72,16.08
2816,2024-01-07 15:47:00,2024-01-07 16:30:00,59,199,2,18.12,388.32,63.09,451.41,Card,2,43.0,15,Sunday,January,2024-01-07,False,21.43,16.25
2817,2024-01-21 22:09:00,2024-01-21 23:13:00,72,171,3,4.94,140.97,10.09,151.06,Cash,1,64.0,22,Sunday,January,2024-01-21,False,28.54,7.16
2818,2024-01-01 10:45:00,2024-01-01 11:30:00,227,6,1,23.93,485.15,31.47,516.62,Cash,1,45.0,10,Monday,January,2024-01-01,False,20.27,6.49
2819,2024-01-22 11:30:00,2024-01-22 12:07:00,91,256,2,17.03,375.77,67.35,443.12,Card,1,37.0,11,Monday,January,2024-01-22,False,22.07,17.92
2820,2024-01-12 07:39:00,2024-01-12 09:06:00,68,248,2,2.42,93.89,16.48,110.37,Cash,1,87.0,7,Friday,January,2024-01-12,False,38.8,17.55
2821,2024-01-21 21:30:00,2024-01-21 22:57:00,260,219,1,16.78,361.49,55.02,416.51,Card,2,87.0,21,Sunday,January,2024-01-21,False,21.54,15.22
2822,2024-01-16 05:53:00,2024-01-16 06:13:00,146,4,5,22.19,451.2,63.57,514.77,Cash,1,20.0,5,Tuesday,January,2024-01-16,False,20.33,14.09
2823,2024-01-19 09:15:00,2024-01-19 09:42:00,63,1,3,14.85,334.13,35.09,369.22,Card,1,27.0,9,Friday,January,2024-01-19,False,22.5,10.5
2824,2024-01-14 02:48:00,2024-01-14 02:59:00,180,31,1,9.5,236.4,19.77,256.17,Card,2,11.0,2,Sunday,January,2024-01-14,False,24.88,8.36
2825,2024-01-12 04:07:00,2024-01-12 04:37:00,111,117,2,20.7,419.85,63.04,482.89,Cash,2,30.0,4,Friday,January,2024-01-12,False,20.28,15.01
2826,2024-01-07 11:46:00,2024-01-07 12:02:00,191,197,2,19.78,416.79,77.92,494.71,Cash,1,16.0,11,Sunday,January,2024-01-07,False,21.07,18.7
2827,2024-01-01 09:47:00,2024-01-01 11:03:00,246,177,1,14.06,295.04,34.09,329.13,Card,1,76.0,9,Monday,January,2024-01-01,False,20.98,11.55
2828,2024-01-09 20:43:00,2024-01-09 20:52:00,123,236,3,4.7,153.5,14.66,168.16,Cash,1,9.0,20,Tuesday,January,2024-01-09,False,32.66,9.55
2829,2024-01-30 03:05:00,2024-01-30 04:18:00,57,79,2,7.02,176.83,16.02,192.85,Card,2,73.0,3,Tuesday,January,2024-01-30,False,25.19,9.06
2830,2024-01-03 19:59:00,2024-01-03 20:52:00,160,243,2,18.72,401.92,21.53,423.45,Card,2,53.0,19,Wednesday,January,2024-01-03,False,21.47,5.36
2831,2024-01-26 01:56:00,2024-01-26 02:26:00,127,205,1,20.35,415.85,53.25,469.1,Card,2,30.0,1,Friday,January,2024-01-26,False,20.43,12.81
2832,2024-01-15 00:55:00,2024-01-15 01:04:00,225,211,1,7.7,197.58,39.17,236.75,Card,2,9.0,0,Monday,January,2024-01-15,False,25.66,19.82
2833,2024-01-18 22:17:00,2024-01-18 22:43:00,95,91,1,9.83,246.45,42.46,288.91,Cash,2,26.0,22,Thursday,January,2024-01-18,False,25.07,17.23
2834,2024-01-18 04:45:00,2024-01-18 06:08:00,6,166,2,2.86,117.78,21.74,139.52,Cash,1,83.0,4,Thursday,January,2024-01-18,False,41.18,18.46
2835,2024-01-21 21:52:00,2024-01-21 22:09:00,234,161,2,18.12,370.97,53.11,424.08,Card,1,17.0,21,Sunday,January,2024-01-21,False,20.47,14.32
2836,2024-01-18 17:56:00,2024-01-18 18:28:00,16,6,1,1.09,76.04,9.29,85.33,Card,1,32.0,17,Thursday,January,2024-01-18,False,69.76,12.22
2837,2024-01-13 13:39:00,2024-01-13 14:16:00,140,141,1,2.12,88.62,17.6,106.22,Card,1,37.0,13,Saturday,January,2024-01-13,False,41.8,19.86
2838,2024-01-05 11:30:00,2024-01-05 11:57:00,195,205,1,1.1,72.83,8.53,81.36,Card,1,27.0,11,Friday,January,2024-01-05,False,66.21,11.71
2839,2024-01-10 04:30:00,2024-01-10 04:52:00,186,20,2,16.49,346.88,65.05,411.93,Card,1,22.0,4,Wednesday,January,2024-01-10,False,21.04,18.75
2840,2024-01-21 03:29:00,2024-01-21 04:03:00,125,100,2,11.02,248.44,40.81,289.25,Card,1,34.0,3,Sunday,January,2024-01-21,False,22.54,16.43
2841,2024-01-04 18:33:00,2024-01-04 19:03:00,17,165,1,8.14,202.8,20.21,223.01,Card,2,30.0,18,Thursday,January,2024-01-04,False,24.91,9.97
2842,2024-01-24 12:26:00,2024-01-24 12:46:00,26,45,1,22.9,457.96,57.46,515.42,Cash,1,20.0,12,Wednesday,January,2024-01-24,False,20.0,12.55
2843,2024-01-28 16:24:00,2024-01-28 17:45:00,213,227,1,5.63,157.46,16.95,174.41,Card,2,81.0,16,Sunday,January,2024-01-28,False,27.97,10.76
2844,2024-01-13 23:50:00,2024-01-14 00:33:00,1,52,1,10.34,234.49,16.52,251.01,Card,1,43.0,23,Saturday,January,2024-01-13,False,22.68,7.05
2845,2024-01-08 22:39:00,2024-01-08 23:16:00,38,146,2,23.57,472.93,48.96,521.89,Cash,1,37.0,22,Monday,January,2024-01-08,False,20.06,10.35
2846,2024-01-30 01:35:00,2024-01-30 02:05:00,233,123,1,11.25,264.66,48.52,313.18,Card,2,30.0,1,Tuesday,January,2024-01-30,False,23.53,18.33
2847,2024-01-12 03:01:00,2024-01-12 03:53:00,260,207,1,14.31,298.47,48.62,347.09,Card,2,52.0,3,Friday,January,2024-01-12,False,20.86,16.29
2848,2024-01-05 10:56:00,2024-01-05 12:05:00,261,102,2,2.93,104.17,9.55,113.72,Card,1,69.0,10,Friday,January,2024-01-05,False,35.55,9.17
2849,2024-01-05 20:20:00,2024-01-05 21:02:00,238,129,5,19.96,411.51,43.29,454.8,Card,1,42.0,20,Friday,January,2024-01-05,False,20.62,10.52
2850,2024-01-13 12:58:00,2024-01-13 13:04:00,106,167,6,11.15,255.25,36.36,291.61,Cash,1,6.0,12,Saturday,January,2024-01-13,False,22.89,14.24
2851,2024-01-08 17:01:00,2024-01-08 17:11:00,247,202,5,20.21,423.85,47.65,471.5,Card,1,10.0,17,Monday,January,2024-01-08,False,20.97,11.24
2852,2024-01-29 06:38:00,2024-01-29 07:28:00,38,102,2,7.09,178.71,22.42,201.13,Cash,1,50.0,6,Monday,January,2024-01-29,False,25.21,12.55
2853,2024-01-23 15:22:00,2024-01-23 16:16:00,46,71,2,11.14,246.91,38.2,285.11,Card,2,54.0,15,Tuesday,January,2024-01-23,False,22.16,15.47
2854,2024-01-07 08:02:00,2024-01-07 08:44:00,210,8,2,19.88,424.39,50.96,475.35,Card,2,42.0,8,Sunday,January,2024-01-07,False,21.35,12.01
2855,2024-01-09 17:36:00,2024-01-09 17:58:00,93,162,3,24.37,508.09,39.96,548.05,Card,2,22.0,17,Tuesday,January,2024-01-09,False,20.85,7.86
2856,2024-01-20 02:36:00,2024-01-20 03:07:00,220,73,5,2.43,84.34,10.8,95.14,Cash,1,31.0,2,Saturday,January,2024-01-20,False,34.71,12.81
2857,2024-01-16 13:53:00,2024-01-16 14:38:00,256,27,1,20.5,425.39,43.99,469.38,Card,1,45.0,13,Tuesday,January,2024-01-16,False,20.75,10.34
2858,2024-01-01 18:09:00,2024-01-01 19:25:00,137,169,1,8.22,198.21,18.55,216.76,Card,2,76.0,18,Monday,January,2024-01-01,False,24.11,9.36
2859,2024-01-26 22:26:00,2024-01-26 23:44:00,231,263,1,14.22,304.27,30.19,334.46,Card,2,78.0,22,Friday,January,2024-01-26,False,21.4,9.92
2860,2024-01-07 08:07:00,2024-01-07 08:28:00,202,73,2,7.96,193.35,22.4,215.75,Card,1,21.0,8,Sunday,January,2024-01-07,False,24.29,11.59
2861,2024-01-08 06:47:00,2024-01-08 07:53:00,66,209,2,15.72,342.13,62.61,404.74,Card,1,66.0,6,Monday,January,2024-01-08,False,21.76,18.3
2862,2024-01-01 02:35:00,2024-01-01 03:08:00,38,99,3,9.49,216.54,34.67,251.21,Card,1,33.0,2,Monday,January,2024-01-01,False,22.82,16.01
2863,2024-01-02 08:38:00,2024-01-02 09:40:00,155,31,1,9.01,229.57,34.48,264.05,Cash,1,62.0,8,Tuesday,January,2024-01-02,False,25.48,15.02
2864,2024-01-08 10:13:00,2024-01-08 11:27:00,105,33,1,1.91,88.36,10.66,99.02,Cash,1,74.0,10,Monday,January,2024-01-08,False,46.26,12.06
2865,2024-01-28 03:52:00,2024-01-28 05:14:00,255,213,6,4.53,131.31,6.6,137.91,Card,2,82.0,3,Sunday,January,2024-01-28,False,28.99,5.03
2866,2024-01-27 18:27:00,2024-01-27 18:53:00,16,145,1,23.01,477.15,48.23,525.38,Card,2,26.0,18,Saturday,January,2024-01-27,False,20.74,10.11
2867,2024-01-20 23:55:00,2024-01-21 00:05:00,79,99,1,24.96,489.77,84.23,574.0,Card,1,10.0,23,Saturday,January,2024-01-20,False,19.62,17.2
2868,2024-01-15 21:27:00,2024-01-15 21:57:00,13,180,2,19.73,408.1,44.17,452.27,Card,1,30.0,21,Monday,January,2024-01-15,False,20.68,10.82
2869,2024-01-26 09:58:00,2024-01-26 10:41:00,102,135,1,7.88,192.5,25.91,218.41,Card,1,43.0,9,Friday,January,2024-01-26,False,24.43,13.46
2870,2024-01-30 00:54:00,2024-01-30 01:10:00,152,190,1,10.66,242.03,19.53,261.56,Card,1,16.0,0,Tuesday,January,2024-01-30,False,22.7,8.07
2871,2024-01-18 12:15:00,2024-01-18 12:33:00,178,30,1,18.75,387.61,72.63,460.24,Cash,1,18.0,12,Thursday,January,2024-01-18,False,20.67,18.74
2872,2024-01-07 19:14:00,2024-01-07 19:40:00,87,82,1,24.24,477.26,89.95,567.21,Card,1,26.0,19,Sunday,January,2024-01-07,False,19.69,18.85
2873,2024-01-24 01:29:00,2024-01-24 02:24:00,88,57,2,11.93,259.3,18.65,277.95,Card,1,55.0,1,Wednesday,January,2024-01-24,False,21.74,7.19
2874,2024-01-16 13:44:00,2024-01-16 14:11:00,29,174,1,20.91,420.64,66.72,487.36,Cash,1,27.0,13,Tuesday,January,2024-01-16,False,20.12,15.86
2875,2024-01-26 23:16:00,2024-01-27 00:08:00,100,208,1,24.4,508.86,31.19,540.05,Cash,2,52.0,23,Friday,January,2024-01-26,False,20.85,6.13
2876,2024-01-05 10:10:00,2024-01-05 11:25:00,115,183,1,21.96,435.94,60.94,496.88,Card,1,75.0,10,Friday,January,2024-01-05,False,19.85,13.98
2877,2024-01-07 14:48:00,2024-01-07 15:42:00,210,235,2,6.45,161.11,12.37,173.48,Card,2,54.0,14,Sunday,January,2024-01-07,False,24.98,7.68
2878,2024-01-20 15:16:00,2024-01-20 15:33:00,74,107,1,1.19,90.65,6.51,97.16,Card,2,17.0,15,Saturday,January,2024-01-20,False,76.18,7.18
2879,2024-01-06 16:19:00,2024-01-06 17:48:00,135,186,1,12.81,289.43,14.65,304.08,Card,1,89.0,16,Saturday,January,2024-01-06,False,22.59,5.06
2880,2024-01-12 16:43:00,2024-01-12 16:57:00,78,132,1,13.75,301.02,57.53,358.55,Cash,1,14.0,16,Friday,January,2024-01-12,False,21.89,19.11
2881,2024-01-17 15:12:00,2024-01-17 16:11:00,125,171,1,5.83,147.3,25.69,172.99,Cash,2,59.0,15,Wednesday,January,2024-01-17,False,25.27,17.44
2882,2024-01-24 00:40:00,2024-01-24 00:53:00,38,24,1,7.83,201.03,12.39,213.42,Cash,1,13.0,0,Wednesday,January,2024-01-24,False,25.67,6.16
2883,2024-01-21 11:56:00,2024-01-21 13:19:00,106,261,1,19.36,392.61,54.93,447.54,Card,1,83.0,11,Sunday,January,2024-01-21,False,20.28,13.99
2884,2024-01-08 06:09:00,2024-01-08 07:05:00,44,196,5,12.29,281.36,23.9,305.26,Card,1,56.0,6,Monday,January,2024-01-08,False,22.89,8.49
2885,2024-01-15 16:05:00,2024-01-15 16:11:00,225,99,4,8.62,224.54,20.12,244.66,Card,2,6.0,16,Monday,January,2024-01-15,False,26.05,8.96
2886,2024-01-06 03:38:00,2024-01-06 04:07:00,242,101,2,15.94,342.88,62.1,404.98,Card,1,29.0,3,Saturday,January,2024-01-06,False,21.51,18.11
2887,2024-01-16 19:06:00,2024-01-16 19:23:00,153,120,1,16.67,346.48,23.27,369.75,Card,2,17.0,19,Tuesday,January,2024-01-16,False,20.78,6.72
2888,2024-01-02 16:54:00,2024-01-02 17:49:00,24,203,2,19.47,409.22,57.38,466.6,Card,1,55.0,16,Tuesday,January,2024-01-02,False,21.02,14.02
2889,2024-01-13 08:01:00,2024-01-13 09:03:00,124,90,1,4.76,141.07,15.54,156.61,Card,1,62.0,8,Saturday,January,2024-01-13,False,29.64,11.02
2890,2024-01-11 13:43:00,2024-01-11 14:21:00,261,195,2,18.8,394.39,31.01,425.4,Card,2,38.0,13,Thursday,January,2024-01-11,False,20.98,7.86
2891,2024-01-05 15:41:00,2024-01-05 16:20:00,146,177,1,15.39,331.36,39.03,370.39,Card,2,39.0,15,Friday,January,2024-01-05,False,21.53,11.78
2892,2024-01-02 19:17:00,2024-01-02 19:24:00,191,115,3,2.38,103.05,19.69,122.74,Card,2,7.0,19,Tuesday,January,2024-01-02,False,43.3,19.11
2893,2024-01-01 02:21:00,2024-01-01 03:24:00,165,32,4,19.66,411.04,68.74,479.78,Card,1,63.0,2,Monday,January,2024-01-01,False,20.91,16.72
2894,2024-01-02 20:19:00,2024-01-02 21:33:00,71,215,1,10.19,253.03,17.67,270.7,Card,1,74.0,20,Tuesday,January,2024-01-02,False,24.83,6.98
2895,2024-01-15 13:40:00,2024-01-15 14:32:00,201,243,1,8.93,225.52,40.01,265.53,Card,2,52.0,13,Monday,January,2024-01-15,False,25.25,17.74
2896,2024-01-07 06:31:00,2024-01-07 07:39:00,12,70,2,11.75,259.44,49.45,308.89,Cash,2,68.0,6,Sunday,January,2024-01-07,False,22.08,19.06
2897,2024-01-11 10:37:00,2024-01-11 11:00:00,52,71,1,9.31,229.35,21.0,250.35,Card,1,23.0,10,Thursday,January,2024-01-11,False,24.63,9.16
2898,2024-01-27 16:29:00,2024-01-27 17:40:00,256,111,4,9.12,210.59,21.06,231.65,Cash,1,71.0,16,Saturday,January,2024-01-27,False,23.09,10.0
2899,2024-01-05 06:22:00,2024-01-05 07:48:00,9,158,1,20.39,430.49,29.68,460.17,Cash,1,86.0,6,Friday,January,2024-01-05,False,21.11,6.89
2900,2024-01-09 09:49:00,2024-01-09 11:06:00,140,37,1,3.99,116.25,11.83,128.08,Card,1,77.0,9,Tuesday,January,2024-01-09,False,29.14,10.18
2901,2024-01-16 06:50:00,2024-01-16 08:10:00,100,35,2,24.29,491.43,74.19,565.62,Card,1,80.0,6,Tuesday,January,2024-01-16,False,20.23,15.1
2902,2024-01-07 02:27:00,2024-01-07 02:36:00,137,59,1,14.32,321.48,29.2,350.68,Card,2,9.0,2,Sunday,January,2024-01-07,False,22.45,9.08
2903,2024-01-30 18:24:00,2024-01-30 19:35:00,22,207,1,5.39,145.42,7.42,152.84,Card,1,71.0,18,Tuesday,January,2024-01-30,False,26.98,5.1
2904,2024-01-06 21:12:00,2024-01-06 21:27:00,145,66,2,4.15,139.81,14.09,153.9,Card,1,15.0,21,Saturday,January,2024-01-06,False,33.69,10.08
2905,2024-01-17 05:43:00,2024-01-17 06:55:00,161,262,2,15.2,332.92,39.28,372.2,Cash,1,72.0,5,Wednesday,January,2024-01-17,False,21.9,11.8
2906,2024-01-03 22:49:00,2024-01-04 00:02:00,249,233,2,16.19,343.35,46.34,389.69,Card,2,73.0,22,Wednesday,January,2024-01-03,False,21.21,13.5
2907,2024-01-24 23:18:00,2024-01-24 23:23:00,175,157,2,2.27,93.56,14.27,107.83,Cash,2,5.0,23,Wednesday,January,2024-01-24,False,41.22,15.25
2908,2024-01-13 17:51:00,2024-01-13 18:58:00,88,106,1,6.83,190.72,11.3,202.02,Cash,1,67.0,17,Saturday,January,2024-01-13,False,27.92,5.92
2909,2024-01-03 20:08:00,2024-01-03 20:41:00,33,154,1,20.09,408.15,49.17,457.32,Card,1,33.0,20,Wednesday,January,2024-01-03,False,20.32,12.05
2910,2024-01-11 14:42:00,2024-01-11 16:08:00,226,18,1,2.19,100.22,9.02,109.24,Card,2,86.0,14,Thursday,January,2024-01-11,False,45.76,9.0
2911,2024-01-14 10:10:00,2024-01-14 10:26:00,112,260,5,21.52,448.58,86.22,534.8,Card,1,16.0,10,Sunday,January,2024-01-14,False,20.84,19.22
2912,2024-01-30 10:49:00,2024-01-30 12:10:00,82,119,1,16.8,370.07,38.48,408.55,Card,2,81.0,10,Tuesday,January,2024-01-30,False,22.03,10.4
2913,2024-01-16 02:58:00,2024-01-16 03:43:00,213,102,1,11.43,267.13,17.37,284.5,Card,2,45.0,2,Tuesday,January,2024-01-16,False,23.37,6.5
2914,2024-01-17 20:24:00,2024-01-17 20:30:00,8,25,4,9.31,225.11,12.66,237.77,Cash,2,6.0,20,Wednesday,January,2024-01-17,False,24.18,5.62
2915,2024-01-04 12:35:00,2024-01-04 13:16:00,134,180,6,1.46,93.36,8.38,101.74,Card,1,41.0,12,Thursday,January,2024-01-04,False,63.95,8.98
2916,2024-01-08 05:32:00,2024-01-08 06:21:00,118,162,3,20.81,439.45,33.76,473.21,Card,2,49.0,5,Monday,January,2024-01-08,False,21.12,7.68
2917,2024-01-20 16:45:00,2024-01-20 18:09:00,84,215,1,4.43,141.24,20.83,162.07,Cash,1,84.0,16,Saturday,January,2024-01-20,False,31.88,14.75
2918,2024-01-06 00:30:00,2024-01-06 01:22:00,258,124,2,8.43,192.72,34.12,226.84,Card,2,52.0,0,Saturday,January,2024-01-06,False,22.86,17.7
2919,2024-01-08 15:22:00,2024-01-08 15:50:00,243,156,1,14.66,315.09,30.53,345.62,Card,2,28.0,15,Monday,January,2024-01-08,False,21.49,9.69
2920,2024-01-10 16:27:00,2024-01-10 16:53:00,237,193,3,6.9,183.16,25.03,208.19,Card,2,26.0,16,Wednesday,January,2024-01-10,False,26.54,13.67
2921,2024-01-10 12:06:00,2024-01-10 12:21:00,150,53,1,12.93,288.41,46.01,334.42,Card,2,15.0,12,Wednesday,January,2024-01-10,False,22.31,15.95
2922,2024-01-21 08:24:00,2024-01-21 09:26:00,21,170,1,20.42,417.14,45.79,462.93,Cash,2,62.0,8,Sunday,January,2024-01-21,False,20.43,10.98
2923,2024-01-10 01:54:00,2024-01-10 02:44:00,134,98,1,12.29,265.55,15.92,281.47,Cash,1,50.0,1,Wednesday,January,2024-01-10,False,21.61,6.0
2924,2024-01-04 02:53:00,2024-01-04 03:26:00,96,147,1,23.78,484.63,40.89,525.52,Card,2,33.0,2,Thursday,January,2024-01-04,False,20.38,8.44
2925,2024-01-24 18:28:00,2024-01-24 19:07:00,13,30,2,21.34,432.7,78.95,511.65,Card,2,39.0,18,Wednesday,January,2024-01-24,False,20.28,18.25
2926,2024-01-10 19:40:00,2024-01-10 19:59:00,1,74,3,8.99,208.81,36.26,245.07,Card,1,19.0,19,Wednesday,January,2024-01-10,False,23.23,17.37
2927,2024-01-22 23:35:00,2024-01-23 00:39:00,150,172,2,10.6,242.77,15.29,258.06,Card,1,64.0,23,Monday,January,2024-01-22,False,22.9,6.3
2928,2024-01-05 17:36:00,2024-01-05 18:22:00,117,84,1,11.16,264.44,22.11,286.55,Card,2,46.0,17,Friday,January,2024-01-05,False,23.7,8.36
2929,2024-01-09 01:59:00,2024-01-09 02:46:00,152,73,3,16.03,343.18,56.75,399.93,Card,1,47.0,1,Tuesday,January,2024-01-09,False,21.41,16.54
2930,2024-01-21 11:32:00,2024-01-21 12:56:00,64,232,1,7.88,188.33,23.14,211.47,Card,2,84.0,11,Sunday,January,2024-01-21,False,23.9,12.29
2931,2024-01-08 19:20:00,2024-01-08 20:38:00,150,127,1,24.26,480.19,78.75,558.94,Cash,2,78.0,19,Monday,January,2024-01-08,False,19.79,16.4
2932,2024-01-23 16:58:00,2024-01-23 17:51:00,12,85,1,15.61,335.95,27.43,363.38,Card,2,53.0,16,Tuesday,January,2024-01-23,False,21.52,8.16
2933,2024-01-19 17:17:00,2024-01-19 18:25:00,90,254,1,10.59,254.45,49.08,303.53,Card,1,68.0,17,Friday,January,2024-01-19,False,24.03,19.29
2934,2024-01-23 18:48:00,2024-01-23 19:24:00,83,152,1,16.48,356.22,59.68,415.9,Cash,2,36.0,18,Tuesday,January,2024-01-23,False,21.62,16.75
2935,2024-01-05 01:07:00,2024-01-05 02:15:00,250,7,1,10.49,235.78,18.77,254.55,Card,1,68.0,1,Friday,January,2024-01-05,False,22.48,7.96
2936,2024-01-23 18:02:00,2024-01-23 18:08:00,33,136,4,20.63,424.44,56.78,481.22,Card,2,6.0,18,Tuesday,January,2024-01-23,False,20.57,13.38
2937,2024-01-06 17:39:00,2024-01-06 18:07:00,149,184,4,14.63,329.0,22.03,351.03,Card,2,28.0,17,Saturday,January,2024-01-06,False,22.49,6.7
2938,2024-01-11 07:29:00,2024-01-11 08:39:00,128,227,1,2.01,81.51,8.49,90.0,Cash,1,70.0,7,Thursday,January,2024-01-11,False,40.55,10.42
2939,2024-01-12 06:32:00,2024-01-12 07:14:00,100,244,1,5.24,150.28,22.38,172.66,Card,2,42.0,6,Friday,January,2024-01-12,False,28.68,14.89
2940,2024-01-29 04:12:00,2024-01-29 04:47:00,212,251,1,21.76,442.37,44.02,486.39,Card,2,35.0,4,Monday,January,2024-01-29,False,20.33,9.95
2941,2024-01-17 18:53:00,2024-01-17 19:23:00,74,170,1,14.51,304.91,45.28,350.19,Card,1,30.0,18,Wednesday,January,2024-01-17,False,21.01,14.85
2942,2024-01-04 17:34:00,2024-01-04 18:07:00,96,54,1,23.81,470.08,40.76,510.84,Cash,1,33.0,17,Thursday,January,2024-01-04,False,19.74,8.67
2943,2024-01-15 16:54:00,2024-01-15 18:05:00,92,132,1,2.74,106.0,16.77,122.77,Card,2,71.0,16,Monday,January,2024-01-15,False,38.69,15.82
2944,2024-01-17 08:47:00,2024-01-17 10:09:00,175,94,2,8.09,186.24,19.36,205.6,Card,2,82.0,8,Wednesday,January,2024-01-17,False,23.02,10.4
2945,2024-01-25 12:12:00,2024-01-25 12:41:00,225,46,2,5.65,144.8,24.41,169.21,Card,1,29.0,12,Thursday,January,2024-01-25,False,25.63,16.86
2946,2024-01-07 10:37:00,2024-01-07 11:29:00,175,99,1,14.29,307.65,21.69,329.34,Card,2,52.0,10,Sunday,January,2024-01-07,False,21.53,7.05
2947,2024-01-22 22:40:00,2024-01-22 23:49:00,56,234,2,10.19,224.73,23.44,248.17,Cash,2,69.0,22,Monday,January,2024-01-22,False,22.05,10.43
2948,2024-01-07 20:45:00,2024-01-07 21:42:00,35,37,2,4.77,137.87,16.49,154.36,Card,1,57.0,20,Sunday,January,2024-01-07,False,28.9,11.96
2949,2024-01-01 12:58:00,2024-01-01 14:09:00,119,75,1,16.43,339.65,38.58,378.23,Card,1,71.0,12,Monday,January,2024-01-01,False,20.67,11.36
2950,2024-01-21 06:05:00,2024-01-21 06:27:00,56,58,1,13.87,300.16,34.51,334.67,Cash,2,22.0,6,Sunday,January,2024-01-21,False,21.64,11.5
2951,2024-01-02 00:52:00,2024-01-02 01:05:00,105,19,4,7.59,200.35,23.38,223.73,Cash,1,13.0,0,Tuesday,January,2024-01-02,False,26.4,11.67
2952,2024-01-22 03:42:00,2024-01-22 04:24:00,176,188,2,12.51,283.97,56.32,340.29,Card,1,42.0,3,Monday,January,2024-01-22,False,22.7,19.83
2953,2024-01-10 10:55:00,2024-01-10 11:20:00,106,139,1,18.9,393.56,31.08,424.64,Card,1,25.0,10,Wednesday,January,2024-01-10,False,20.82,7.9
2954,2024-01-30 19:46:00,2024-01-30 20:55:00,80,143,2,5.93,149.49,24.71,174.2,Card,2,69.0,19,Tuesday,January,2024-01-30,False,25.21,16.53
2955,2024-01-06 10:51:00,2024-01-06 11:16:00,163,108,1,8.03,203.11,26.97,230.08,Cash,2,25.0,10,Saturday,January,2024-01-06,False,25.29,13.28
2956,2024-01-12 07:28:00,2024-01-12 07:59:00,51,221,2,9.31,212.49,23.81,236.3,Cash,1,31.0,7,Friday,January,2024-01-12,False,22.82,11.21
2957,2024-01-05 23:16:00,2024-01-06 00:30:00,75,145,1,18.92,382.86,55.53,438.39,Card,1,74.0,23,Friday,January,2024-01-05,False,20.24,14.5
2958,2024-01-02 10:04:00,2024-01-02 10:52:00,127,5,1,21.33,443.86,79.02,522.88,Cash,2,48.0,10,Tuesday,January,2024-01-02,False,20.81,17.8
2959,2024-01-06 02:48:00,2024-01-06 03:20:00,246,56,2,10.03,247.9,29.75,277.65,Cash,2,32.0,2,Saturday,January,2024-01-06,False,24.72,12.0
2960,2024-01-14 19:40:00,2024-01-14 20:29:00,234,255,2,8.12,199.98,35.94,235.92,Cash,2,49.0,19,Sunday,January,2024-01-14,False,24.63,17.97
2961,2024-01-22 06:00:00,2024-01-22 06:21:00,155,222,1,22.35,443.53,28.42,471.95,Card,2,21.0,6,Monday,January,2024-01-22,False,19.84,6.41
2962,2024-01-18 19:14:00,2024-01-18 19:58:00,73,48,1,24.98,516.05,76.36,592.41,Cash,1,44.0,19,Thursday,January,2024-01-18,False,20.66,14.8
2963,2024-01-07 08:48:00,2024-01-07 08:55:00,137,163,1,17.09,349.63,34.95,384.58,Cash,1,7.0,8,Sunday,January,2024-01-07,False,20.46,10.0
2964,2024-01-15 13:21:00,2024-01-15 14:41:00,44,236,1,24.76,511.71,55.27,566.98,Card,2,80.0,13,Monday,January,2024-01-15,False,20.67,10.8
2965,2024-01-17 13:32:00,2024-01-17 14:52:00,247,248,1,16.84,354.87,48.14,403.01,Cash,2,80.0,13,Wednesday,January,2024-01-17,False,21.07,13.57
2966,2024-01-23 23:50:00,2024-01-24 01:00:00,149,100,2,18.6,385.76,47.06,432.82,Card,1,70.0,23,Tuesday,January,2024-01-23,False,20.74,12.2
2967,2024-01-23 08:14:00,2024-01-23 09:04:00,56,21,1,10.33,242.22,25.98,268.2,Card,2,50.0,8,Tuesday,January,2024-01-23,False,23.45,10.73
2968,2024-01-24 18:15:00,2024-01-24 19:45:00,176,102,2,11.39,273.73,26.35,300.08,Cash,2,90.0,18,Wednesday,January,2024-01-24,False,24.03,9.63
2969,2024-01-19 17:15:00,2024-01-19 17:49:00,257,5,2,4.46,147.24,21.02,168.26,Card,1,34.0,17,Friday,January,2024-01-19,False,33.01,14.28
2970,2024-01-05 13:41:00,2024-01-05 14:54:00,63,197,1,20.75,427.61,53.81,481.42,Cash,1,73.0,13,Friday,January,2024-01-05,False,20.61,12.58
2971,2024-01-05 09:17:00,2024-01-05 09:30:00,63,149,2,23.35,481.17,47.39,528.56,Card,2,13.0,9,Friday,January,2024-01-05,False,20.61,9.85
2972,2024-01-30 18:16:00,2024-01-30 19:45:00,29,211,5,15.96,344.69,27.83,372.52,Card,2,89.0,18,Tuesday,January,2024-01-30,False,21.6,8.07
2973,2024-01-19 12:09:00,2024-01-19 12:24:00,40,160,1,9.25,227.3,37.77,265.07,Card,2,15.0,12,Friday,January,2024-01-19,False,24.57,16.62
2974,2024-01-17 01:32:00,2024-01-17 02:45:00,147,146,4,4.7,149.48,25.41,174.89,Card,1,73.0,1,Wednesday,January,2024-01-17,False,31.8,17.0
2975,2024-01-12 15:49:00,2024-01-12 16:59:00,88,58,2,7.36,173.51,14.24,187.75,Card,2,70.0,15,Friday,January,2024-01-12,False,23.57,8.21
2976,2024-01-11 02:47:00,2024-01-11 03:22:00,56,240,2,7.13,178.11,15.9,194.01,Card,1,35.0,2,Thursday,January,2024-01-11,False,24.98,8.93
2977,2024-01-11 07:48:00,2024-01-11 08:25:00,193,79,1,15.72,351.74,30.2,381.94,Card,2,37.0,7,Thursday,January,2024-01-11,False,22.38,8.59
2978,2024-01-17 22:10:00,2024-01-17 22:53:00,100,152,2,23.68,494.72,90.38,585.1,Card,2,43.0,22,Wednesday,January,2024-01-17,False,20.89,18.27
2979,2024-01-30 12:53:00,2024-01-30 13:43:00,215,5,1,2.16,79.22,13.16,92.38,Cash,1,50.0,12,Tuesday,January,2024-01-30,False,36.68,16.61
2980,2024-01-22 04:03:00,2024-01-22 04:44:00,141,181,2,1.02,64.4,3.94,68.34,Card,1,41.0,4,Monday,January,2024-01-22,False,63.14,6.12
2981,2024-01-09 15:46:00,2024-01-09 16:50:00,49,201,3,15.4,347.01,60.69,407.7,Card,2,64.0,15,Tuesday,January,2024-01-09,False,22.53,17.49
2982,2024-01-21 00:03:00,2024-01-21 00:38:00,115,133,1,7.82,195.54,10.86,206.4,Card,1,35.0,0,Sunday,January,2024-01-21,False,25.01,5.55
2983,2024-01-13 15:50:00,2024-01-13 16:05:00,229,122,1,22.13,455.53,40.08,495.61,Card,2,15.0,15,Saturday,January,2024-01-13,False,20.58,8.8
2984,2024-01-13 09:42:00,2024-01-13 09:48:00,252,169,1,8.85,204.29,38.38,242.67,Cash,1,6.0,9,Saturday,January,2024-01-13,False,23.08,18.79
2985,2024-01-22 16:59:00,2024-01-22 17:30:00,75,98,1,7.95,209.93,37.71,247.64,Card,1,31.0,16,Monday,January,2024-01-22,False,26.41,17.96
2986,2024-01-24 06:59:00,2024-01-24 07:05:00,191,19,3,7.47,181.4,30.33,211.73,Card,2,6.0,6,Wednesday,January,2024-01-24,False,24.28,16.72
2987,2024-01-16 05:09:00,2024-01-16 05:34:00,199,132,1,4.48,126.33,14.99,141.32,Card,1,25.0,5,Tuesday,January,2024-01-16,False,28.2,11.87
2988,2024-01-22 09:15:00,2024-01-22 10:17:00,163,96,1,14.96,316.12,31.05,347.17,Card,2,62.0,9,Monday,January,2024-01-22,False,21.13,9.82
2989,2024-01-07 02:10:00,2024-01-07 02:19:00,139,210,1,5.04,158.31,28.85,187.16,Card,1,9.0,2,Sunday,January,2024-01-07,False,31.41,18.22
2990,2024-01-08 16:53:00,2024-01-08 17:49:00,49,5,3,11.19,262.51,39.0,301.51,Cash,1,56.0,16,Monday,January,2024-01-08,False,23.46,14.86
2991,2024-01-01 03:13:00,2024-01-01 04:02:00,115,128,1,12.06,280.14,26.42,306.56,Card,2,49.0,3,Monday,January,2024-01-01,False,23.23,9.43
2992,2024-01-25 03:35:00,2024-01-25 05:04:00,168,54,6,1.49,78.13,9.33,87.46,Card,2,89.0,3,Thursday,January,2024-01-25,False,52.44,11.94
2993,2024-01-13 04:49:00,2024-01-13 05:13:00,47,198,2,1.4,92.48,16.85,109.33,Card,1,24.0,4,Saturday,January,2024-01-13,False,66.06,18.22
2994,2024-01-08 18:30:00,2024-01-08 19:35:00,259,206,3,13.49,306.5,56.86,363.36,Cash,2,65.0,18,Monday,January,2024-01-08,False,22.72,18.55
2995,2024-01-30 16:32:00,2024-01-30 17:14:00,216,180,1,17.7,381.12,56.75,437.87,Cash,2,42.0,16,Tuesday,January,2024-01-30,False,21.53,14.89
2996,2024-01-23 10:47:00,2024-01-23 11:11:00,230,241,1,23.61,494.11,79.0,573.11,Card,2,24.0,10,Tuesday,January,2024-01-23,False,20.93,15.99
2997,2024-01-30 05:10:00,2024-01-30 05:39:00,127,138,1,5.3,146.39,8.18,154.57,Card,2,29.0,5,Tuesday,January,2024-01-30,False,27.62,5.59
2998,2024-01-15 03:49:00,2024-01-15 03:55:00,225,23,1,3.48,120.97,17.02,137.99,Card,1,6.0,3,Monday,January,2024-01-15,False,34.76,14.07
2999,2024-01-28 21:57:00,2024-01-28 22:33:00,150,120,2,2.25,107.8,16.53,124.33,Card,2,36.0,21,Sunday,January,2024-01-28,False,47.91,15.33
3000,2024-01-02 13:41:00,2024-01-02 14:11:00,46,115,1,11.46,270.01,14.33,284.34,Card,1,30.0,13,Tuesday,January,2024-01-02,False,23.56,5.31
3001,2024-01-20 16:49:00,2024-01-20 18:03:00,14,82,1,15.96,344.18,60.77,404.95,Cash,2,74.0,16,Saturday,January,2024-01-20,False,21.57,17.66
3002,2024-01-19 09:52:00,2024-01-19 10:37:00,121,196,2,21.17,423.35,80.12,503.47,Cash,2,45.0,9,Friday,January,2024-01-19,False,20.0,18.93
3003,2024-01-05 15:56:00,2024-01-05 17:07:00,191,180,1,17.38,372.42,31.91,404.33,Cash,2,71.0,15,Friday,January,2024-01-05,False,21.43,8.57
3004,2024-01-15 18:19:00,2024-01-15 18:24:00,166,175,1,6.0,163.8,28.97,192.77,Card,2,5.0,18,Monday,January,2024-01-15,False,27.3,17.69
3005,2024-01-21 02:13:00,2024-01-21 03:08:00,117,198,1,12.08,262.97,39.4,302.37,Cash,1,55.0,2,Sunday,January,2024-01-21,False,21.77,14.98
3006,2024-01-29 22:49:00,2024-01-29 22:58:00,124,26,2,22.85,477.77,65.5,543.27,Card,2,9.0,22,Monday,January,2024-01-29,False,20.91,13.71
3007,2024-01-04 00:58:00,2024-01-04 01:15:00,54,99,1,8.84,209.42,36.96,246.38,Card,2,17.0,0,Thursday,January,2024-01-04,False,23.69,17.65
3008,2024-01-29 04:23:00,2024-01-29 04:46:00,199,233,2,12.97,285.08,26.47,311.55,Card,1,23.0,4,Monday,January,2024-01-29,False,21.98,9.29
3009,2024-01-14 18:35:00,2024-01-14 18:51:00,216,191,1,24.01,492.35,83.02,575.37,Card,2,16.0,18,Sunday,January,2024-01-14,False,20.51,16.86
3010,2024-01-21 03:53:00,2024-01-21 04:45:00,113,66,1,18.63,390.0,37.9,427.9,Cash,2,52.0,3,Sunday,January,2024-01-21,False,20.93,9.72
3011,2024-01-17 16:00:00,2024-01-17 16:29:00,16,246,3,18.95,383.78,64.52,448.3,Card,2,29.0,16,Wednesday,January,2024-01-17,False,20.25,16.81
3012,2024-01-08 04:12:00,2024-01-08 05:13:00,216,104,2,7.06,178.7,21.03,199.73,Card,2,61.0,4,Monday,January,2024-01-08,False,25.31,11.77
3013,2024-01-30 14:04:00,2024-01-30 14:43:00,135,191,2,10.95,239.93,16.21,256.14,Card,1,39.0,14,Tuesday,January,2024-01-30,False,21.91,6.76
3014,2024-01-02 22:40:00,2024-01-03 00:00:00,43,141,2,2.98,99.36,10.65,110.01,Cash,1,80.0,22,Tuesday,January,2024-01-02,False,33.34,10.72
3015,2024-01-21 12:18:00,2024-01-21 12:27:00,252,179,1,15.56,320.3,27.23,347.53,Cash,1,9.0,12,Sunday,January,2024-01-21,False,20.58,8.5
3016,2024-01-21 21:59:00,2024-01-21 22:25:00,98,261,3,3.49,108.26,7.05,115.31,Card,1,26.0,21,Sunday,January,2024-01-21,False,31.02,6.51
3017,2024-01-06 18:53:00,2024-01-06 20:14:00,60,175,2,21.06,428.99,28.55,457.54,Card,2,81.0,18,Saturday,January,2024-01-06,False,20.37,6.66
3018,2024-01-04 18:10:00,2024-01-04 19:11:00,230,164,2,20.55,426.05,71.15,497.2,Cash,2,61.0,18,Thursday,January,2024-01-04,False,20.73,16.7
3019,2024-01-13 09:19:00,2024-01-13 10:10:00,131,19,4,13.81,316.16,57.61,373.77,Card,1,51.0,9,Saturday,January,2024-01-13,False,22.89,18.22
3020,2024-01-22 04:39:00,2024-01-22 05:37:00,159,20,1,4.39,135.23,25.57,160.8,Cash,2,58.0,4,Monday,January,2024-01-22,False,30.8,18.91
3021,2024-01-05 00:48:00,2024-01-05 00:55:00,84,239,2,1.61,90.15,16.05,106.2,Cash,2,7.0,0,Friday,January,2024-01-05,False,55.99,17.8
3022,2024-01-05 17:16:00,2024-01-05 18:13:00,208,44,5,20.12,412.89,72.06,484.95,Card,1,57.0,17,Friday,January,2024-01-05,False,20.52,17.45
3023,2024-01-15 17:00:00,2024-01-15 18:28:00,174,196,1,15.4,339.75,20.5,360.25,Cash,1,88.0,17,Monday,January,2024-01-15,False,22.06,6.03
3024,2024-01-30 21:36:00,2024-01-30 22:11:00,81,195,1,18.06,383.69,64.66,448.35,Card,1,35.0,21,Tuesday,January,2024-01-30,False,21.25,16.85
3025,2024-01-13 07:09:00,2024-01-13 08:22:00,18,49,2,8.29,203.01,34.0,237.01,Cash,2,73.0,7,Saturday,January,2024-01-13,False,24.49,16.75
3026,2024-01-13 04:23:00,2024-01-13 05:00:00,196,59,1,13.23,283.95,19.79,303.74,Card,2,37.0,4,Saturday,January,2024-01-13,False,21.46,6.97
3027,2024-01-26 23:38:00,2024-01-27 00:54:00,254,132,3,18.93,389.85,58.21,448.06,Cash,2,76.0,23,Friday,January,2024-01-26,False,20.59,14.93
3028,2024-01-21 04:35:00,2024-01-21 05:29:00,142,167,1,12.1,276.43,32.58,309.01,Cash,2,54.0,4,Sunday,January,2024-01-21,False,22.85,11.79
3029,2024-01-27 05:15:00,2024-01-27 06:43:00,165,135,2,15.43,330.52,61.15,391.67,Card,2,88.0,5,Saturday,January,2024-01-27,False,21.42,18.5
3030,2024-01-27 00:25:00,2024-01-27 00:45:00,5,89,1,19.95,425.78,65.7,491.48,Card,2,20.0,0,Saturday,January,2024-01-27,False,21.34,15.43
3031,2024-01-22 04:22:00,2024-01-22 05:42:00,251,263,1,6.17,158.11,30.46,188.57,Card,1,80.0,4,Monday,January,2024-01-22,False,25.63,19.27
3032,2024-01-12 14:44:00,2024-01-12 16:05:00,150,116,3,2.58,88.63,5.83,94.46,Cash,1,81.0,14,Friday,January,2024-01-12,False,34.35,6.58
3033,2024-01-03 15:48:00,2024-01-03 16:31:00,28,196,2,13.76,305.36,17.13,322.49,Cash,1,43.0,15,Wednesday,January,2024-01-03,False,22.19,5.61
3034,2024-01-12 20:47:00,2024-01-12 21:37:00,237,108,1,2.49,111.4,21.84,133.24,Cash,1,50.0,20,Friday,January,2024-01-12,False,44.74,19.61
3035,2024-01-09 18:05:00,2024-01-09 18:56:00,132,47,1,19.4,400.14,24.82,424.96,Card,2,51.0,18,Tuesday,January,2024-01-09,False,20.63,6.2
3036,2024-01-22 18:17:00,2024-01-22 19:05:00,163,241,2,18.26,388.11,41.89,430.0,Card,1,48.0,18,Monday,January,2024-01-22,False,21.25,10.79
3037,2024-01-04 19:22:00,2024-01-04 19:35:00,227,230,3,22.16,445.82,65.76,511.58,Card,1,13.0,19,Thursday,January,2024-01-04,False,20.12,14.75
3038,2024-01-19 18:05:00,2024-01-19 18:59:00,130,245,2,16.35,351.05,63.89,414.94,Card,1,54.0,18,Friday,January,2024-01-19,False,21.47,18.2
3039,2024-01-16 19:20:00,2024-01-16 20:41:00,58,250,2,2.61,110.58,9.75,120.33,Card,1,81.0,19,Tuesday,January,2024-01-16,False,42.37,8.82
3040,2024-01-04 19:03:00,2024-01-04 20:07:00,146,77,1,7.08,193.45,10.52,203.97,Cash,2,64.0,19,Thursday,January,2024-01-04,False,27.32,5.44
3041,2024-01-04 09:52:00,2024-01-04 10:11:00,122,62,3,20.39,410.17,52.58,462.75,Card,1,19.0,9,Thursday,January,2024-01-04,False,20.12,12.82
3042,2024-01-04 05:28:00,2024-01-04 06:08:00,192,59,2,5.01,140.87,17.0,157.87,Cash,2,40.0,5,Thursday,January,2024-01-04,False,28.12,12.07
3043,2024-01-24 08:23:00,2024-01-24 09:30:00,245,238,1,17.76,378.87,36.38,415.25,Card,1,67.0,8,Wednesday,January,2024-01-24,False,21.33,9.6
3044,2024-01-25 17:54:00,2024-01-25 19:07:00,103,189,1,19.73,396.18,71.74,467.92,Card,2,73.0,17,Thursday,January,2024-01-25,False,20.08,18.11
3045,2024-01-03 03:52:00,2024-01-03 05:22:00,250,56,2,8.92,221.28,35.94,257.22,Card,1,90.0,3,Wednesday,January,2024-01-03,False,24.81,16.24
3046,2024-01-16 07:34:00,2024-01-16 08:58:00,22,78,3,8.74,213.16,38.1,251.26,Card,2,84.0,7,Tuesday,January,2024-01-16,False,24.39,17.87
3047,2024-01-04 02:52:00,2024-01-04 03:37:00,60,222,2,14.39,307.68,22.85,330.53,Cash,2,45.0,2,Thursday,January,2024-01-04,False,21.38,7.43
3048,2024-01-16 10:07:00,2024-01-16 11:25:00,238,47,3,21.67,454.5,69.93,524.43,Card,2,78.0,10,Tuesday,January,2024-01-16,False,20.97,15.39
3049,2024-01-11 11:54:00,2024-01-11 12:22:00,134,138,1,6.37,163.36,32.06,195.42,Card,1,28.0,11,Thursday,January,2024-01-11,False,25.65,19.63
3050,2024-01-24 19:25:00,2024-01-24 20:51:00,262,24,2,23.59,494.36,70.09,564.45,Cash,1,86.0,19,Wednesday,January,2024-01-24,False,20.96,14.18
3051,2024-01-12 02:58:00,2024-01-12 03:51:00,42,29,3,15.38,341.33,25.84,367.17,Cash,1,53.0,2,Friday,January,2024-01-12,False,22.19,7.57
3052,2024-01-15 20:26:00,2024-01-15 20:48:00,74,135,1,24.81,507.82,101.24,609.06,Card,2,22.0,20,Monday,January,2024-01-15,False,20.47,19.94
3053,2024-01-13 07:40:00,2024-01-13 07:51:00,22,189,1,3.15,98.54,12.74,111.28,Card,2,11.0,7,Saturday,January,2024-01-13,False,31.28,12.93
3054,2024-01-06 16:50:00,2024-01-06 16:58:00,220,71,2,4.04,139.85,24.61,164.46,Card,2,8.0,16,Saturday,January,2024-01-06,False,34.62,17.6
3055,2024-01-09 20:23:00,2024-01-09 21:36:00,79,206,4,20.84,438.82,31.77,470.59,Card,1,73.0,20,Tuesday,January,2024-01-09,False,21.06,7.24
3056,2024-01-30 05:32:00,2024-01-30 06:36:00,235,242,1,21.75,438.37,65.72,504.09,Card,1,64.0,5,Tuesday,January,2024-01-30,False,20.15,14.99
3057,2024-01-05 13:48:00,2024-01-05 14:47:00,157,184,1,11.69,262.19,49.0,311.19,Cash,2,59.0,13,Friday,January,2024-01-05,False,22.43,18.69
3058,2024-01-03 07:11:00,2024-01-03 07:31:00,114,128,1,18.14,374.58,48.62,423.2,Card,1,20.0,7,Wednesday,January,2024-01-03,False,20.65,12.98
3059,2024-01-16 13:52:00,2024-01-16 15:18:00,96,230,1,21.82,462.29,43.13,505.42,Card,2,86.0,13,Tuesday,January,2024-01-16,False,21.19,9.33
3060,2024-01-24 10:35:00,2024-01-24 11:08:00,130,41,1,2.04,102.35,7.07,109.42,Card,1,33.0,10,Wednesday,January,2024-01-24,False,50.17,6.91
3061,2024-01-03 07:21:00,2024-01-03 07:48:00,109,162,2,14.77,333.77,31.51,365.28,Cash,2,27.0,7,Wednesday,January,2024-01-03,False,22.6,9.44
3062,2024-01-11 23:32:00,2024-01-11 23:50:00,75,158,3,21.48,450.3,46.49,496.79,Card,2,18.0,23,Thursday,January,2024-01-11,False,20.96,10.32
3063,2024-01-26 23:03:00,2024-01-27 00:26:00,20,21,2,10.56,243.77,38.15,281.92,Card,2,83.0,23,Friday,January,2024-01-26,False,23.08,15.65
3064,2024-01-10 03:06:00,2024-01-10 03:59:00,161,10,1,8.26,194.84,14.96,209.8,Card,1,53.0,3,Wednesday,January,2024-01-10,False,23.59,7.68
3065,2024-01-10 11:34:00,2024-01-10 12:11:00,209,87,3,20.1,408.04,26.9,434.94,Card,1,37.0,11,Wednesday,January,2024-01-10,False,20.3,6.59
3066,2024-01-25 21:00:00,2024-01-25 21:29:00,94,33,2,9.06,207.63,22.43,230.06,Card,2,29.0,21,Thursday,January,2024-01-25,False,22.92,10.8
3067,2024-01-01 12:06:00,2024-01-01 12:31:00,82,203,1,1.08,75.84,9.01,84.85,Card,1,25.0,12,Monday,January,2024-01-01,False,70.22,11.88
3068,2024-01-03 14:40:00,2024-01-03 15:01:00,104,4,1,24.03,500.14,72.15,572.29,Card,1,21.0,14,Wednesday,January,2024-01-03,False,20.81,14.43
3069,2024-01-16 09:50:00,2024-01-16 10:17:00,237,23,2,15.21,343.53,53.64,397.17,Card,2,27.0,9,Tuesday,January,2024-01-16,False,22.59,15.61
3070,2024-01-02 07:15:00,2024-01-02 08:16:00,260,197,2,20.67,420.68,77.15,497.83,Card,1,61.0,7,Tuesday,January,2024-01-02,False,20.35,18.34
3071,2024-01-17 05:37:00,2024-01-17 07:02:00,160,107,2,20.81,435.5,40.65,476.15,Cash,1,85.0,5,Wednesday,January,2024-01-17,False,20.93,9.33
3072,2024-01-03 19:13:00,2024-01-03 20:15:00,61,200,1,2.59,104.53,13.51,118.04,Card,1,62.0,19,Wednesday,January,2024-01-03,False,40.36,12.92
3073,2024-01-27 12:51:00,2024-01-27 13:09:00,38,215,3,5.1,146.47,15.37,161.84,Cash,1,18.0,12,Saturday,January,2024-01-27,False,28.72,10.49
3074,2024-01-13 01:33:00,2024-01-13 01:57:00,118,2,1,8.47,212.43,10.67,223.1,Card,2,24.0,1,Saturday,January,2024-01-13,False,25.08,5.02
3075,2024-01-03 14:24:00,2024-01-03 14:58:00,168,121,2,8.7,207.74,28.44,236.18,Cash,1,34.0,14,Wednesday,January,2024-01-03,False,23.88,13.69
3076,2024-01-18 08:35:00,2024-01-18 08:58:00,69,103,2,16.81,370.91,63.93,434.84,Card,1,23.0,8,Thursday,January,2024-01-18,False,22.06,17.24
3077,2024-01-12 18:57:00,2024-01-12 19:54:00,83,149,1,15.96,348.44,19.33,367.77,Card,1,57.0,18,Friday,January,2024-01-12,False,21.83,5.55
3078,2024-01-23 12:02:00,2024-01-23 13:02:00,235,152,1,12.87,294.29,14.87,309.16,Cash,2,60.0,12,Tuesday,January,2024-01-23,False,22.87,5.05
3079,2024-01-24 23:42:00,2024-01-25 01:03:00,42,53,1,6.07,156.53,24.92,181.45,Cash,2,81.0,23,Wednesday,January,2024-01-24,False,25.79,15.92
3080,2024-01-08 09:31:00,2024-01-08 10:57:00,99,166,1,10.17,228.12,34.81,262.93,Cash,2,86.0,9,Monday,January,2024-01-08,False,22.43,15.26
3081,2024-01-24 09:43:00,2024-01-24 10:10:00,130,167,1,14.05,304.73,33.79,338.52,Cash,1,27.0,9,Wednesday,January,2024-01-24,False,21.69,11.09
3082,2024-01-10 07:15:00,2024-01-10 08:21:00,28,71,2,12.23,283.14,42.26,325.4,Card,2,66.0,7,Wednesday,January,2024-01-10,False,23.15,14.93
3083,2024-01-21 16:48:00,2024-01-21 17:25:00,233,128,2,4.06,141.24,27.26,168.5,Card,1,37.0,16,Sunday,January,2024-01-21,False,34.79,19.3
3084,2024-01-26 09:36:00,2024-01-26 09:58:00,229,33,2,16.59,351.44,30.64,382.08,Card,2,22.0,9,Friday,January,2024-01-26,False,21.18,8.72
3085,2024-01-12 14:35:00,2024-01-12 15:52:00,117,157,2,2.75,112.72,9.79,122.51,Card,2,77.0,14,Friday,January,2024-01-12,False,40.99,8.69
3086,2024-01-17 21:06:00,2024-01-17 21:43:00,107,204,3,10.08,235.55,18.36,253.91,Cash,1,37.0,21,Wednesday,January,2024-01-17,False,23.37,7.79
3087,2024-01-14 06:06:00,2024-01-14 06:42:00,160,195,4,18.04,373.58,59.25,432.83,Card,2,36.0,6,Sunday,January,2024-01-14,False,20.71,15.86
3088,2024-01-10 23:36:00,2024-01-11 00:41:00,4,109,1,1.48,88.82,9.15,97.97,Cash,2,65.0,23,Wednesday,January,2024-01-10,False,60.01,10.3
3089,2024-01-05 02:09:00,2024-01-05 03:07:00,149,159,2,14.68,328.19,65.08,393.27,Card,2,58.0,2,Friday,January,2024-01-05,False,22.36,19.83
3090,2024-01-27 06:22:00,2024-01-27 06:43:00,234,27,1,9.03,208.63,32.8,241.43,Card,2,21.0,6,Saturday,January,2024-01-27,False,23.1,15.72
3091,2024-01-26 10:36:00,2024-01-26 10:59:00,254,227,1,1.21,70.94,7.46,78.4,Card,2,23.0,10,Friday,January,2024-01-26,False,58.63,10.52
3092,2024-01-15 07:04:00,2024-01-15 08:18:00,248,252,2,5.57,155.1,11.23,166.33,Card,1,74.0,7,Monday,January,2024-01-15,False,27.85,7.24
3093,2024-01-25 00:50:00,2024-01-25 01:28:00,70,262,1,23.58,470.04,65.24,535.28,Cash,1,38.0,0,Thursday,January,2024-01-25,False,19.93,13.88
3094,2024-01-07 23:38:00,2024-01-08 01:06:00,203,134,2,13.51,311.05,29.31,340.36,Cash,2,88.0,23,Sunday,January,2024-01-07,False,23.02,9.42
3095,2024-01-07 07:41:00,2024-01-07 08:10:00,148,26,1,24.93,506.48,94.12,600.6,Card,1,29.0,7,Sunday,January,2024-01-07,False,20.32,18.58
3096,2024-01-09 16:17:00,2024-01-09 17:29:00,221,43,1,13.6,288.44,33.52,321.96,Cash,1,72.0,16,Tuesday,January,2024-01-09,False,21.21,11.62
3097,2024-01-04 05:38:00,2024-01-04 06:56:00,186,19,3,14.05,298.42,28.02,326.44,Card,2,78.0,5,Thursday,January,2024-01-04,False,21.24,9.39
3098,2024-01-08 21:41:00,2024-01-08 22:59:00,48,16,1,10.4,255.83,35.38,291.21,Cash,2,78.0,21,Monday,January,2024-01-08,False,24.6,13.83
3099,2024-01-28 23:52:00,2024-01-29 01:21:00,263,105,1,8.44,214.07,15.1,229.17,Card,1,89.0,23,Sunday,January,2024-01-28,False,25.36,7.05
3100,2024-01-29 02:46:00,2024-01-29 03:01:00,172,203,1,7.04,188.75,25.34,214.09,Card,2,15.0,2,Monday,January,2024-01-29,False,26.81,13.43
3101,2024-01-12 21:54:00,2024-01-12 22:14:00,31,208,6,9.24,208.49,12.18,220.67,Card,1,20.0,21,Friday,January,2024-01-12,False,22.56,5.84
3102,2024-01-14 13:39:00,2024-01-14 14:44:00,170,166,1,12.04,283.58,39.99,323.57,Card,1,65.0,13,Sunday,January,2024-01-14,False,23.55,14.1
3103,2024-01-09 04:17:00,2024-01-09 05:41:00,44,59,1,5.61,154.29,19.98,174.27,Card,2,84.0,4,Tuesday,January,2024-01-09,False,27.5,12.95
3104,2024-01-24 21:16:00,2024-01-24 21:27:00,43,48,2,6.4,174.99,22.42,197.41,Card,2,11.0,21,Wednesday,January,2024-01-24,False,27.34,12.81
3105,2024-01-22 02:13:00,2024-01-22 02:33:00,134,148,2,7.52,204.15,31.16,235.31,Card,1,20.0,2,Monday,January,2024-01-22,False,27.15,15.26
3106,2024-01-24 00:34:00,2024-01-24 00:54:00,219,178,3,11.78,255.04,14.45,269.49,Card,1,20.0,0,Wednesday,January,2024-01-24,False,21.65,5.67
3107,2024-01-05 04:31:00,2024-01-05 05:15:00,86,114,1,16.67,354.53,42.17,396.7,Card,2,44.0,4,Friday,January,2024-01-05,False,21.27,11.89
3108,2024-01-20 10:37:00,2024-01-20 10:53:00,251,218,5,21.55,429.39,50.07,479.46,Card,2,16.0,10,Saturday,January,2024-01-20,False,19.93,11.66
3109,2024-01-05 11:19:00,2024-01-05 11:58:00,11,162,2,7.89,197.01,23.44,220.45,Cash,2,39.0,11,Friday,January,2024-01-05,False,24.97,11.9
3110,2024-01-16 19:45:00,2024-01-16 20:10:00,80,36,1,5.41,144.95,28.55,173.5,Card,2,25.0,19,Tuesday,January,2024-01-16,False,26.79,19.7
3111,2024-01-10 07:12:00,2024-01-10 08:06:00,109,75,1,10.09,248.95,17.65,266.6,Card,2,54.0,7,Wednesday,January,2024-01-10,False,24.67,7.09
3112,2024-01-20 21:49:00,2024-01-20 22:36:00,118,135,4,22.47,456.41,70.09,526.5,Card,2,47.0,21,Saturday,January,2024-01-20,False,20.31,15.36
3113,2024-01-21 02:19:00,2024-01-21 02:40:00,252,179,2,1.24,81.34,8.97,90.31,Card,1,21.0,2,Sunday,January,2024-01-21,False,65.6,11.03
3114,2024-01-02 14:02:00,2024-01-02 14:38:00,18,159,2,17.27,376.67,47.75,424.42,Card,1,36.0,14,Tuesday,January,2024-01-02,False,21.81,12.68
3115,2024-01-25 01:04:00,2024-01-25 01:49:00,256,243,2,12.45,293.61,48.26,341.87,Card,2,45.0,1,Thursday,January,2024-01-25,False,23.58,16.44
3116,2024-01-17 22:04:00,2024-01-17 22:14:00,245,204,2,4.87,142.77,10.51,153.28,Card,1,10.0,22,Wednesday,January,2024-01-17,False,29.32,7.36
3117,2024-01-02 09:18:00,2024-01-02 09:49:00,153,143,1,8.7,210.27,34.6,244.87,Card,1,31.0,9,Tuesday,January,2024-01-02,False,24.17,16.46
3118,2024-01-23 00:25:00,2024-01-23 00:49:00,97,8,1,6.4,157.47,9.53,167.0,Card,1,24.0,0,Tuesday,January,2024-01-23,False,24.6,6.05
3119,2024-01-27 13:24:00,2024-01-27 13:53:00,186,116,2,22.07,437.64,53.61,491.25,Cash,1,29.0,13,Saturday,January,2024-01-27,False,19.83,12.25
3120,2024-01-07 13:08:00,2024-01-07 14:18:00,30,176,1,12.56,284.34,45.87,330.21,Cash,1,70.0,13,Sunday,January,2024-01-07,False,22.64,16.13
3121,2024-01-26 23:57:00,2024-01-27 00:10:00,115,214,1,14.51,303.14,23.91,327.05,Card,1,13.0,23,Friday,January,2024-01-26,False,20.89,7.89
3122,2024-01-09 13:36:00,2024-01-09 14:33:00,241,215,2,15.25,325.91,53.98,379.89,Card,1,57.0,13,Tuesday,January,2024-01-09,False,21.37,16.56
3123,2024-01-07 11:42:00,2024-01-07 12:47:00,257,57,1,16.35,334.41,25.09,359.5,Cash,1,65.0,11,Sunday,January,2024-01-07,False,20.45,7.5
3124,2024-01-28 15:52:00,2024-01-28 16:34:00,113,229,1,12.89,290.48,49.35,339.83,Cash,2,42.0,15,Sunday,January,2024-01-28,False,22.54,16.99
3125,2024-01-06 04:06:00,2024-01-06 04:13:00,29,37,3,1.43,78.5,9.45,87.95,Cash,2,7.0,4,Saturday,January,2024-01-06,False,54.9,12.04
3126,2024-01-27 15:52:00,2024-01-27 17:20:00,226,224,2,9.03,206.35,31.51,237.86,Card,2,88.0,15,Saturday,January,2024-01-27,False,22.85,15.27
3127,2024-01-06 04:21:00,2024-01-06 05:35:00,244,201,1,5.41,146.27,27.44,173.71,Card,2,74.0,4,Saturday,January,2024-01-06,False,27.04,18.76
3128,2024-01-25 00:27:00,2024-01-25 01:26:00,19,100,3,17.32,368.85,41.04,409.89,Card,1,59.0,0,Thursday,January,2024-01-25,False,21.3,11.13
3129,2024-01-08 07:16:00,2024-01-08 07:21:00,112,75,2,2.36,102.18,8.68,110.86,Cash,2,5.0,7,Monday,January,2024-01-08,False,43.3,8.49
3130,2024-01-10 13:09:00,2024-01-10 14:23:00,212,212,1,14.53,315.41,56.8,372.21,Cash,2,74.0,13,Wednesday,January,2024-01-10,False,21.71,18.01
3131,2024-01-13 03:54:00,2024-01-13 04:43:00,233,191,1,6.06,173.2,12.86,186.06,Card,1,49.0,3,Saturday,January,2024-01-13,False,28.58,7.42
3132,2024-01-25 14:26:00,2024-01-25 15:17:00,159,63,1,23.77,471.23,68.2,539.43,Card,2,51.0,14,Thursday,January,2024-01-25,False,19.82,14.47
3133,2024-01-26 04:28:00,2024-01-26 05:51:00,60,112,3,9.05,205.44,38.72,244.16,Card,2,83.0,4,Friday,January,2024-01-26,False,22.7,18.85
3134,2024-01-18 07:50:00,2024-01-18 08:20:00,93,143,1,8.81,199.91,30.22,230.13,Cash,1,30.0,7,Thursday,January,2024-01-18,False,22.69,15.12
3135,2024-01-25 05:28:00,2024-01-25 05:46:00,248,99,2,23.16,472.95,37.53,510.48,Card,2,18.0,5,Thursday,January,2024-01-25,False,20.42,7.94
3136,2024-01-26 13:08:00,2024-01-26 14:06:00,158,225,3,11.02,259.55,18.91,278.46,Card,2,58.0,13,Friday,January,2024-01-26,False,23.55,7.29
3137,2024-01-08 02:13:00,2024-01-08 03:28:00,141,75,1,24.11,477.9,41.98,519.88,Card,1,75.0,2,Monday,January,2024-01-08,False,19.82,8.78
3138,2024-01-26 00:27:00,2024-01-26 01:17:00,220,198,1,1.58,87.61,9.52,97.13,Card,1,50.0,0,Friday,January,2024-01-26,False,55.45,10.87
3139,2024-01-20 10:51:00,2024-01-20 11:26:00,89,184,1,8.35,204.61,15.12,219.73,Card,2,35.0,10,Saturday,January,2024-01-20,False,24.5,7.39
3140,2024-01-30 18:09:00,2024-01-30 19:12:00,155,57,1,16.99,375.44,63.7,439.14,Cash,2,63.0,18,Tuesday,January,2024-01-30,False,22.1,16.97
3141,2024-01-25 00:31:00,2024-01-25 01:04:00,233,249,2,22.38,464.36,48.09,512.45,Card,2,33.0,0,Thursday,January,2024-01-25,False,20.75,10.36
3142,2024-01-13 09:38:00,2024-01-13 09:59:00,193,114,2,7.15,188.42,35.88,224.3,Card,1,21.0,9,Saturday,January,2024-01-13,False,26.35,19.04
3143,2024-01-13 22:26:00,2024-01-13 22:44:00,99,140,1,23.33,477.05,84.14,561.19,Card,2,18.0,22,Saturday,January,2024-01-13,False,20.45,17.64
3144,2024-01-10 08:27:00,2024-01-10 09:07:00,113,41,1,15.26,344.6,64.21,408.81,Card,2,40.0,8,Wednesday,January,2024-01-10,False,22.58,18.63
3145,2024-01-28 14:38:00,2024-01-28 15:40:00,107,153,1,20.22,433.37,40.81,474.18,Card,2,62.0,14,Sunday,January,2024-01-28,False,21.43,9.42
3146,2024-01-03 04:14:00,2024-01-03 04:42:00,24,232,5,10.53,245.68,33.43,279.11,Card,2,28.0,4,Wednesday,January,2024-01-03,False,23.33,13.61
3147,2024-01-12 15:03:00,2024-01-12 16:10:00,204,105,2,6.09,163.28,16.04,179.32,Cash,1,67.0,15,Friday,January,2024-01-12,False,26.81,9.82
3148,2024-01-11 17:14:00,2024-01-11 17:43:00,11,106,2,22.87,465.52,41.22,506.74,Cash,1,29.0,17,Thursday,January,2024-01-11,False,20.36,8.85
3149,2024-01-08 02:33:00,2024-01-08 03:36:00,205,130,1,23.4,474.05,66.87,540.92,Card,2,63.0,2,Monday,January,2024-01-08,False,20.26,14.11
3150,2024-01-01 19:01:00,2024-01-01 19:37:00,25,161,1,12.94,288.86,49.89,338.75,Card,2,36.0,19,Monday,January,2024-01-01,False,22.32,17.27
3151,2024-01-13 12:19:00,2024-01-13 13:45:00,140,257,1,1.16,69.09,4.42,73.51,Card,1,86.0,12,Saturday,January,2024-01-13,False,59.56,6.4
3152,2024-01-15 03:44:00,2024-01-15 04:06:00,123,229,6,3.63,133.14,12.16,145.3,Cash,1,22.0,3,Monday,January,2024-01-15,False,36.68,9.13
3153,2024-01-30 19:03:00,2024-01-30 19:44:00,11,182,2,14.75,320.21,25.86,346.07,Cash,1,41.0,19,Tuesday,January,2024-01-30,False,21.71,8.08
3154,2024-01-26 02:09:00,2024-01-26 02:39:00,81,14,2,1.57,93.52,15.88,109.4,Card,1,30.0,2,Friday,January,2024-01-26,False,59.57,16.98
3155,2024-01-16 22:47:00,2024-01-16 23:00:00,109,100,2,10.53,243.8,46.32,290.12,Card,2,13.0,22,Tuesday,January,2024-01-16,False,23.15,19.0
3156,2024-01-29 04:43:00,2024-01-29 05:51:00,208,225,1,8.28,210.59,13.05,223.64,Card,1,68.0,4,Monday,January,2024-01-29,False,25.43,6.2
3157,2024-01-08 18:12:00,2024-01-08 19:28:00,244,231,1,18.14,376.63,40.25,416.88,Card,1,76.0,18,Monday,January,2024-01-08,False,20.76,10.69
3158,2024-01-12 09:10:00,2024-01-12 09:34:00,261,53,1,2.33,100.68,18.84,119.52,Card,2,24.0,9,Friday,January,2024-01-12,False,43.21,18.71
3159,2024-01-03 06:27:00,2024-01-03 07:25:00,63,6,1,12.73,284.09,28.89,312.98,Card,2,58.0,6,Wednesday,January,2024-01-03,False,22.32,10.17
3160,2024-01-28 07:32:00,2024-01-28 09:02:00,184,90,1,14.9,319.21,50.08,369.29,Card,2,90.0,7,Sunday,January,2024-01-28,False,21.42,15.69
3161,2024-01-19 04:07:00,2024-01-19 05:34:00,32,64,1,15.81,351.03,22.85,373.88,Card,2,87.0,4,Friday,January,2024-01-19,False,22.2,6.51
3162,2024-01-15 19:12:00,2024-01-15 19:46:00,7,88,2,10.72,236.34,27.57,263.91,Cash,2,34.0,19,Monday,January,2024-01-15,False,22.05,11.67
3163,2024-01-20 08:00:00,2024-01-20 08:57:00,174,33,4,8.3,204.01,25.6,229.61,Card,2,57.0,8,Saturday,January,2024-01-20,False,24.58,12.55
3164,2024-01-14 04:30:00,2024-01-14 05:37:00,146,72,4,17.38,358.67,58.7,417.37,Cash,2,67.0,4,Sunday,January,2024-01-14,False,20.64,16.37
3165,2024-01-05 02:26:00,2024-01-05 02:41:00,252,44,1,21.34,449.95,41.99,491.94,Card,1,15.0,2,Friday,January,2024-01-05,False,21.08,9.33
3166,2024-01-29 00:59:00,2024-01-29 01:34:00,166,253,1,17.65,365.3,32.74,398.04,Card,1,35.0,0,Monday,January,2024-01-29,False,20.7,8.96
3167,2024-01-13 00:17:00,2024-01-13 01:10:00,103,107,2,23.37,479.66,45.78,525.44,Card,2,53.0,0,Saturday,January,2024-01-13,False,20.52,9.54
3168,2024-01-02 09:31:00,2024-01-02 09:54:00,193,2,3,18.21,372.75,49.71,422.46,Card,1,23.0,9,Tuesday,January,2024-01-02,False,20.47,13.34
3169,2024-01-09 03:38:00,2024-01-09 03:54:00,17,136,5,19.35,400.45,72.64,473.09,Card,1,16.0,3,Tuesday,January,2024-01-09,False,20.7,18.14
3170,2024-01-20 23:57:00,2024-01-21 00:16:00,90,117,3,5.03,157.52,27.51,185.03,Card,2,19.0,23,Saturday,January,2024-01-20,False,31.32,17.46
3171,2024-01-08 17:20:00,2024-01-08 17:55:00,86,121,2,11.07,244.24,14.33,258.57,Card,1,35.0,17,Monday,January,2024-01-08,False,22.06,5.87
3172,2024-01-07 02:07:00,2024-01-07 02:54:00,103,94,1,12.64,287.42,52.27,339.69,Cash,1,47.0,2,Sunday,January,2024-01-07,False,22.74,18.19
3173,2024-01-16 20:52:00,2024-01-16 21:33:00,82,7,1,7.15,174.84,11.24,186.08,Card,1,41.0,20,Tuesday,January,2024-01-16,False,24.45,6.43
3174,2024-01-10 12:23:00,2024-01-10 13:46:00,126,88,1,13.68,298.71,33.55,332.26,Card,1,83.0,12,Wednesday,January,2024-01-10,False,21.84,11.23
3175,2024-01-01 15:29:00,2024-01-01 16:02:00,38,182,2,7.98,199.86,32.94,232.8,Cash,2,33.0,15,Monday,January,2024-01-01,False,25.05,16.48
3176,2024-01-09 07:11:00,2024-01-09 07:41:00,213,191,1,17.5,372.32,23.17,395.49,Cash,1,30.0,7,Tuesday,January,2024-01-09,False,21.28,6.22
3177,2024-01-19 01:59:00,2024-01-19 02:05:00,225,208,2,12.29,279.3,15.66,294.96,Card,1,6.0,1,Friday,January,2024-01-19,False,22.73,5.61
3178,2024-01-21 11:44:00,2024-01-21 13:12:00,222,52,2,12.01,275.38,27.4,302.78,Card,2,88.0,11,Sunday,January,2024-01-21,False,22.93,9.95
3179,2024-01-13 02:38:00,2024-01-13 02:57:00,247,244,1,24.61,491.13,78.33,569.46,Card,1,19.0,2,Saturday,January,2024-01-13,False,19.96,15.95
3180,2024-01-04 23:44:00,2024-01-04 23:52:00,136,182,4,10.42,239.6,30.73,270.33,Card,2,8.0,23,Thursday,January,2024-01-04,False,22.99,12.83
3181,2024-01-13 16:44:00,2024-01-13 18:14:00,231,211,1,9.7,215.72,24.28,240.0,Card,1,90.0,16,Saturday,January,2024-01-13,False,22.24,11.26
3182,2024-01-30 10:57:00,2024-01-30 11:51:00,9,198,4,8.65,218.76,37.62,256.38,Card,1,54.0,10,Tuesday,January,2024-01-30,False,25.29,17.2
3183,2024-01-28 14:28:00,2024-01-28 15:10:00,225,33,4,22.47,469.57,77.48,547.05,Cash,2,42.0,14,Sunday,January,2024-01-28,False,20.9,16.5
3184,2024-01-05 21:49:00,2024-01-05 22:16:00,107,102,1,12.92,278.54,46.77,325.31,Card,2,27.0,21,Friday,January,2024-01-05,False,21.56,16.79
3185,2024-01-30 09:59:00,2024-01-30 11:02:00,187,237,1,15.4,323.24,38.45,361.69,Card,2,63.0,9,Tuesday,January,2024-01-30,False,20.99,11.9
3186,2024-01-14 17:59:00,2024-01-14 19:18:00,221,216,1,5.34,137.38,7.27,144.65,Card,1,79.0,17,Sunday,January,2024-01-14,False,25.73,5.29
3187,2024-01-24 01:30:00,2024-01-24 02:02:00,95,127,2,13.98,320.75,24.32,345.07,Card,2,32.0,1,Wednesday,January,2024-01-24,False,22.94,7.58
3188,2024-01-20 14:26:00,2024-01-20 15:36:00,195,94,1,7.59,200.84,32.37,233.21,Card,2,70.0,14,Saturday,January,2024-01-20,False,26.46,16.12
3189,2024-01-04 05:32:00,2024-01-04 05:44:00,242,74,4,18.54,384.54,62.67,447.21,Card,1,12.0,5,Thursday,January,2024-01-04,False,20.74,16.3
3190,2024-01-17 21:23:00,2024-01-17 21:56:00,230,128,1,20.98,432.1,84.62,516.72,Card,2,33.0,21,Wednesday,January,2024-01-17,False,20.6,19.58
3191,2024-01-30 06:18:00,2024-01-30 06:33:00,5,74,2,18.16,375.64,29.5,405.14,Cash,1,15.0,6,Tuesday,January,2024-01-30,False,20.69,7.85
3192,2024-01-06 06:37:00,2024-01-06 06:59:00,4,256,6,18.53,391.46,26.79,418.25,Card,1,22.0,6,Saturday,January,2024-01-06,False,21.13,6.84
3193,2024-01-26 20:26:00,2024-01-26 21:25:00,253,102,2,13.3,300.92,21.31,322.23,Card,2,59.0,20,Friday,January,2024-01-26,False,22.63,7.08
3194,2024-01-05 13:51:00,2024-01-05 14:45:00,163,47,1,18.09,379.04,29.46,408.5,Cash,2,54.0,13,Friday,January,2024-01-05,False,20.95,7.77
3195,2024-01-18 22:33:00,2024-01-18 22:51:00,141,165,2,11.14,266.73,34.48,301.21,Cash,1,18.0,22,Thursday,January,2024-01-18,False,23.94,12.93
3196,2024-01-09 05:06:00,2024-01-09 06:24:00,19,256,1,16.64,355.03,69.69,424.72,Card,2,78.0,5,Tuesday,January,2024-01-09,False,21.34,19.63
3197,2024-01-19 08:17:00,2024-01-19 08:30:00,82,248,1,7.22,174.29,24.12,198.41,Cash,1,13.0,8,Friday,January,2024-01-19,False,24.14,13.84
3198,2024-01-13 23:33:00,2024-01-13 23:48:00,4,204,1,2.67,106.73,13.7,120.43,Card,2,15.0,23,Saturday,January,2024-01-13,False,39.97,12.84
3199,2024-01-10 19:38:00,2024-01-10 20:45:00,128,86,1,10.92,250.43,37.82,288.25,Card,2,67.0,19,Wednesday,January,2024-01-10,False,22.93,15.1
3200,2024-01-02 12:09:00,2024-01-02 13:29:00,187,164,2,12.08,285.51,17.44,302.95,Card,1,80.0,12,Tuesday,January,2024-01-02,False,23.63,6.11
3201,2024-01-13 21:16:00,2024-01-13 22:27:00,146,57,1,7.15,180.46,31.09,211.55,Card,1,71.0,21,Saturday,January,2024-01-13,False,25.24,17.23
3202,2024-01-16 07:32:00,2024-01-16 08:29:00,152,206,2,18.47,384.55,56.54,441.09,Card,2,57.0,7,Tuesday,January,2024-01-16,False,20.82,14.7
3203,2024-01-05 09:13:00,2024-01-05 09:56:00,93,148,1,2.77,109.38,8.28,117.66,Card,1,43.0,9,Friday,January,2024-01-05,False,39.49,7.57
3204,2024-01-06 18:35:00,2024-01-06 19:57:00,31,21,1,6.35,170.11,24.6,194.71,Cash,2,82.0,18,Saturday,January,2024-01-06,False,26.79,14.46
3205,2024-01-06 13:56:00,2024-01-06 14:56:00,28,137,1,18.97,392.69,54.75,447.44,Card,2,60.0,13,Saturday,January,2024-01-06,False,20.7,13.94
3206,2024-01-23 01:38:00,2024-01-23 02:10:00,137,10,1,11.49,276.51,16.52,293.03,Card,1,32.0,1,Tuesday,January,2024-01-23,False,24.07,5.97
3207,2024-01-20 06:14:00,2024-01-20 07:33:00,90,45,1,17.93,371.81,33.48,405.29,Card,1,79.0,6,Saturday,January,2024-01-20,False,20.74,9.0
3208,2024-01-17 02:13:00,2024-01-17 02:56:00,49,249,2,14.62,311.49,33.84,345.33,Cash,1,43.0,2,Wednesday,January,2024-01-17,False,21.31,10.86
3209,2024-01-22 02:43:00,2024-01-22 03:12:00,258,30,6,23.82,494.69,42.91,537.6,Cash,2,29.0,2,Monday,January,2024-01-22,False,20.77,8.67
3210,2024-01-01 13:05:00,2024-01-01 13:30:00,6,225,1,15.35,316.4,27.36,343.76,Card,2,25.0,13,Monday,January,2024-01-01,False,20.61,8.65
3211,2024-01-05 06:19:00,2024-01-05 06:33:00,29,177,1,1.36,70.52,9.59,80.11,Cash,1,14.0,6,Friday,January,2024-01-05,False,51.85,13.6
3212,2024-01-05 09:44:00,2024-01-05 10:31:00,156,96,1,9.47,228.17,27.52,255.69,Cash,1,47.0,9,Friday,January,2024-01-05,False,24.09,12.06
3213,2024-01-14 01:20:00,2024-01-14 01:39:00,263,17,3,4.43,124.61,18.7,143.31,Cash,2,19.0,1,Sunday,January,2024-01-14,False,28.13,15.01
3214,2024-01-18 14:52:00,2024-01-18 16:19:00,34,28,2,23.19,486.99,94.21,581.2,Card,2,87.0,14,Thursday,January,2024-01-18,False,21.0,19.35
3215,2024-01-15 06:18:00,2024-01-15 07:10:00,237,126,2,3.5,116.93,17.43,134.36,Card,1,52.0,6,Monday,January,2024-01-15,False,33.41,14.91
3216,2024-01-11 09:33:00,2024-01-11 11:03:00,138,187,1,10.3,243.32,33.41,276.73,Card,1,90.0,9,Thursday,January,2024-01-11,False,23.62,13.73
3217,2024-01-04 21:39:00,2024-01-04 22:04:00,57,142,1,6.43,160.55,28.44,188.99,Cash,2,25.0,21,Thursday,January,2024-01-04,False,24.97,17.71
3218,2024-01-25 02:24:00,2024-01-25 03:28:00,175,138,1,21.32,432.44,62.62,495.06,Cash,2,64.0,2,Thursday,January,2024-01-25,False,20.28,14.48
3219,2024-01-26 09:35:00,2024-01-26 10:29:00,214,229,3,8.41,209.82,15.7,225.52,Cash,1,54.0,9,Friday,January,2024-01-26,False,24.95,7.48
3220,2024-01-28 17:19:00,2024-01-28 17:46:00,27,214,1,24.81,503.07,48.9,551.97,Card,2,27.0,17,Sunday,January,2024-01-28,False,20.28,9.72
3221,2024-01-30 08:21:00,2024-01-30 08:38:00,119,58,2,1.93,98.27,15.72,113.99,Card,2,17.0,8,Tuesday,January,2024-01-30,False,50.92,16.0
3222,2024-01-20 05:56:00,2024-01-20 07:09:00,147,18,1,4.08,121.52,19.54,141.06,Card,2,73.0,5,Saturday,January,2024-01-20,False,29.78,16.08
3223,2024-01-03 05:56:00,2024-01-03 06:04:00,258,180,1,6.39,174.63,34.59,209.22,Card,1,8.0,5,Wednesday,January,2024-01-03,False,27.33,19.81
3224,2024-01-12 00:08:00,2024-01-12 01:30:00,189,158,1,20.47,417.19,60.09,477.28,Card,2,82.0,0,Friday,January,2024-01-12,False,20.38,14.4
3225,2024-01-02 15:12:00,2024-01-02 16:28:00,231,256,2,22.08,455.04,84.15,539.19,Card,1,76.0,15,Tuesday,January,2024-01-02,False,20.61,18.49
3226,2024-01-02 08:12:00,2024-01-02 08:25:00,198,37,1,2.71,106.93,6.22,113.15,Cash,2,13.0,8,Tuesday,January,2024-01-02,False,39.46,5.82
3227,2024-01-08 13:53:00,2024-01-08 14:32:00,239,262,6,1.78,75.7,10.21,85.91,Card,2,39.0,13,Monday,January,2024-01-08,False,42.53,13.49
3228,2024-01-06 22:36:00,2024-01-06 23:01:00,70,79,1,18.87,396.12,74.46,470.58,Cash,1,25.0,22,Saturday,January,2024-01-06,False,20.99,18.8
3229,2024-01-15 19:00:00,2024-01-15 20:02:00,252,154,1,4.2,115.96,10.79,126.75,Card,1,62.0,19,Monday,January,2024-01-15,False,27.61,9.3
3230,2024-01-04 19:38:00,2024-01-04 20:00:00,193,158,1,4.19,130.46,9.55,140.01,Card,2,22.0,19,Thursday,January,2024-01-04,False,31.14,7.32
3231,2024-01-08 08:22:00,2024-01-08 09:38:00,25,75,3,1.54,88.65,9.09,97.74,Card,1,76.0,8,Monday,January,2024-01-08,False,57.56,10.25
3232,2024-01-07 15:29:00,2024-01-07 16:54:00,70,55,1,2.2,81.78,13.81,95.59,Cash,1,85.0,15,Sunday,January,2024-01-07,False,37.17,16.89
3233,2024-01-04 08:57:00,2024-01-04 09:44:00,156,206,1,7.33,200.1,12.55,212.65,Cash,1,47.0,8,Thursday,January,2024-01-04,False,27.3,6.27
3234,2024-01-01 05:40:00,2024-01-01 05:50:00,146,215,1,2.56,99.84,13.98,113.82,Card,2,10.0,5,Monday,January,2024-01-01,False,39.0,14.0
3235,2024-01-12 15:26:00,2024-01-12 16:56:00,219,9,1,9.85,245.45,17.27,262.72,Card,1,90.0,15,Friday,January,2024-01-12,False,24.92,7.04
3236,2024-01-19 03:32:00,2024-01-19 04:54:00,49,106,2,20.99,421.04,48.56,469.6,Card,2,82.0,3,Friday,January,2024-01-19,False,20.06,11.53
3237,2024-01-06 21:31:00,2024-01-06 22:42:00,194,245,1,8.83,227.44,44.33,271.77,Card,1,71.0,21,Saturday,January,2024-01-06,False,25.76,19.49
3238,2024-01-01 02:18:00,2024-01-01 02:34:00,40,103,2,18.47,375.74,29.79,405.53,Card,1,16.0,2,Monday,January,2024-01-01,False,20.34,7.93
3239,2024-01-01 05:58:00,2024-01-01 06:14:00,85,33,2,3.25,112.34,6.19,118.53,Card,2,16.0,5,Monday,January,2024-01-01,False,34.57,5.51
3240,2024-01-07 17:54:00,2024-01-07 19:04:00,4,108,3,16.83,371.08,42.33,413.41,Card,2,70.0,17,Sunday,January,2024-01-07,False,22.05,11.41
3241,2024-01-14 18:40:00,2024-01-14 18:46:00,247,73,1,8.6,201.78,27.57,229.35,Card,1,6.0,18,Sunday,January,2024-01-14,False,23.46,13.66
3242,2024-01-24 21:15:00,2024-01-24 21:34:00,5,181,1,18.99,382.86,36.23,419.09,Cash,2,19.0,21,Wednesday,January,2024-01-24,False,20.16,9.46
3243,2024-01-22 06:54:00,2024-01-22 07:21:00,226,152,4,4.27,140.65,18.46,159.11,Card,2,27.0,6,Monday,January,2024-01-22,False,32.94,13.12
3244,2024-01-18 23:19:00,2024-01-18 23:52:00,150,68,2,22.55,463.78,89.51,553.29,Cash,1,33.0,23,Thursday,January,2024-01-18,False,20.57,19.3
3245,2024-01-12 02:36:00,2024-01-12 04:01:00,238,197,1,6.82,178.18,17.24,195.42,Card,1,85.0,2,Friday,January,2024-01-12,False,26.13,9.68
3246,2024-01-27 05:32:00,2024-01-27 05:43:00,148,32,1,9.48,211.67,20.41,232.08,Card,2,11.0,5,Saturday,January,2024-01-27,False,22.33,9.64
3247,2024-01-19 14:02:00,2024-01-19 14:34:00,103,108,4,23.8,488.0,59.74,547.74,Card,1,32.0,14,Friday,January,2024-01-19,False,20.5,12.24
3248,2024-01-10 05:23:00,2024-01-10 05:41:00,175,79,1,14.88,312.99,39.84,352.83,Card,2,18.0,5,Wednesday,January,2024-01-10,False,21.03,12.73
3249,2024-01-28 09:00:00,2024-01-28 09:48:00,236,259,3,9.78,243.98,12.25,256.23,Cash,2,48.0,9,Sunday,January,2024-01-28,False,24.95,5.02
3250,2024-01-14 13:54:00,2024-01-14 14:28:00,34,175,1,23.79,488.79,69.59,558.38,Cash,2,34.0,13,Sunday,January,2024-01-14,False,20.55,14.24
3251,2024-01-15 00:59:00,2024-01-15 02:24:00,172,15,1,8.9,221.41,44.19,265.6,Cash,1,85.0,0,Monday,January,2024-01-15,False,24.88,19.96
3252,2024-01-25 05:59:00,2024-01-25 06:35:00,6,51,1,3.28,106.02,9.94,115.96,Card,2,36.0,5,Thursday,January,2024-01-25,False,32.32,9.38
3253,2024-01-07 13:09:00,2024-01-07 14:23:00,225,107,1,24.92,514.98,74.48,589.46,Cash,1,74.0,13,Sunday,January,2024-01-07,False,20.67,14.46
3254,2024-01-28 13:13:00,2024-01-28 13:23:00,53,210,1,7.43,189.87,9.63,199.5,Card,2,10.0,13,Sunday,January,2024-01-28,False,25.55,5.07
3255,2024-01-14 08:18:00,2024-01-14 08:49:00,257,202,3,21.43,451.45,63.5,514.95,Card,2,31.0,8,Sunday,January,2024-01-14,False,21.07,14.07
3256,2024-01-09 15:32:00,2024-01-09 16:58:00,59,218,2,4.97,137.59,16.11,153.7,Card,2,86.0,15,Tuesday,January,2024-01-09,False,27.68,11.71
3257,2024-01-14 03:51:00,2024-01-14 04:19:00,246,41,2,18.55,396.56,51.37,447.93,Card,1,28.0,3,Sunday,January,2024-01-14,False,21.38,12.95
3258,2024-01-01 21:47:00,2024-01-01 22:25:00,7,259,2,13.59,301.86,39.72,341.58,Card,1,38.0,21,Monday,January,2024-01-01,False,22.21,13.16
3259,2024-01-11 07:32:00,2024-01-11 08:16:00,214,203,1,24.54,483.17,36.98,520.15,Card,2,44.0,7,Thursday,January,2024-01-11,False,19.69,7.65
3260,2024-01-18 12:32:00,2024-01-18 13:23:00,78,99,1,14.27,309.02,51.14,360.16,Card,2,51.0,12,Thursday,January,2024-01-18,False,21.66,16.55
3261,2024-01-25 14:28:00,2024-01-25 15:51:00,189,149,4,1.6,74.32,9.91,84.23,Card,1,83.0,14,Thursday,January,2024-01-25,False,46.45,13.33
3262,2024-01-30 23:31:00,2024-01-31 00:50:00,216,105,1,15.49,329.6,29.84,359.44,Card,2,79.0,23,Tuesday,January,2024-01-30,False,21.28,9.05
3263,2024-01-19 09:25:00,2024-01-19 10:55:00,61,203,1,4.49,132.32,25.22,157.54,Card,1,90.0,9,Friday,January,2024-01-19,False,29.47,19.06
3264,2024-01-08 02:38:00,2024-01-08 03:06:00,61,95,6,20.16,417.13,21.66,438.79,Card,2,28.0,2,Monday,January,2024-01-08,False,20.69,5.19
3265,2024-01-28 01:35:00,2024-01-28 02:44:00,215,177,1,21.56,446.09,70.88,516.97,Card,2,69.0,1,Sunday,January,2024-01-28,False,20.69,15.89
3266,2024-01-01 19:00:00,2024-01-01 19:22:00,45,65,3,12.57,283.39,30.38,313.77,Cash,1,22.0,19,Monday,January,2024-01-01,False,22.54,10.72
3267,2024-01-18 06:02:00,2024-01-18 06:50:00,172,41,3,19.8,397.57,51.04,448.61,Card,1,48.0,6,Thursday,January,2024-01-18,False,20.08,12.84
3268,2024-01-19 08:21:00,2024-01-19 09:41:00,221,224,1,4.48,143.16,13.42,156.58,Card,1,80.0,8,Friday,January,2024-01-19,False,31.96,9.37
3269,2024-01-02 04:28:00,2024-01-02 05:29:00,95,67,1,12.81,299.06,29.36,328.42,Cash,2,61.0,4,Tuesday,January,2024-01-02,False,23.35,9.82
3270,2024-01-03 12:30:00,2024-01-03 13:02:00,44,255,5,10.45,238.56,12.47,251.03,Card,2,32.0,12,Wednesday,January,2024-01-03,False,22.83,5.23
3271,2024-01-14 14:35:00,2024-01-14 15:50:00,228,69,1,15.67,327.45,52.22,379.67,Cash,1,75.0,14,Sunday,January,2024-01-14,False,20.9,15.95
3272,2024-01-08 06:45:00,2024-01-08 07:12:00,62,171,1,2.07,93.46,14.64,108.1,Card,2,27.0,6,Monday,January,2024-01-08,False,45.15,15.66
3273,2024-01-20 15:48:00,2024-01-20 17:17:00,219,101,1,19.05,404.05,59.86,463.91,Card,2,89.0,15,Saturday,January,2024-01-20,False,21.21,14.81
3274,2024-01-19 02:46:00,2024-01-19 03:24:00,89,140,2,2.9,112.57,20.45,133.02,Card,2,38.0,2,Friday,January,2024-01-19,False,38.82,18.17
3275,2024-01-12 16:59:00,2024-01-12 17:14:00,112,206,2,16.76,360.04,66.68,426.72,Card,1,15.0,16,Friday,January,2024-01-12,False,21.48,18.52
3276,2024-01-06 08:04:00,2024-01-06 09:34:00,207,73,4,1.44,70.31,9.38,79.69,Card,1,90.0,8,Saturday,January,2024-01-06,False,48.83,13.34
3277,2024-01-18 17:52:00,2024-01-18 18:31:00,203,60,4,20.97,442.56,67.59,510.15,Card,2,39.0,17,Thursday,January,2024-01-18,False,21.1,15.27
3278,2024-01-01 20:07:00,2024-01-01 20:53:00,33,156,4,5.19,146.19,7.55,153.74,Card,2,46.0,20,Monday,January,2024-01-01,False,28.17,5.16
3279,2024-01-02 08:40:00,2024-01-02 09:12:00,215,124,1,13.37,287.3,50.84,338.14,Card,2,32.0,8,Tuesday,January,2024-01-02,False,21.49,17.7
3280,2024-01-01 09:17:00,2024-01-01 10:43:00,12,14,2,7.28,173.63,29.94,203.57,Cash,1,86.0,9,Monday,January,2024-01-01,False,23.85,17.24
3281,2024-01-21 14:49:00,2024-01-21 16:11:00,2,27,1,18.34,382.62,20.29,402.91,Cash,1,82.0,14,Sunday,January,2024-01-21,False,20.86,5.3
3282,2024-01-10 15:33:00,2024-01-10 16:59:00,149,245,1,8.71,215.32,28.3,243.62,Card,1,86.0,15,Wednesday,January,2024-01-10,False,24.72,13.14
3283,2024-01-23 09:52:00,2024-01-23 10:20:00,142,50,3,18.39,390.98,72.72,463.7,Card,1,28.0,9,Tuesday,January,2024-01-23,False,21.26,18.6
3284,2024-01-01 14:42:00,2024-01-01 14:54:00,207,187,1,7.84,210.0,16.21,226.21,Card,1,12.0,14,Monday,January,2024-01-01,False,26.79,7.72
3285,2024-01-27 01:29:00,2024-01-27 02:26:00,192,57,4,19.06,387.67,39.89,427.56,Card,2,57.0,1,Saturday,January,2024-01-27,False,20.34,10.29
3286,2024-01-27 19:55:00,2024-01-27 21:11:00,252,259,1,1.73,100.71,10.04,110.75,Cash,2,76.0,19,Saturday,January,2024-01-27,False,58.21,9.97
3287,2024-01-21 12:15:00,2024-01-21 12:23:00,204,155,3,7.8,200.04,20.68,220.72,Card,1,8.0,12,Sunday,January,2024-01-21,False,25.65,10.34
3288,2024-01-09 22:29:00,2024-01-09 22:38:00,46,34,1,12.97,287.09,16.16,303.25,Cash,1,9.0,22,Tuesday,January,2024-01-09,False,22.13,5.63
3289,2024-01-05 23:26:00,2024-01-06 00:19:00,261,26,1,2.08,104.09,9.56,113.65,Cash,1,53.0,23,Friday,January,2024-01-05,False,50.04,9.18
3290,2024-01-10 00:22:00,2024-01-10 00:56:00,66,250,1,5.46,159.11,14.99,174.1,Cash,1,34.0,0,Wednesday,January,2024-01-10,False,29.14,9.42
3291,2024-01-29 06:17:00,2024-01-29 07:33:00,150,86,1,23.43,472.2,84.94,557.14,Card,2,76.0,6,Monday,January,2024-01-29,False,20.15,17.99
3292,2024-01-27 11:15:00,2024-01-27 12:22:00,70,160,1,24.44,506.44,52.07,558.51,Cash,2,67.0,11,Saturday,January,2024-01-27,False,20.72,10.28
3293,2024-01-06 01:09:00,2024-01-06 02:00:00,2,200,4,18.75,397.5,46.54,444.04,Cash,2,51.0,1,Saturday,January,2024-01-06,False,21.2,11.71
3294,2024-01-20 11:44:00,2024-01-20 12:14:00,29,106,2,7.05,187.87,20.12,207.99,Cash,2,30.0,11,Saturday,January,2024-01-20,False,26.65,10.71
3295,2024-01-10 09:27:00,2024-01-10 10:28:00,256,258,1,7.25,197.39,13.44,210.83,Card,1,61.0,9,Wednesday,January,2024-01-10,False,27.23,6.81
3296,2024-01-02 16:54:00,2024-01-02 17:35:00,61,220,1,16.5,350.45,69.58,420.03,Card,1,41.0,16,Tuesday,January,2024-01-02,False,21.24,19.85
3297,2024-01-15 11:58:00,2024-01-15 12:09:00,100,15,1,3.82,128.47,22.34,150.81,Card,1,11.0,11,Monday,January,2024-01-15,False,33.63,17.39
3298,2024-01-10 00:31:00,2024-01-10 01:15:00,144,21,1,23.76,490.02,64.26,554.28,Cash,2,44.0,0,Wednesday,January,2024-01-10,False,20.62,13.11
3299,2024-01-02 22:48:00,2024-01-02 23:31:00,192,59,2,6.4,168.82,20.5,189.32,Cash,2,43.0,22,Tuesday,January,2024-01-02,False,26.38,12.14
3300,2024-01-28 08:50:00,2024-01-28 09:56:00,204,82,1,24.99,492.32,72.56,564.88,Card,2,66.0,8,Sunday,January,2024-01-28,False,19.7,14.74
3301,2024-01-26 09:53:00,2024-01-26 11:15:00,245,118,2,12.9,295.34,29.23,324.57,Cash,2,82.0,9,Friday,January,2024-01-26,False,22.89,9.9
3302,2024-01-26 05:04:00,2024-01-26 06:01:00,31,113,1,19.51,392.61,22.59,415.2,Cash,2,57.0,5,Friday,January,2024-01-26,False,20.12,5.75
3303,2024-01-22 02:26:00,2024-01-22 02:34:00,52,257,2,1.05,80.44,8.9,89.34,Card,1,8.0,2,Monday,January,2024-01-22,False,76.61,11.06
3304,2024-01-03 15:22:00,2024-01-03 16:48:00,243,235,2,22.33,469.27,92.73,562.0,Card,2,86.0,15,Wednesday,January,2024-01-03,False,21.02,19.76
3305,2024-01-20 23:13:00,2024-01-20 23:42:00,263,51,1,7.48,185.05,14.31,199.36,Card,2,29.0,23,Saturday,January,2024-01-20,False,24.74,7.73
3306,2024-01-15 15:23:00,2024-01-15 15:34:00,174,166,3,17.03,349.6,45.15,394.75,Cash,2,11.0,15,Monday,January,2024-01-15,False,20.53,12.91
3307,2024-01-13 17:54:00,2024-01-13 18:26:00,100,231,2,20.35,413.29,21.19,434.48,Card,1,32.0,17,Saturday,January,2024-01-13,False,20.31,5.13
3308,2024-01-16 09:50:00,2024-01-16 11:03:00,61,221,2,4.94,145.79,9.96,155.75,Card,2,73.0,9,Tuesday,January,2024-01-16,False,29.51,6.83
3309,2024-01-05 06:22:00,2024-01-05 07:33:00,188,84,1,11.62,277.44,38.31,315.75,Card,2,71.0,6,Friday,January,2024-01-05,False,23.88,13.81
3310,2024-01-20 17:18:00,2024-01-20 17:42:00,7,230,4,12.85,286.67,27.12,313.79,Card,1,24.0,17,Saturday,January,2024-01-20,False,22.31,9.46
3311,2024-01-30 01:42:00,2024-01-30 03:09:00,189,222,2,8.49,196.2,36.46,232.66,Card,1,87.0,1,Tuesday,January,2024-01-30,False,23.11,18.58
3312,2024-01-24 00:12:00,2024-01-24 00:27:00,83,154,1,12.56,284.91,31.6,316.51,Card,1,15.0,0,Wednesday,January,2024-01-24,False,22.68,11.09
3313,2024-01-14 13:03:00,2024-01-14 14:14:00,124,54,1,8.62,217.15,17.63,234.78,Card,2,71.0,13,Sunday,January,2024-01-14,False,25.19,8.12
3314,2024-01-25 01:11:00,2024-01-25 01:22:00,157,119,1,9.66,225.68,29.75,255.43,Card,2,11.0,1,Thursday,January,2024-01-25,False,23.36,13.18
3315,2024-01-12 10:59:00,2024-01-12 11:26:00,87,198,1,17.06,368.73,62.41,431.14,Card,2,27.0,10,Friday,January,2024-01-12,False,21.61,16.93
3316,2024-01-28 16:12:00,2024-01-28 17:17:00,148,198,6,16.18,340.98,18.04,359.02,Card,2,65.0,16,Sunday,January,2024-01-28,False,21.07,5.29
3317,2024-01-06 13:36:00,2024-01-06 14:51:00,70,128,1,6.57,181.93,22.89,204.82,Card,1,75.0,13,Saturday,January,2024-01-06,False,27.69,12.58
3318,2024-01-02 15:44:00,2024-01-02 16:22:00,76,92,3,22.54,455.95,75.69,531.64,Card,1,38.0,15,Tuesday,January,2024-01-02,False,20.23,16.6
3319,2024-01-11 11:12:00,2024-01-11 11:35:00,114,9,1,21.71,438.46,28.74,467.2,Card,1,23.0,11,Thursday,January,2024-01-11,False,20.2,6.55
3320,2024-01-26 11:43:00,2024-01-26 12:45:00,3,227,1,13.22,304.34,56.43,360.77,Card,1,62.0,11,Friday,January,2024-01-26,False,23.02,18.54
3321,2024-01-11 01:22:00,2024-01-11 01:35:00,234,46,5,11.4,261.65,23.46,285.11,Cash,2,13.0,1,Thursday,January,2024-01-11,False,22.95,8.97
3322,2024-01-29 03:10:00,2024-01-29 04:02:00,167,134,1,10.04,229.27,17.33,246.6,Card,1,52.0,3,Monday,January,2024-01-29,False,22.84,7.56
3323,2024-01-16 03:46:00,2024-01-16 05:12:00,99,16,2,17.97,391.51,54.18,445.69,Card,2,86.0,3,Tuesday,January,2024-01-16,False,21.79,13.84
3324,2024-01-02 17:30:00,2024-01-02 18:15:00,124,215,4,17.12,368.89,28.13,397.02,Cash,2,45.0,17,Tuesday,January,2024-01-02,False,21.55,7.63
3325,2024-01-18 17:18:00,2024-01-18 18:10:00,45,112,4,5.71,149.4,22.7,172.1,Card,1,52.0,17,Thursday,January,2024-01-18,False,26.16,15.19
3326,2024-01-17 16:45:00,2024-01-17 17:34:00,106,157,3,17.11,366.42,45.26,411.68,Card,2,49.0,16,Wednesday,January,2024-01-17,False,21.42,12.35
3327,2024-01-19 16:30:00,2024-01-19 16:59:00,134,198,3,7.06,193.19,12.85,206.04,Card,2,29.0,16,Friday,January,2024-01-19,False,27.36,6.65
3328,2024-01-18 01:26:00,2024-01-18 02:48:00,8,58,2,1.45,86.98,16.25,103.23,Cash,2,82.0,1,Thursday,January,2024-01-18,False,59.99,18.68
3329,2024-01-24 13:05:00,2024-01-24 13:34:00,28,78,1,17.78,367.38,55.47,422.85,Cash,1,29.0,13,Wednesday,January,2024-01-24,False,20.66,15.1
3330,2024-01-19 19:43:00,2024-01-19 20:06:00,223,242,2,16.48,356.11,46.97,403.08,Card,2,23.0,19,Friday,January,2024-01-19,False,21.61,13.19
3331,2024-01-26 03:08:00,2024-01-26 03:51:00,8,99,5,10.86,254.05,26.97,281.02,Card,2,43.0,3,Friday,January,2024-01-26,False,23.39,10.62
3332,2024-01-05 01:25:00,2024-01-05 02:48:00,134,6,1,13.62,309.79,21.76,331.55,Card,2,83.0,1,Friday,January,2024-01-05,False,22.75,7.02
3333,2024-01-15 16:42:00,2024-01-15 18:06:00,29,212,1,23.73,472.48,73.77,546.25,Card,1,84.0,16,Monday,January,2024-01-15,False,19.91,15.61
3334,2024-01-26 11:14:00,2024-01-26 11:45:00,115,84,2,15.28,336.03,57.81,393.84,Cash,2,31.0,11,Friday,January,2024-01-26,False,21.99,17.2
3335,2024-01-14 10:17:00,2024-01-14 11:35:00,34,112,2,16.79,343.04,23.63,366.67,Card,2,78.0,10,Sunday,January,2024-01-14,False,20.43,6.89
3336,2024-01-16 11:53:00,2024-01-16 13:00:00,7,198,1,2.53,106.43,13.22,119.65,Card,2,67.0,11,Tuesday,January,2024-01-16,False,42.07,12.42
3337,2024-01-19 17:03:00,2024-01-19 18:15:00,40,28,2,4.98,158.45,19.45,177.9,Cash,1,72.0,17,Friday,January,2024-01-19,False,31.82,12.28
3338,2024-01-09 14:53:00,2024-01-09 15:16:00,62,141,2,8.22,193.19,19.8,212.99,Card,1,23.0,14,Tuesday,January,2024-01-09,False,23.5,10.25
3339,2024-01-01 04:36:00,2024-01-01 05:08:00,86,173,2,13.95,300.44,50.59,351.03,Card,1,32.0,4,Monday,January,2024-01-01,False,21.54,16.84
3340,2024-01-13 05:31:00,2024-01-13 07:00:00,213,20,1,19.64,411.01,26.69,437.7,Card,2,89.0,5,Saturday,January,2024-01-13,False,20.93,6.49
3341,2024-01-28 03:45:00,2024-01-28 05:07:00,116,117,1,8.71,218.75,17.66,236.41,Card,2,82.0,3,Sunday,January,2024-01-28,False,25.11,8.07
3342,2024-01-09 07:04:00,2024-01-09 07:41:00,65,54,2,9.55,222.23,11.16,233.39,Cash,2,37.0,7,Tuesday,January,2024-01-09,False,23.27,5.02
3343,2024-01-12 01:06:00,2024-01-12 01:20:00,170,227,2,7.15,188.63,19.98,208.61,Card,2,14.0,1,Friday,January,2024-01-12,False,26.38,10.59
3344,2024-01-15 06:16:00,2024-01-15 07:43:00,116,109,1,7.11,194.96,18.26,213.22,Card,2,87.0,6,Monday,January,2024-01-15,False,27.42,9.37
3345,2024-01-20 07:30:00,2024-01-20 08:04:00,116,231,1,23.77,489.66,88.16,577.82,Card,1,34.0,7,Saturday,January,2024-01-20,False,20.6,18.0
3346,2024-01-09 13:06:00,2024-01-09 13:32:00,221,229,1,16.25,353.83,57.28,411.11,Card,1,26.0,13,Tuesday,January,2024-01-09,False,21.77,16.19
3347,2024-01-08 07:03:00,2024-01-08 07:10:00,50,87,1,4.74,136.78,8.57,145.35,Card,2,7.0,7,Monday,January,2024-01-08,False,28.86,6.27
3348,2024-01-14 08:25:00,2024-01-14 09:51:00,79,228,5,18.33,397.28,64.02,461.3,Card,1,86.0,8,Sunday,January,2024-01-14,False,21.67,16.11
3349,2024-01-26 16:16:00,2024-01-26 17:35:00,20,71,2,18.33,378.26,57.23,435.49,Cash,1,79.0,16,Friday,January,2024-01-26,False,20.64,15.13
3350,2024-01-09 01:10:00,2024-01-09 02:02:00,37,228,3,17.0,352.16,32.49,384.65,Cash,2,52.0,1,Tuesday,January,2024-01-09,False,20.72,9.23
3351,2024-01-08 13:26:00,2024-01-08 13:32:00,259,113,1,4.23,127.07,6.65,133.72,Card,2,6.0,13,Monday,January,2024-01-08,False,30.04,5.23
3352,2024-01-09 22:26:00,2024-01-09 23:46:00,93,105,1,10.79,253.72,17.07,270.79,Card,1,80.0,22,Tuesday,January,2024-01-09,False,23.51,6.73
3353,2024-01-01 18:08:00,2024-01-01 19:06:00,187,9,1,3.56,129.93,11.37,141.3,Card,1,58.0,18,Monday,January,2024-01-01,False,36.5,8.75
3354,2024-01-03 08:03:00,2024-01-03 08:13:00,201,165,2,20.6,414.76,71.54,486.3,Card,2,10.0,8,Wednesday,January,2024-01-03,False,20.13,17.25
3355,2024-01-23 18:32:00,2024-01-23 19:16:00,48,60,1,16.72,365.37,43.77,409.14,Cash,2,44.0,18,Tuesday,January,2024-01-23,False,21.85,11.98
3356,2024-01-07 18:44:00,2024-01-07 18:50:00,253,106,2,13.17,301.44,56.6,358.04,Cash,2,6.0,18,Sunday,January,2024-01-07,False,22.89,18.78
3357,2024-01-15 07:40:00,2024-01-15 08:57:00,46,111,1,9.23,223.75,37.67,261.42,Cash,1,77.0,7,Monday,January,2024-01-15,False,24.24,16.84
3358,2024-01-30 16:07:00,2024-01-30 16:13:00,231,89,1,5.42,160.38,14.93,175.31,Cash,1,6.0,16,Tuesday,January,2024-01-30,False,29.59,9.31
3359,2024-01-09 23:35:00,2024-01-10 00:53:00,95,230,1,3.55,109.36,19.34,128.7,Card,2,78.0,23,Tuesday,January,2024-01-09,False,30.81,17.68
3360,2024-01-06 14:28:00,2024-01-06 15:27:00,218,71,3,24.26,481.77,32.52,514.29,Card,2,59.0,14,Saturday,January,2024-01-06,False,19.86,6.75
3361,2024-01-06 01:35:00,2024-01-06 02:51:00,40,119,1,5.79,170.1,9.43,179.53,Cash,2,76.0,1,Saturday,January,2024-01-06,False,29.38,5.54
3362,2024-01-29 14:00:00,2024-01-29 15:04:00,203,103,1,2.44,98.86,13.97,112.83,Cash,2,64.0,14,Monday,January,2024-01-29,False,40.52,14.13
3363,2024-01-08 21:50:00,2024-01-08 22:00:00,116,202,4,24.08,480.82,48.69,529.51,Cash,2,10.0,21,Monday,January,2024-01-08,False,19.97,10.13
3364,2024-01-29 14:56:00,2024-01-29 15:19:00,91,23,2,14.17,315.72,31.39,347.11,Card,1,23.0,14,Monday,January,2024-01-29,False,22.28,9.94
3365,2024-01-14 23:31:00,2024-01-15 00:02:00,58,90,1,20.12,428.92,65.66,494.58,Card,1,31.0,23,Sunday,January,2024-01-14,False,21.32,15.31
3366,2024-01-21 06:58:00,2024-01-21 07:03:00,10,93,1,2.05,95.87,17.02,112.89,Card,2,5.0,6,Sunday,January,2024-01-21,False,46.77,17.75
3367,2024-01-08 05:53:00,2024-01-08 06:30:00,256,171,1,14.61,313.4,30.82,344.22,Card,2,37.0,5,Monday,January,2024-01-08,False,21.45,9.83
3368,2024-01-11 10:38:00,2024-01-11 11:22:00,249,221,2,10.56,244.58,24.15,268.73,Card,2,44.0,10,Thursday,January,2024-01-11,False,23.16,9.87
3369,2024-01-20 13:42:00,2024-01-20 14:18:00,6,24,2,19.53,414.11,53.87,467.98,Cash,1,36.0,13,Saturday,January,2024-01-20,False,21.2,13.01
3370,2024-01-09 00:08:00,2024-01-09 01:21:00,188,202,1,1.92,76.59,11.33,87.92,Cash,2,73.0,0,Tuesday,January,2024-01-09,False,39.89,14.79
3371,2024-01-15 18:41:00,2024-01-15 19:02:00,235,124,3,10.64,238.03,19.15,257.18,Cash,1,21.0,18,Monday,January,2024-01-15,False,22.37,8.05
3372,2024-01-06 23:25:00,2024-01-06 23:37:00,183,142,1,20.18,417.12,77.96,495.08,Card,1,12.0,23,Saturday,January,2024-01-06,False,20.67,18.69
3373,2024-01-25 03:42:00,2024-01-25 04:43:00,123,52,1,13.54,301.85,44.72,346.57,Card,2,61.0,3,Thursday,January,2024-01-25,False,22.29,14.82
3374,2024-01-01 23:01:00,2024-01-01 23:47:00,158,70,5,14.2,305.77,43.96,349.73,Card,2,46.0,23,Monday,January,2024-01-01,False,21.53,14.38
3375,2024-01-01 18:18:00,2024-01-01 18:31:00,13,260,1,3.33,108.89,20.21,129.1,Card,2,13.0,18,Monday,January,2024-01-01,False,32.7,18.56
3376,2024-01-14 18:10:00,2024-01-14 18:49:00,54,186,3,4.18,116.48,21.68,138.16,Card,2,39.0,18,Sunday,January,2024-01-14,False,27.87,18.61
3377,2024-01-17 21:22:00,2024-01-17 22:37:00,43,207,2,17.25,351.48,24.72,376.2,Cash,2,75.0,21,Wednesday,January,2024-01-17,False,20.38,7.03
3378,2024-01-30 01:49:00,2024-01-30 03:12:00,109,39,1,17.2,357.96,25.69,383.65,Card,1,83.0,1,Tuesday,January,2024-01-30,False,20.81,7.18
3379,2024-01-23 21:15:00,2024-01-23 22:12:00,166,66,1,24.5,496.92,81.64,578.56,Card,1,57.0,21,Tuesday,January,2024-01-23,False,20.28,16.43
3380,2024-01-08 02:07:00,2024-01-08 03:05:00,106,13,1,18.09,382.31,73.99,456.3,Card,2,58.0,2,Monday,January,2024-01-08,False,21.13,19.35
3381,2024-01-16 03:13:00,2024-01-16 04:41:00,51,194,4,12.84,285.94,42.88,328.82,Cash,2,88.0,3,Tuesday,January,2024-01-16,False,22.27,15.0
3382,2024-01-02 10:52:00,2024-01-02 11:21:00,204,133,1,21.58,440.74,49.23,489.97,Cash,2,29.0,10,Tuesday,January,2024-01-02,False,20.42,11.17
3383,2024-01-20 14:20:00,2024-01-20 15:31:00,43,195,1,3.51,110.75,16.89,127.64,Cash,2,71.0,14,Saturday,January,2024-01-20,False,31.55,15.25
3384,2024-01-13 20:34:00,2024-01-13 21:40:00,85,78,1,11.78,264.06,22.27,286.33,Cash,2,66.0,20,Saturday,January,2024-01-13,False,22.42,8.43
3385,2024-01-27 09:30:00,2024-01-27 10:29:00,217,250,2,7.89,186.18,37.18,223.36,Card,1,59.0,9,Saturday,January,2024-01-27,False,23.6,19.97
3386,2024-01-06 22:29:00,2024-01-06 23:19:00,158,232,1,3.51,106.64,12.23,118.87,Cash,1,50.0,22,Saturday,January,2024-01-06,False,30.38,11.47
3387,2024-01-16 07:11:00,2024-01-16 07:39:00,127,180,1,19.32,396.76,75.29,472.05,Card,1,28.0,7,Tuesday,January,2024-01-16,False,20.54,18.98
3388,2024-01-04 14:25:00,2024-01-04 15:15:00,191,177,6,13.26,308.54,35.36,343.9,Card,1,50.0,14,Thursday,January,2024-01-04,False,23.27,11.46
3389,2024-01-11 14:31:00,2024-01-11 14:57:00,60,29,1,14.36,308.27,58.33,366.6,Card,2,26.0,14,Thursday,January,2024-01-11,False,21.47,18.92
3390,2024-01-05 00:16:00,2024-01-05 00:31:00,62,166,1,10.87,263.75,26.47,290.22,Cash,2,15.0,0,Friday,January,2024-01-05,False,24.26,10.04
3391,2024-01-09 15:29:00,2024-01-09 16:21:00,126,226,2,12.05,268.67,44.08,312.75,Cash,2,52.0,15,Tuesday,January,2024-01-09,False,22.3,16.41
3392,2024-01-17 20:57:00,2024-01-17 21:09:00,172,136,3,3.78,121.21,23.35,144.56,Card,1,12.0,20,Wednesday,January,2024-01-17,False,32.07,19.26
3393,2024-01-29 04:31:00,2024-01-29 05:14:00,63,187,1,17.15,372.61,54.74,427.35,Card,1,43.0,4,Monday,January,2024-01-29,False,21.73,14.69
3394,2024-01-11 21:57:00,2024-01-11 22:36:00,260,55,1,11.38,247.65,37.55,285.2,Cash,2,39.0,21,Thursday,January,2024-01-11,False,21.76,15.16
3395,2024-01-28 20:43:00,2024-01-28 21:36:00,16,2,1,20.6,416.27,27.24,443.51,Card,1,53.0,20,Sunday,January,2024-01-28,False,20.21,6.54
3396,2024-01-28 05:53:00,2024-01-28 06:43:00,179,17,1,5.71,172.0,20.83,192.83,Cash,2,50.0,5,Sunday,January,2024-01-28,False,30.12,12.11
3397,2024-01-08 04:30:00,2024-01-08 05:12:00,101,59,2,5.92,161.74,29.6,191.34,Card,2,42.0,4,Monday,January,2024-01-08,False,27.32,18.3
3398,2024-01-22 06:22:00,2024-01-22 06:34:00,176,88,2,16.5,338.33,29.14,367.47,Card,2,12.0,6,Monday,January,2024-01-22,False,20.5,8.61
3399,2024-01-25 12:43:00,2024-01-25 13:41:00,193,223,2,21.3,424.82,71.48,496.3,Card,2,58.0,12,Thursday,January,2024-01-25,False,19.94,16.83
3400,2024-01-03 01:11:00,2024-01-03 01:52:00,261,58,1,12.33,289.16,43.77,332.93,Card,1,41.0,1,Wednesday,January,2024-01-03,False,23.45,15.14
3401,2024-01-13 05:42:00,2024-01-13 06:26:00,175,192,3,18.45,398.3,33.24,431.54,Cash,2,44.0,5,Saturday,January,2024-01-13,False,21.59,8.35
3402,2024-01-04 06:47:00,2024-01-04 07:25:00,234,50,1,24.98,503.39,46.52,549.91,Cash,2,38.0,6,Thursday,January,2024-01-04,False,20.15,9.24
3403,2024-01-27 16:54:00,2024-01-27 18:17:00,216,213,4,24.77,490.76,56.01,546.77,Card,2,83.0,16,Saturday,January,2024-01-27,False,19.81,11.41
3404,2024-01-26 07:49:00,2024-01-26 08:10:00,247,230,1,18.86,404.39,27.81,432.2,Cash,2,21.0,7,Friday,January,2024-01-26,False,21.44,6.88
3405,2024-01-25 16:28:00,2024-01-25 17:05:00,21,154,2,18.75,387.24,72.42,459.66,Card,2,37.0,16,Thursday,January,2024-01-25,False,20.65,18.7
3406,2024-01-17 12:22:00,2024-01-17 13:13:00,243,46,1,6.94,177.49,28.56,206.05,Card,1,51.0,12,Wednesday,January,2024-01-17,False,25.57,16.09
3407,2024-01-20 18:14:00,2024-01-20 19:10:00,244,118,1,21.0,438.47,45.93,484.4,Card,2,56.0,18,Saturday,January,2024-01-20,False,20.88,10.48
3408,2024-01-02 15:28:00,2024-01-02 16:52:00,163,176,3,10.72,243.56,23.13,266.69,Card,2,84.0,15,Tuesday,January,2024-01-02,False,22.72,9.5
3409,2024-01-11 19:52:00,2024-01-11 20:05:00,146,68,1,24.09,492.48,75.56,568.04,Card,1,13.0,19,Thursday,January,2024-01-11,False,20.44,15.34
3410,2024-01-16 09:33:00,2024-01-16 10:10:00,67,251,2,2.95,119.66,13.6,133.26,Card,2,37.0,9,Tuesday,January,2024-01-16,False,40.56,11.37
3411,2024-01-24 01:24:00,2024-01-24 02:28:00,103,230,2,11.46,270.2,22.81,293.01,Cash,2,64.0,1,Wednesday,January,2024-01-24,False,23.58,8.44
3412,2024-01-25 17:16:00,2024-01-25 18:37:00,125,200,2,14.34,309.57,35.45,345.02,Card,2,81.0,17,Thursday,January,2024-01-25,False,21.59,11.45
3413,2024-01-24 20:04:00,2024-01-24 20:29:00,117,146,2,10.72,241.6,43.66,285.26,Card,2,25.0,20,Wednesday,January,2024-01-24,False,22.54,18.07
3414,2024-01-17 13:44:00,2024-01-17 14:46:00,251,51,1,6.05,157.47,9.49,166.96,Card,2,62.0,13,Wednesday,January,2024-01-17,False,26.03,6.03
3415,2024-01-22 08:30:00,2024-01-22 09:59:00,226,186,1,15.23,324.6,34.17,358.77,Card,2,89.0,8,Monday,January,2024-01-22,False,21.31,10.53
3416,2024-01-08 08:16:00,2024-01-08 09:29:00,188,199,4,19.14,399.33,77.61,476.94,Card,2,73.0,8,Monday,January,2024-01-08,False,20.86,19.44
3417,2024-01-12 12:06:00,2024-01-12 12:20:00,187,145,1,16.48,349.14,18.23,367.37,Card,1,14.0,12,Friday,January,2024-01-12,False,21.19,5.22
3418,2024-01-05 23:50:00,2024-01-06 00:00:00,76,59,2,6.63,163.33,29.99,193.32,Card,2,10.0,23,Friday,January,2024-01-05,False,24.63,18.36
3419,2024-01-17 00:31:00,2024-01-17 00:48:00,149,195,1,18.56,378.98,40.26,419.24,Card,2,17.0,0,Wednesday,January,2024-01-17,False,20.42,10.62
3420,2024-01-27 14:53:00,2024-01-27 16:02:00,195,143,1,7.17,179.35,14.07,193.42,Card,2,69.0,14,Saturday,January,2024-01-27,False,25.01,7.84
3421,2024-01-11 16:09:00,2024-01-11 16:33:00,44,223,1,5.2,150.46,7.86,158.32,Card,1,24.0,16,Thursday,January,2024-01-11,False,28.93,5.22
3422,2024-01-17 16:35:00,2024-01-17 17:36:00,170,100,2,17.58,374.22,22.67,396.89,Card,2,61.0,16,Wednesday,January,2024-01-17,False,21.29,6.06
3423,2024-01-02 02:29:00,2024-01-02 03:19:00,94,26,1,21.23,436.73,33.09,469.82,Card,2,50.0,2,Tuesday,January,2024-01-02,False,20.57,7.58
3424,2024-01-18 12:35:00,2024-01-18 12:47:00,224,14,1,12.56,288.24,15.51,303.75,Card,2,12.0,12,Thursday,January,2024-01-18,False,22.95,5.38
3425,2024-01-01 02:39:00,2024-01-01 02:53:00,38,122,1,13.75,309.62,31.08,340.7,Card,1,14.0,2,Monday,January,2024-01-01,False,22.52,10.04
3426,2024-01-09 10:25:00,2024-01-09 11:42:00,235,7,1,8.27,201.69,11.44,213.13,Card,2,77.0,10,Tuesday,January,2024-01-09,False,24.39,5.67
3427,2024-01-11 16:13:00,2024-01-11 17:24:00,111,219,1,12.87,275.39,42.36,317.75,Card,1,71.0,16,Thursday,January,2024-01-11,False,21.4,15.38
3428,2024-01-23 04:01:00,2024-01-23 04:16:00,168,220,1,4.17,130.97,22.64,153.61,Card,1,15.0,4,Tuesday,January,2024-01-23,False,31.41,17.29
3429,2024-01-28 07:23:00,2024-01-28 07:39:00,54,183,2,23.94,482.36,88.33,570.69,Cash,2,16.0,7,Sunday,January,2024-01-28,False,20.15,18.31
3430,2024-01-12 06:37:00,2024-01-12 06:51:00,127,108,1,20.21,407.92,54.0,461.92,Card,2,14.0,6,Friday,January,2024-01-12,False,20.18,13.24
3431,2024-01-30 03:31:00,2024-01-30 04:00:00,42,124,1,17.03,375.99,72.18,448.17,Card,1,29.0,3,Tuesday,January,2024-01-30,False,22.08,19.2
3432,2024-01-06 17:24:00,2024-01-06 18:17:00,41,170,5,13.92,301.65,15.34,316.99,Card,2,53.0,17,Saturday,January,2024-01-06,False,21.67,5.09
3433,2024-01-11 05:43:00,2024-01-11 06:36:00,50,257,1,20.01,418.95,29.37,448.32,Cash,1,53.0,5,Thursday,January,2024-01-11,False,20.94,7.01
3434,2024-01-22 22:06:00,2024-01-22 22:21:00,159,9,4,12.87,286.36,26.91,313.27,Cash,2,15.0,22,Monday,January,2024-01-22,False,22.25,9.4
3435,2024-01-13 23:31:00,2024-01-14 00:37:00,182,125,1,8.2,191.88,32.3,224.18,Card,1,66.0,23,Saturday,January,2024-01-13,False,23.4,16.83
3436,2024-01-24 14:36:00,2024-01-24 15:16:00,181,162,1,4.85,128.97,23.58,152.55,Card,1,40.0,14,Wednesday,January,2024-01-24,False,26.59,18.28
3437,2024-01-04 21:10:00,2024-01-04 21:53:00,166,36,1,16.54,356.49,50.88,407.37,Card,2,43.0,21,Thursday,January,2024-01-04,False,21.55,14.27
3438,2024-01-04 21:05:00,2024-01-04 22:02:00,232,4,1,23.31,466.99,50.19,517.18,Card,1,57.0,21,Thursday,January,2024-01-04,False,20.03,10.75
3439,2024-01-07 09:47:00,2024-01-07 11:09:00,206,87,2,4.69,131.73,19.74,151.47,Card,2,82.0,9,Sunday,January,2024-01-07,False,28.09,14.99
3440,2024-01-20 15:18:00,2024-01-20 16:18:00,50,91,1,5.32,164.47,12.69,177.16,Card,1,60.0,15,Saturday,January,2024-01-20,False,30.92,7.72
3441,2024-01-27 22:54:00,2024-01-27 22:59:00,146,58,2,11.41,259.23,30.77,290.0,Card,1,5.0,22,Saturday,January,2024-01-27,False,22.72,11.87
3442,2024-01-09 11:57:00,2024-01-09 12:57:00,145,140,1,20.37,407.54,51.4,458.94,Card,2,60.0,11,Tuesday,January,2024-01-09,False,20.01,12.61
3443,2024-01-11 20:49:00,2024-01-11 20:57:00,16,172,1,8.05,195.1,12.82,207.92,Card,1,8.0,20,Thursday,January,2024-01-11,False,24.24,6.57
3444,2024-01-27 04:33:00,2024-01-27 05:07:00,85,260,2,7.09,185.15,10.2,195.35,Cash,1,34.0,4,Saturday,January,2024-01-27,False,26.11,5.51
3445,2024-01-06 12:07:00,2024-01-06 12:23:00,216,25,2,15.88,335.7,54.56,390.26,Card,2,16.0,12,Saturday,January,2024-01-06,False,21.14,16.25
3446,2024-01-05 20:56:00,2024-01-05 21:35:00,52,198,1,13.85,290.11,37.77,327.88,Card,1,39.0,20,Friday,January,2024-01-05,False,20.95,13.02
3447,2024-01-10 17:47:00,2024-01-10 19:08:00,36,67,1,2.45,97.43,9.73,107.16,Card,1,81.0,17,Wednesday,January,2024-01-10,False,39.77,9.99
3448,2024-01-17 18:22:00,2024-01-17 19:18:00,107,118,3,2.96,96.46,11.15,107.61,Card,1,56.0,18,Wednesday,January,2024-01-17,False,32.59,11.56
3449,2024-01-17 08:25:00,2024-01-17 09:00:00,219,6,5,16.43,354.31,68.61,422.92,Cash,1,35.0,8,Wednesday,January,2024-01-17,False,21.56,19.36
3450,2024-01-23 03:37:00,2024-01-23 04:49:00,254,97,1,12.16,277.47,29.89,307.36,Card,1,72.0,3,Tuesday,January,2024-01-23,False,22.82,10.77
3451,2024-01-03 04:47:00,2024-01-03 05:43:00,68,72,4,24.3,478.53,31.35,509.88,Card,2,56.0,4,Wednesday,January,2024-01-03,False,19.69,6.55
3452,2024-01-19 16:37:00,2024-01-19 18:01:00,187,258,1,17.28,359.76,43.01,402.77,Card,2,84.0,16,Friday,January,2024-01-19,False,20.82,11.96
3453,2024-01-16 18:56:00,2024-01-16 19:07:00,124,38,4,1.24,74.73,11.0,85.73,Card,2,11.0,18,Tuesday,January,2024-01-16,False,60.27,14.72
3454,2024-01-20 10:30:00,2024-01-20 10:56:00,30,56,2,12.54,282.23,14.62,296.85,Card,1,26.0,10,Saturday,January,2024-01-20,False,22.51,5.18
3455,2024-01-10 18:47:00,2024-01-10 20:06:00,185,103,3,10.95,245.98,24.56,270.54,Card,2,79.0,18,Wednesday,January,2024-01-10,False,22.46,9.98
3456,2024-01-16 14:00:00,2024-01-16 15:00:00,53,103,2,3.56,112.71,12.29,125.0,Card,1,60.0,14,Tuesday,January,2024-01-16,False,31.66,10.9
3457,2024-01-25 10:45:00,2024-01-25 11:47:00,177,216,1,23.16,486.37,58.15,544.52,Card,2,62.0,10,Thursday,January,2024-01-25,False,21.0,11.96
3458,2024-01-11 14:35:00,2024-01-11 15:43:00,133,21,1,20.32,407.02,38.77,445.79,Card,2,68.0,14,Thursday,January,2024-01-11,False,20.03,9.53
3459,2024-01-04 15:56:00,2024-01-04 16:12:00,77,115,1,6.52,187.03,28.06,215.09,Card,1,16.0,15,Thursday,January,2024-01-04,False,28.69,15.0
3460,2024-01-29 21:47:00,2024-01-29 21:58:00,60,210,1,7.14,169.95,32.58,202.53,Cash,2,11.0,21,Monday,January,2024-01-29,False,23.8,19.17
3461,2024-01-29 04:26:00,2024-01-29 05:25:00,91,203,1,1.77,80.51,15.06,95.57,Card,1,59.0,4,Monday,January,2024-01-29,False,45.49,18.71
3462,2024-01-27 00:56:00,2024-01-27 02:02:00,199,188,5,8.12,200.97,30.08,231.05,Card,1,66.0,0,Saturday,January,2024-01-27,False,24.75,14.97
3463,2024-01-14 04:48:00,2024-01-14 06:05:00,118,151,1,15.03,314.84,39.68,354.52,Cash,1,77.0,4,Sunday,January,2024-01-14,False,20.95,12.6
3464,2024-01-04 23:38:00,2024-01-05 00:59:00,183,191,1,11.1,243.85,42.4,286.25,Card,1,81.0,23,Thursday,January,2024-01-04,False,21.97,17.39
3465,2024-01-23 12:02:00,2024-01-23 13:01:00,55,214,1,24.26,484.37,84.95,569.32,Card,2,59.0,12,Tuesday,January,2024-01-23,False,19.97,17.54
3466,2024-01-05 00:33:00,2024-01-05 01:13:00,5,42,2,2.35,111.51,19.45,130.96,Card,1,40.0,0,Friday,January,2024-01-05,False,47.45,17.44
3467,2024-01-26 21:31:00,2024-01-26 21:59:00,101,194,1,15.19,324.82,23.93,348.75,Card,1,28.0,21,Friday,January,2024-01-26,False,21.38,7.37
3468,2024-01-04 20:51:00,2024-01-04 21:39:00,53,250,1,21.6,445.78,23.99,469.77,Card,1,48.0,20,Thursday,January,2024-01-04,False,20.64,5.38
3469,2024-01-22 18:11:00,2024-01-22 18:32:00,218,81,3,12.54,286.85,56.65,343.5,Card,1,21.0,18,Monday,January,2024-01-22,False,22.87,19.75
3470,2024-01-12 06:09:00,2024-01-12 06:15:00,240,41,3,1.07,81.53,15.81,97.34,Card,2,6.0,6,Friday,January,2024-01-12,False,76.2,19.39
3471,2024-01-18 15:14:00,2024-01-18 15:31:00,214,20,2,6.83,183.58,24.72,208.3,Card,1,17.0,15,Thursday,January,2024-01-18,False,26.88,13.47
3472,2024-01-30 23:08:00,2024-01-30 23:43:00,104,9,2,8.77,207.97,41.38,249.35,Card,2,35.0,23,Tuesday,January,2024-01-30,False,23.71,19.9
3473,2024-01-18 20:02:00,2024-01-18 20:34:00,222,124,1,24.18,478.59,79.25,557.84,Card,2,32.0,20,Thursday,January,2024-01-18,False,19.79,16.56
3474,2024-01-02 13:04:00,2024-01-02 14:08:00,189,203,2,22.88,460.29,58.74,519.03,Cash,1,64.0,13,Tuesday,January,2024-01-02,False,20.12,12.76
3475,2024-01-29 13:57:00,2024-01-29 14:28:00,99,78,1,23.78,474.35,51.42,525.77,Card,2,31.0,13,Monday,January,2024-01-29,False,19.95,10.84
3476,2024-01-23 12:41:00,2024-01-23 13:00:00,97,210,1,20.82,418.85,58.19,477.04,Card,1,19.0,12,Tuesday,January,2024-01-23,False,20.12,13.89
3477,2024-01-29 18:30:00,2024-01-29 19:53:00,73,18,1,9.44,210.65,26.83,237.48,Card,1,83.0,18,Monday,January,2024-01-29,False,22.31,12.74
3478,2024-01-28 04:09:00,2024-01-28 04:46:00,256,236,1,22.74,477.39,95.03,572.42,Card,1,37.0,4,Sunday,January,2024-01-28,False,20.99,19.91
3479,2024-01-25 02:36:00,2024-01-25 03:00:00,231,200,1,24.56,509.71,62.98,572.69,Card,2,24.0,2,Thursday,January,2024-01-25,False,20.75,12.36
3480,2024-01-19 11:06:00,2024-01-19 11:52:00,170,252,1,9.4,210.71,36.96,247.67,Cash,1,46.0,11,Friday,January,2024-01-19,False,22.42,17.54
3481,2024-01-17 07:18:00,2024-01-17 07:34:00,157,239,2,7.25,175.69,30.23,205.92,Card,2,16.0,7,Wednesday,January,2024-01-17,False,24.23,17.21
3482,2024-01-05 09:18:00,2024-01-05 10:35:00,222,119,1,14.13,298.53,18.12,316.65,Card,1,77.0,9,Friday,January,2024-01-05,False,21.13,6.07
3483,2024-01-20 22:14:00,2024-01-20 22:41:00,99,7,2,5.49,147.26,9.28,156.54,Card,1,27.0,22,Saturday,January,2024-01-20,False,26.82,6.3
3484,2024-01-15 00:20:00,2024-01-15 01:36:00,220,253,1,1.78,78.16,11.64,89.8,Card,1,76.0,0,Monday,January,2024-01-15,False,43.91,14.89
3485,2024-01-09 11:00:00,2024-01-09 11:18:00,244,128,4,23.7,494.98,43.99,538.97,Card,2,18.0,11,Tuesday,January,2024-01-09,False,20.89,8.89
3486,2024-01-23 22:02:00,2024-01-23 22:31:00,259,92,1,23.22,460.49,68.44,528.93,Card,1,29.0,22,Tuesday,January,2024-01-23,False,19.83,14.86
3487,2024-01-11 16:12:00,2024-01-11 17:33:00,194,6,2,4.9,134.55,9.65,144.2,Card,2,81.0,16,Thursday,January,2024-01-11,False,27.46,7.17
3488,2024-01-21 16:36:00,2024-01-21 18:05:00,150,74,2,10.79,236.64,25.93,262.57,Card,1,89.0,16,Sunday,January,2024-01-21,False,21.93,10.96
3489,2024-01-17 23:07:00,2024-01-17 23:42:00,155,56,5,20.94,446.33,29.18,475.51,Card,2,35.0,23,Wednesday,January,2024-01-17,False,21.31,6.54
3490,2024-01-24 02:50:00,2024-01-24 03:48:00,22,238,1,16.86,371.03,34.25,405.28,Card,1,58.0,2,Wednesday,January,2024-01-24,False,22.01,9.23
3491,2024-01-20 12:19:00,2024-01-20 12:28:00,116,22,1,10.47,249.96,15.81,265.77,Card,1,9.0,12,Saturday,January,2024-01-20,False,23.87,6.33
3492,2024-01-07 19:41:00,2024-01-07 19:58:00,113,41,1,18.86,392.26,76.72,468.98,Card,2,17.0,19,Sunday,January,2024-01-07,False,20.8,19.56
3493,2024-01-05 01:12:00,2024-01-05 01:44:00,211,258,1,22.53,451.25,49.3,500.55,Card,1,32.0,1,Friday,January,2024-01-05,False,20.03,10.93
3494,2024-01-09 21:40:00,2024-01-09 22:27:00,24,48,1,23.23,464.78,86.07,550.85,Card,1,47.0,21,Tuesday,January,2024-01-09,False,20.01,18.52
3495,2024-01-12 06:11:00,2024-01-12 07:02:00,56,139,3,10.09,234.91,45.97,280.88,Card,1,51.0,6,Friday,January,2024-01-12,False,23.28,19.57
3496,2024-01-28 16:50:00,2024-01-28 18:05:00,54,202,1,5.17,156.11,29.1,185.21,Card,2,75.0,16,Sunday,January,2024-01-28,False,30.2,18.64
3497,2024-01-05 01:22:00,2024-01-05 02:04:00,108,140,1,22.91,460.32,54.43,514.75,Card,2,42.0,1,Friday,January,2024-01-05,False,20.09,11.82
3498,2024-01-01 21:56:00,2024-01-01 23:07:00,202,142,1,3.22,107.28,17.9,125.18,Card,2,71.0,21,Monday,January,2024-01-01,False,33.32,16.69
3499,2024-01-13 03:48:00,2024-01-13 04:54:00,202,233,1,18.32,387.76,28.33,416.09,Card,2,66.0,3,Saturday,January,2024-01-13,False,21.17,7.31
3500,2024-01-16 06:45:00,2024-01-16 07:28:00,218,158,4,4.37,125.79,8.08,133.87,Card,1,43.0,6,Tuesday,January,2024-01-16,False,28.78,6.42
3501,2024-01-11 13:26:00,2024-01-11 14:07:00,243,38,3,10.35,243.83,44.26,288.09,Card,1,41.0,13,Thursday,January,2024-01-11,False,23.56,18.15
3502,2024-01-14 04:11:00,2024-01-14 05:41:00,178,75,1,10.88,247.45,13.53,260.98,Card,2,90.0,4,Sunday,January,2024-01-14,False,22.74,5.47
3503,2024-01-18 18:39:00,2024-01-18 18:51:00,61,175,1,4.81,127.61,24.99,152.6,Card,1,12.0,18,Thursday,January,2024-01-18,False,26.53,19.58
3504,2024-01-16 07:36:00,2024-01-16 09:01:00,36,39,4,23.14,468.6,70.67,539.27,Card,2,85.0,7,Tuesday,January,2024-01-16,False,20.25,15.08
3505,2024-01-01 22:58:00,2024-01-01 23:54:00,46,73,1,1.06,86.67,9.79,96.46,Card,1,56.0,22,Monday,January,2024-01-01,False,81.76,11.3
3506,2024-01-02 01:19:00,2024-01-02 01:56:00,95,58,2,22.45,452.89,32.25,485.14,Card,2,37.0,1,Tuesday,January,2024-01-02,False,20.17,7.12
3507,2024-01-16 09:21:00,2024-01-16 10:46:00,44,89,4,22.21,449.46,71.23,520.69,Card,2,85.0,9,Tuesday,January,2024-01-16,False,20.24,15.85
3508,2024-01-29 06:23:00,2024-01-29 07:09:00,226,134,1,8.61,196.96,26.48,223.44,Card,2,46.0,6,Monday,January,2024-01-29,False,22.88,13.44
3509,2024-01-27 23:41:00,2024-01-28 01:01:00,146,143,1,17.9,380.65,59.64,440.29,Card,1,80.0,23,Saturday,January,2024-01-27,False,21.27,15.67
3510,2024-01-04 17:15:00,2024-01-04 17:46:00,13,95,1,7.07,192.74,21.72,214.46,Card,2,31.0,17,Thursday,January,2024-01-04,False,27.26,11.27
3511,2024-01-07 07:23:00,2024-01-07 07:35:00,25,156,4,19.21,396.37,23.76,420.13,Cash,2,12.0,7,Sunday,January,2024-01-07,False,20.63,5.99
3512,2024-01-27 15:02:00,2024-01-27 15:29:00,261,201,1,14.47,307.67,29.92,337.59,Card,1,27.0,15,Saturday,January,2024-01-27,False,21.26,9.72
3513,2024-01-15 04:56:00,2024-01-15 06:04:00,128,160,1,8.21,216.48,21.05,237.53,Cash,1,68.0,4,Monday,January,2024-01-15,False,26.37,9.72
3514,2024-01-10 06:04:00,2024-01-10 06:28:00,39,211,2,10.61,253.33,13.0,266.33,Cash,1,24.0,6,Wednesday,January,2024-01-10,False,23.88,5.13
3515,2024-01-02 13:37:00,2024-01-02 13:57:00,157,172,3,17.56,373.09,19.19,392.28,Cash,2,20.0,13,Tuesday,January,2024-01-02,False,21.25,5.14
3516,2024-01-20 00:04:00,2024-01-20 00:25:00,185,70,1,22.75,458.67,45.69,504.36,Cash,1,21.0,0,Saturday,January,2024-01-20,False,20.16,9.96
3517,2024-01-18 08:12:00,2024-01-18 09:36:00,174,145,1,4.14,121.14,19.28,140.42,Card,2,84.0,8,Thursday,January,2024-01-18,False,29.26,15.92
3518,2024-01-19 12:14:00,2024-01-19 12:37:00,186,167,2,14.71,326.25,46.85,373.1,Card,1,23.0,12,Friday,January,2024-01-19,False,22.18,14.36
3519,2024-01-11 13:53:00,2024-01-11 14:05:00,74,117,1,7.09,183.27,15.73,199.0,Card,2,12.0,13,Thursday,January,2024-01-11,False,25.85,8.58
3520,2024-01-12 00:47:00,2024-01-12 01:29:00,16,185,1,20.23,419.76,58.94,478.7,Card,2,42.0,0,Friday,January,2024-01-12,False,20.75,14.04
3521,2024-01-21 08:40:00,2024-01-21 09:22:00,188,203,3,2.69,90.63,13.33,103.96,Card,2,42.0,8,Sunday,January,2024-01-21,False,33.69,14.71
3522,2024-01-15 10:48:00,2024-01-15 11:45:00,172,162,1,17.53,370.91,47.62,418.53,Cash,1,57.0,10,Monday,January,2024-01-15,False,21.16,12.84
3523,2024-01-21 22:34:00,2024-01-21 23:09:00,186,188,1,5.2,158.28,20.29,178.57,Card,2,35.0,22,Sunday,January,2024-01-21,False,30.44,12.82
3524,2024-01-25 03:33:00,2024-01-25 04:21:00,32,43,1,15.31,343.98,36.28,380.26,Card,2,48.0,3,Thursday,January,2024-01-25,False,22.47,10.55
3525,2024-01-20 06:27:00,2024-01-20 07:31:00,63,201,1,21.06,422.28,28.93,451.21,Card,2,64.0,6,Saturday,January,2024-01-20,False,20.05,6.85
3526,2024-01-08 13:00:00,2024-01-08 14:20:00,189,231,2,19.12,403.09,43.46,446.55,Card,1,80.0,13,Monday,January,2024-01-08,False,21.08,10.78
3527,2024-01-30 17:58:00,2024-01-30 18:19:00,26,4,2,19.07,400.31,40.75,441.06,Card,1,21.0,17,Tuesday,January,2024-01-30,False,20.99,10.18
3528,2024-01-30 06:36:00,2024-01-30 07:59:00,39,240,2,13.43,308.45,42.81,351.26,Card,1,83.0,6,Tuesday,January,2024-01-30,False,22.97,13.88
3529,2024-01-13 14:36:00,2024-01-13 15:53:00,193,206,2,22.38,465.38,83.04,548.42,Cash,2,77.0,14,Saturday,January,2024-01-13,False,20.79,17.84
3530,2024-01-15 03:20:00,2024-01-15 04:03:00,163,94,2,15.11,340.94,36.24,377.18,Card,2,43.0,3,Monday,January,2024-01-15,False,22.56,10.63
3531,2024-01-13 14:15:00,2024-01-13 15:01:00,53,232,1,23.02,483.16,75.6,558.76,Card,1,46.0,14,Saturday,January,2024-01-13,False,20.99,15.65
3532,2024-01-18 14:31:00,2024-01-18 15:23:00,174,160,1,14.12,300.93,51.69,352.62,Card,2,52.0,14,Thursday,January,2024-01-18,False,21.31,17.18
3533,2024-01-22 04:19:00,2024-01-22 04:35:00,196,113,2,13.14,298.28,24.39,322.67,Cash,1,16.0,4,Monday,January,2024-01-22,False,22.7,8.18
3534,2024-01-17 08:34:00,2024-01-17 08:56:00,211,252,1,6.34,170.04,31.5,201.54,Card,1,22.0,8,Wednesday,January,2024-01-17,False,26.82,18.53
3535,2024-01-14 14:44:00,2024-01-14 16:07:00,188,222,1,14.07,299.7,18.15,317.85,Card,1,83.0,14,Sunday,January,2024-01-14,False,21.3,6.06
3536,2024-01-12 18:03:00,2024-01-12 18:13:00,214,94,1,4.37,124.51,23.07,147.58,Cash,1,10.0,18,Friday,January,2024-01-12,False,28.49,18.53
3537,2024-01-06 22:27:00,2024-01-06 23:14:00,29,167,1,21.87,436.09,32.51,468.6,Card,1,47.0,22,Saturday,January,2024-01-06,False,19.94,7.45
3538,2024-01-23 22:02:00,2024-01-23 22:41:00,171,138,1,17.22,373.83,37.6,411.43,Card,1,39.0,22,Tuesday,January,2024-01-23,False,21.71,10.06
3539,2024-01-11 02:42:00,2024-01-11 03:40:00,122,210,2,24.85,497.04,69.98,567.02,Card,1,58.0,2,Thursday,January,2024-01-11,False,20.0,14.08
3540,2024-01-06 04:40:00,2024-01-06 05:46:00,159,256,1,3.21,123.49,22.95,146.44,Card,2,66.0,4,Saturday,January,2024-01-06,False,38.47,18.58
3541,2024-01-19 12:32:00,2024-01-19 13:45:00,86,73,4,6.78,180.29,15.93,196.22,Cash,2,73.0,12,Friday,January,2024-01-19,False,26.59,8.84
3542,2024-01-03 22:13:00,2024-01-03 23:39:00,4,214,1,22.05,457.11,75.21,532.32,Card,1,86.0,22,Wednesday,January,2024-01-03,False,20.73,16.45
3543,2024-01-08 03:33:00,2024-01-08 03:53:00,2,151,1,10.49,237.57,37.2,274.77,Cash,2,20.0,3,Monday,January,2024-01-08,False,22.65,15.66
3544,2024-01-24 22:01:00,2024-01-24 22:13:00,133,235,1,12.19,273.14,20.2,293.34,Card,1,12.0,22,Wednesday,January,2024-01-24,False,22.41,7.4
3545,2024-01-02 11:00:00,2024-01-02 12:30:00,79,216,1,21.66,442.25,53.92,496.17,Card,2,90.0,11,Tuesday,January,2024-01-02,False,20.42,12.19
3546,2024-01-20 13:32:00,2024-01-20 14:07:00,147,109,3,13.52,290.43,35.5,325.93,Card,1,35.0,13,Saturday,January,2024-01-20,False,21.48,12.22
3547,2024-01-14 23:32:00,2024-01-14 23:46:00,166,120,1,5.64,166.5,15.93,182.43,Card,2,14.0,23,Sunday,January,2024-01-14,False,29.52,9.57
3548,2024-01-13 15:19:00,2024-01-13 16:19:00,238,98,1,22.41,462.04,77.16,539.2,Card,1,60.0,15,Saturday,January,2024-01-13,False,20.62,16.7
3549,2024-01-26 10:09:00,2024-01-26 11:29:00,204,210,1,1.75,72.62,13.72,86.34,Card,2,80.0,10,Friday,January,2024-01-26,False,41.5,18.89
3550,2024-01-30 20:05:00,2024-01-30 21:19:00,53,32,1,22.49,469.42,73.93,543.35,Card,1,74.0,20,Tuesday,January,2024-01-30,False,20.87,15.75
3551,2024-01-06 13:36:00,2024-01-06 14:00:00,107,226,1,2.21,82.96,16.26,99.22,Cash,1,24.0,13,Saturday,January,2024-01-06,False,37.54,19.6
3552,2024-01-28 14:59:00,2024-01-28 15:08:00,55,215,1,16.98,357.75,20.6,378.35,Card,2,9.0,14,Sunday,January,2024-01-28,False,21.07,5.76
3553,2024-01-26 21:01:00,2024-01-26 21:28:00,246,123,1,2.72,106.1,5.9,112.0,Card,1,27.0,21,Friday,January,2024-01-26,False,39.01,5.56
3554,2024-01-23 03:21:00,2024-01-23 03:34:00,164,147,2,17.95,363.33,66.88,430.21,Card,1,13.0,3,Tuesday,January,2024-01-23,False,20.24,18.41
3555,2024-01-12 20:18:00,2024-01-12 21:20:00,15,52,2,1.82,92.35,17.05,109.4,Card,1,62.0,20,Friday,January,2024-01-12,False,50.74,18.46
3556,2024-01-17 23:52:00,2024-01-18 00:55:00,1,180,1,21.22,441.75,29.19,470.94,Card,2,63.0,23,Wednesday,January,2024-01-17,False,20.82,6.61
3557,2024-01-29 17:06:00,2024-01-29 18:30:00,137,187,2,12.18,278.82,28.89,307.71,Card,2,84.0,17,Monday,January,2024-01-29,False,22.89,10.36
3558,2024-01-25 06:06:00,2024-01-25 07:04:00,151,108,2,3.24,103.22,18.1,121.32,Cash,2,58.0,6,Thursday,January,2024-01-25,False,31.86,17.54
3559,2024-01-25 04:32:00,2024-01-25 05:22:00,180,126,2,17.96,370.95,25.7,396.65,Cash,2,50.0,4,Thursday,January,2024-01-25,False,20.65,6.93
3560,2024-01-26 00:21:00,2024-01-26 00:47:00,232,261,1,12.74,276.74,24.94,301.68,Card,2,26.0,0,Friday,January,2024-01-26,False,21.72,9.01
3561,2024-01-17 17:27:00,2024-01-17 18:35:00,188,194,1,5.58,169.24,25.75,194.99,Cash,1,68.0,17,Wednesday,January,2024-01-17,False,30.33,15.22
3562,2024-01-09 21:48:00,2024-01-09 22:00:00,18,34,1,1.38,66.87,13.19,80.06,Card,1,12.0,21,Tuesday,January,2024-01-09,False,48.46,19.72
3563,2024-01-22 14:48:00,2024-01-22 15:12:00,225,182,1,11.03,251.4,42.63,294.03,Cash,2,24.0,14,Monday,January,2024-01-22,False,22.79,16.96
3564,2024-01-01 23:21:00,2024-01-02 00:16:00,105,239,1,3.06,121.22,20.19,141.41,Card,2,55.0,23,Monday,January,2024-01-01,False,39.61,16.66
3565,2024-01-14 15:23:00,2024-01-14 16:45:00,206,146,1,3.26,121.76,12.35,134.11,Card,2,82.0,15,Sunday,January,2024-01-14,False,37.35,10.14
3566,2024-01-11 13:13:00,2024-01-11 13:56:00,186,44,3,7.42,198.23,29.58,227.81,Cash,1,43.0,13,Thursday,January,2024-01-11,False,26.72,14.92
3567,2024-01-19 15:33:00,2024-01-19 16:14:00,65,259,1,16.13,359.51,24.07,383.58,Card,1,41.0,15,Friday,January,2024-01-19,False,22.29,6.7
3568,2024-01-15 02:27:00,2024-01-15 03:21:00,207,19,1,13.72,298.58,59.37,357.95,Card,2,54.0,2,Monday,January,2024-01-15,False,21.76,19.88
3569,2024-01-26 16:22:00,2024-01-26 17:00:00,229,215,2,2.66,97.17,11.86,109.03,Card,2,38.0,16,Friday,January,2024-01-26,False,36.53,12.21
3570,2024-01-14 14:51:00,2024-01-14 16:10:00,69,211,2,24.24,477.24,69.59,546.83,Card,2,79.0,14,Sunday,January,2024-01-14,False,19.69,14.58
3571,2024-01-09 07:10:00,2024-01-09 07:47:00,142,231,1,22.29,445.72,80.87,526.59,Card,1,37.0,7,Tuesday,January,2024-01-09,False,20.0,18.14
3572,2024-01-08 10:24:00,2024-01-08 10:59:00,206,5,1,7.22,186.82,9.37,196.19,Card,2,35.0,10,Monday,January,2024-01-08,False,25.88,5.02
3573,2024-01-30 22:31:00,2024-01-30 23:29:00,174,162,1,3.94,115.65,22.71,138.36,Cash,2,58.0,22,Tuesday,January,2024-01-30,False,29.35,19.64
3574,2024-01-09 05:47:00,2024-01-09 06:35:00,197,216,2,23.62,487.25,50.61,537.86,Card,1,48.0,5,Tuesday,January,2024-01-09,False,20.63,10.39
3575,2024-01-02 21:45:00,2024-01-02 22:23:00,197,100,1,12.07,258.38,26.08,284.46,Cash,2,38.0,21,Tuesday,January,2024-01-02,False,21.41,10.09
3576,2024-01-03 16:26:00,2024-01-03 17:41:00,228,171,1,8.47,200.24,14.37,214.61,Card,2,75.0,16,Wednesday,January,2024-01-03,False,23.64,7.18
3577,2024-01-23 09:25:00,2024-01-23 10:31:00,199,252,1,12.77,290.72,51.96,342.68,Card,2,66.0,9,Tuesday,January,2024-01-23,False,22.77,17.87
3578,2024-01-05 00:58:00,2024-01-05 01:25:00,15,169,2,19.55,399.57,72.17,471.74,Card,1,27.0,0,Friday,January,2024-01-05,False,20.44,18.06
3579,2024-01-21 21:56:00,2024-01-21 22:46:00,216,38,2,5.04,152.58,8.09,160.67,Cash,1,50.0,21,Sunday,January,2024-01-21,False,30.27,5.3
3580,2024-01-11 18:13:00,2024-01-11 19:13:00,35,228,1,19.42,419.44,24.48,443.92,Card,1,60.0,18,Thursday,January,2024-01-11,False,21.6,5.84
3581,2024-01-20 11:18:00,2024-01-20 11:29:00,69,125,1,18.99,405.73,76.18,481.91,Card,1,11.0,11,Saturday,January,2024-01-20,False,21.37,18.78
3582,2024-01-15 04:47:00,2024-01-15 05:52:00,212,137,2,13.94,301.18,20.61,321.79,Card,2,65.0,4,Monday,January,2024-01-15,False,21.61,6.84
3583,2024-01-22 03:11:00,2024-01-22 03:18:00,46,108,3,21.78,459.06,65.71,524.77,Cash,1,7.0,3,Monday,January,2024-01-22,False,21.08,14.31
3584,2024-01-13 10:28:00,2024-01-13 11:10:00,248,68,2,4.17,116.6,16.67,133.27,Card,1,42.0,10,Saturday,January,2024-01-13,False,27.96,14.3
3585,2024-01-21 08:56:00,2024-01-21 10:24:00,85,104,6,15.29,336.97,60.81,397.78,Card,1,88.0,8,Sunday,January,2024-01-21,False,22.04,18.05
3586,2024-01-29 11:12:00,2024-01-29 11:50:00,48,246,1,11.78,252.74,34.35,287.09,Cash,1,38.0,11,Monday,January,2024-01-29,False,21.46,13.59
3587,2024-01-03 19:05:00,2024-01-03 19:53:00,231,165,1,11.14,245.76,28.29,274.05,Card,2,48.0,19,Wednesday,January,2024-01-03,False,22.06,11.51
3588,2024-01-14 22:53:00,2024-01-14 23:27:00,67,192,1,7.06,196.71,38.59,235.3,Cash,1,34.0,22,Sunday,January,2024-01-14,False,27.86,19.62
3589,2024-01-05 06:35:00,2024-01-05 06:56:00,89,195,1,9.93,229.57,19.36,248.93,Cash,1,21.0,6,Friday,January,2024-01-05,False,23.12,8.43
3590,2024-01-24 06:07:00,2024-01-24 07:10:00,219,132,1,3.6,129.41,11.57,140.98,Card,1,63.0,6,Wednesday,January,2024-01-24,False,35.95,8.94
3591,2024-01-15 13:23:00,2024-01-15 13:37:00,52,144,1,7.04,178.0,11.16,189.16,Card,1,14.0,13,Monday,January,2024-01-15,False,25.28,6.27
3592,2024-01-15 12:56:00,2024-01-15 14:24:00,22,219,1,7.53,200.74,39.4,240.14,Card,1,88.0,12,Monday,January,2024-01-15,False,26.66,19.63
3593,2024-01-04 01:46:00,2024-01-04 02:08:00,99,26,1,18.3,398.36,62.13,460.49,Cash,2,22.0,1,Thursday,January,2024-01-04,False,21.77,15.6
3594,2024-01-17 04:23:00,2024-01-17 05:12:00,131,251,5,2.17,92.13,4.77,96.9,Card,1,49.0,4,Wednesday,January,2024-01-17,False,42.46,5.18
3595,2024-01-20 04:06:00,2024-01-20 05:09:00,88,95,1,16.63,356.12,55.43,411.55,Cash,1,63.0,4,Saturday,January,2024-01-20,False,21.41,15.56
3596,2024-01-20 13:11:00,2024-01-20 14:17:00,136,200,1,6.31,172.44,19.08,191.52,Card,2,66.0,13,Saturday,January,2024-01-20,False,27.33,11.06
3597,2024-01-10 13:27:00,2024-01-10 14:30:00,39,103,1,2.96,121.33,23.68,145.01,Card,1,63.0,13,Wednesday,January,2024-01-10,False,40.99,19.52
3598,2024-01-08 20:28:00,2024-01-08 21:21:00,18,193,3,8.22,195.66,17.92,213.58,Card,2,53.0,20,Monday,January,2024-01-08,False,23.8,9.16
3599,2024-01-18 04:50:00,2024-01-18 05:57:00,105,2,2,6.39,173.36,27.14,200.5,Card,2,67.0,4,Thursday,January,2024-01-18,False,27.13,15.66
3600,2024-01-20 20:12:00,2024-01-20 20:48:00,146,247,1,14.25,306.24,44.13,350.37,Card,2,36.0,20,Saturday,January,2024-01-20,False,21.49,14.41
3601,2024-01-29 18:48:00,2024-01-29 19:02:00,224,91,1,9.58,218.95,11.34,230.29,Card,2,14.0,18,Monday,January,2024-01-29,False,22.85,5.18
3602,2024-01-02 12:44:00,2024-01-02 12:59:00,117,45,2,24.18,477.79,87.33,565.12,Card,2,15.0,12,Tuesday,January,2024-01-02,False,19.76,18.28
3603,2024-01-19 21:53:00,2024-01-19 23:07:00,1,3,1,24.13,492.96,34.97,527.93,Card,2,74.0,21,Friday,January,2024-01-19,False,20.43,7.09
3604,2024-01-16 02:09:00,2024-01-16 03:15:00,117,64,6,11.65,276.16,41.3,317.46,Card,1,66.0,2,Tuesday,January,2024-01-16,False,23.7,14.96
3605,2024-01-22 14:51:00,2024-01-22 15:42:00,26,135,1,20.08,411.98,68.53,480.51,Card,2,51.0,14,Monday,January,2024-01-22,False,20.52,16.63
3606,2024-01-24 12:30:00,2024-01-24 13:08:00,12,176,1,1.32,80.34,11.62,91.96,Card,1,38.0,12,Wednesday,January,2024-01-24,False,60.86,14.46
3607,2024-01-27 09:31:00,2024-01-27 09:52:00,169,120,3,14.15,313.96,20.27,334.23,Card,2,21.0,9,Saturday,January,2024-01-27,False,22.19,6.46
3608,2024-01-28 08:22:00,2024-01-28 09:20:00,53,262,1,18.84,391.56,76.85,468.41,Cash,1,58.0,8,Sunday,January,2024-01-28,False,20.78,19.63
3609,2024-01-29 19:15:00,2024-01-29 20:35:00,248,174,1,6.21,178.88,15.3,194.18,Card,2,80.0,19,Monday,January,2024-01-29,False,28.81,8.55
3610,2024-01-16 00:07:00,2024-01-16 01:36:00,128,118,1,2.47,95.34,13.75,109.09,Cash,1,89.0,0,Tuesday,January,2024-01-16,False,38.6,14.42
3611,2024-01-18 08:08:00,2024-01-18 08:52:00,76,185,2,4.74,129.07,21.89,150.96,Card,2,44.0,8,Thursday,January,2024-01-18,False,27.23,16.96
3612,2024-01-24 04:38:00,2024-01-24 05:01:00,146,243,1,11.6,253.12,48.32,301.44,Cash,1,23.0,4,Wednesday,January,2024-01-24,False,21.82,19.09
3613,2024-01-09 06:28:00,2024-01-09 07:39:00,48,214,1,13.15,303.43,42.66,346.09,Card,1,71.0,6,Tuesday,January,2024-01-09,False,23.07,14.06
3614,2024-01-19 08:23:00,2024-01-19 09:49:00,199,121,1,10.14,252.16,22.41,274.57,Card,1,86.0,8,Friday,January,2024-01-19,False,24.87,8.89
3615,2024-01-07 08:51:00,2024-01-07 09:48:00,71,63,3,11.56,256.75,45.06,301.81,Card,2,57.0,8,Sunday,January,2024-01-07,False,22.21,17.55
3616,2024-01-09 20:01:00,2024-01-09 21:09:00,92,149,1,12.29,265.53,19.78,285.31,Card,1,68.0,20,Tuesday,January,2024-01-09,False,21.61,7.45
3617,2024-01-12 12:56:00,2024-01-12 14:23:00,209,29,1,19.47,404.93,21.6,426.53,Card,2,87.0,12,Friday,January,2024-01-12,False,20.8,5.33
3618,2024-01-30 12:32:00,2024-01-30 13:23:00,48,225,2,3.53,124.83,23.25,148.08,Card,1,51.0,12,Tuesday,January,2024-01-30,False,35.36,18.63
3619,2024-01-27 16:58:00,2024-01-27 17:08:00,29,173,2,19.45,408.47,55.68,464.15,Card,2,10.0,16,Saturday,January,2024-01-27,False,21.0,13.63
3620,2024-01-06 07:39:00,2024-01-06 07:59:00,176,244,3,17.53,384.07,23.22,407.29,Card,2,20.0,7,Saturday,January,2024-01-06,False,21.91,6.05
3621,2024-01-09 03:04:00,2024-01-09 04:20:00,19,131,1,18.8,402.93,55.19,458.12,Card,1,76.0,3,Tuesday,January,2024-01-09,False,21.43,13.7
3622,2024-01-23 18:33:00,2024-01-23 18:55:00,47,20,3,18.63,401.41,28.8,430.21,Card,1,22.0,18,Tuesday,January,2024-01-23,False,21.55,7.17
3623,2024-01-22 16:26:00,2024-01-22 17:22:00,60,81,1,12.29,277.47,15.18,292.65,Card,2,56.0,16,Monday,January,2024-01-22,False,22.58,5.47
3624,2024-01-17 13:32:00,2024-01-17 14:24:00,176,235,1,6.07,159.08,10.73,169.81,Card,2,52.0,13,Wednesday,January,2024-01-17,False,26.21,6.75
3625,2024-01-23 06:42:00,2024-01-23 07:29:00,255,221,3,13.88,310.89,51.69,362.58,Card,2,47.0,6,Tuesday,January,2024-01-23,False,22.4,16.63
3626,2024-01-16 19:54:00,2024-01-16 20:37:00,229,170,1,23.99,484.99,79.22,564.21,Card,1,43.0,19,Tuesday,January,2024-01-16,False,20.22,16.33
3627,2024-01-29 18:20:00,2024-01-29 19:13:00,147,46,2,15.12,320.79,45.12,365.91,Card,1,53.0,18,Monday,January,2024-01-29,False,21.22,14.07
3628,2024-01-10 06:59:00,2024-01-10 07:15:00,239,60,4,1.27,67.43,5.49,72.92,Card,1,16.0,6,Wednesday,January,2024-01-10,False,53.09,8.14
3629,2024-01-05 20:46:00,2024-01-05 21:00:00,188,96,2,2.43,99.58,16.02,115.6,Card,1,14.0,20,Friday,January,2024-01-05,False,40.98,16.09
3630,2024-01-07 00:42:00,2024-01-07 01:57:00,209,31,1,24.83,504.77,56.13,560.9,Card,1,75.0,0,Sunday,January,2024-01-07,False,20.33,11.12
3631,2024-01-24 12:00:00,2024-01-24 12:59:00,75,116,3,2.73,106.2,13.45,119.65,Cash,1,59.0,12,Wednesday,January,2024-01-24,False,38.9,12.66
3632,2024-01-23 12:30:00,2024-01-23 12:35:00,183,62,1,2.11,81.48,15.04,96.52,Cash,1,5.0,12,Tuesday,January,2024-01-23,False,38.62,18.46
3633,2024-01-17 00:51:00,2024-01-17 01:44:00,87,146,1,9.47,227.56,27.01,254.57,Card,2,53.0,0,Wednesday,January,2024-01-17,False,24.03,11.87
3634,2024-01-23 21:43:00,2024-01-23 22:23:00,180,53,1,24.26,481.73,69.35,551.08,Card,2,40.0,21,Tuesday,January,2024-01-23,False,19.86,14.4
3635,2024-01-17 15:49:00,2024-01-17 16:14:00,245,51,1,8.65,215.61,41.88,257.49,Card,1,25.0,15,Wednesday,January,2024-01-17,False,24.93,19.42
3636,2024-01-07 21:15:00,2024-01-07 21:56:00,7,169,2,10.84,248.0,29.19,277.19,Card,1,41.0,21,Sunday,January,2024-01-07,False,22.88,11.77
3637,2024-01-30 13:12:00,2024-01-30 13:40:00,13,195,1,16.22,357.42,47.93,405.35,Card,1,28.0,13,Tuesday,January,2024-01-30,False,22.04,13.41
3638,2024-01-14 04:30:00,2024-01-14 05:29:00,226,83,2,1.58,91.79,12.64,104.43,Card,2,59.0,4,Sunday,January,2024-01-14,False,58.09,13.77
3639,2024-01-18 04:14:00,2024-01-18 04:43:00,242,134,3,22.55,467.63,40.27,507.9,Card,2,29.0,4,Thursday,January,2024-01-18,False,20.74,8.61
3640,2024-01-11 07:04:00,2024-01-11 07:15:00,180,81,1,13.47,303.48,48.72,352.2,Cash,1,11.0,7,Thursday,January,2024-01-11,False,22.53,16.05
3641,2024-01-26 01:21:00,2024-01-26 02:46:00,180,219,2,12.2,276.41,43.95,320.36,Cash,2,85.0,1,Friday,January,2024-01-26,False,22.66,15.9
3642,2024-01-08 15:53:00,2024-01-08 17:08:00,126,2,2,21.66,431.71,35.41,467.12,Cash,1,75.0,15,Monday,January,2024-01-08,False,19.93,8.2
3643,2024-01-30 16:16:00,2024-01-30 17:31:00,190,251,2,23.87,489.32,25.44,514.76,Card,2,75.0,16,Tuesday,January,2024-01-30,False,20.5,5.2
3644,2024-01-12 06:41:00,2024-01-12 07:09:00,16,236,1,11.16,254.89,50.94,305.83,Cash,1,28.0,6,Friday,January,2024-01-12,False,22.84,19.99
3645,2024-01-05 02:59:00,2024-01-05 03:14:00,21,156,1,5.14,146.61,20.12,166.73,Card,2,15.0,2,Friday,January,2024-01-05,False,28.52,13.72
3646,2024-01-25 08:23:00,2024-01-25 09:40:00,16,37,1,20.58,421.81,32.54,454.35,Card,1,77.0,8,Thursday,January,2024-01-25,False,20.5,7.71
3647,2024-01-24 22:24:00,2024-01-24 22:40:00,33,229,1,10.68,260.11,24.07,284.18,Cash,2,16.0,22,Wednesday,January,2024-01-24,False,24.35,9.25
3648,2024-01-08 18:25:00,2024-01-08 19:04:00,182,145,1,23.45,469.58,66.99,536.57,Cash,2,39.0,18,Monday,January,2024-01-08,False,20.02,14.27
3649,2024-01-19 18:45:00,2024-01-19 19:52:00,69,56,2,23.8,477.9,33.76,511.66,Card,1,67.0,18,Friday,January,2024-01-19,False,20.08,7.06
3650,2024-01-14 07:27:00,2024-01-14 08:39:00,52,121,1,3.76,136.57,7.59,144.16,Card,1,72.0,7,Sunday,January,2024-01-14,False,36.32,5.56
3651,2024-01-26 06:52:00,2024-01-26 07:53:00,65,211,5,23.96,495.58,84.14,579.72,Card,1,61.0,6,Friday,January,2024-01-26,False,20.68,16.98
3652,2024-01-16 00:25:00,2024-01-16 00:42:00,228,260,2,9.84,217.54,34.24,251.78,Card,2,17.0,0,Tuesday,January,2024-01-16,False,22.11,15.74
3653,2024-01-28 05:08:00,2024-01-28 05:35:00,222,103,1,16.51,364.36,35.14,399.5,Cash,1,27.0,5,Sunday,January,2024-01-28,False,22.07,9.64
3654,2024-01-19 19:16:00,2024-01-19 20:43:00,18,235,1,1.83,79.74,4.69,84.43,Card,1,87.0,19,Friday,January,2024-01-19,False,43.57,5.88
3655,2024-01-14 05:09:00,2024-01-14 05:52:00,218,38,2,22.33,463.12,56.94,520.06,Card,1,43.0,5,Sunday,January,2024-01-14,False,20.74,12.29
3656,2024-01-16 22:53:00,2024-01-17 00:17:00,173,108,2,16.4,351.79,32.16,383.95,Card,1,84.0,22,Tuesday,January,2024-01-16,False,21.45,9.14
3657,2024-01-28 04:01:00,2024-01-28 04:17:00,56,224,5,16.45,352.2,38.62,390.82,Card,2,16.0,4,Sunday,January,2024-01-28,False,21.41,10.97
3658,2024-01-22 19:53:00,2024-01-22 20:31:00,9,184,1,22.65,469.24,42.75,511.99,Cash,1,38.0,19,Monday,January,2024-01-22,False,20.72,9.11
3659,2024-01-02 08:12:00,2024-01-02 09:27:00,22,155,1,13.2,283.82,21.65,305.47,Card,1,75.0,8,Tuesday,January,2024-01-02,False,21.5,7.63
3660,2024-01-02 05:17:00,2024-01-02 06:36:00,72,32,4,10.85,240.07,25.94,266.01,Card,2,79.0,5,Tuesday,January,2024-01-02,False,22.13,10.81
3661,2024-01-22 08:02:00,2024-01-22 08:37:00,172,234,1,21.79,451.78,87.98,539.76,Cash,1,35.0,8,Monday,January,2024-01-22,False,20.73,19.47
3662,2024-01-27 06:53:00,2024-01-27 07:59:00,123,250,2,18.82,387.48,34.85,422.33,Card,1,66.0,6,Saturday,January,2024-01-27,False,20.59,8.99
3663,2024-01-27 16:05:00,2024-01-27 16:22:00,91,58,1,23.78,497.26,49.92,547.18,Cash,1,17.0,16,Saturday,January,2024-01-27,False,20.91,10.04
3664,2024-01-01 18:36:00,2024-01-01 19:11:00,224,163,2,23.56,477.63,47.47,525.1,Cash,1,35.0,18,Monday,January,2024-01-01,False,20.27,9.94
3665,2024-01-09 02:51:00,2024-01-09 02:57:00,252,17,1,10.18,226.59,27.65,254.24,Card,1,6.0,2,Tuesday,January,2024-01-09,False,22.26,12.2
3666,2024-01-01 08:12:00,2024-01-01 08:31:00,256,254,2,11.73,271.71,47.96,319.67,Card,1,19.0,8,Monday,January,2024-01-01,False,23.16,17.65
3667,2024-01-20 08:42:00,2024-01-20 09:43:00,13,146,1,7.14,177.7,19.6,197.3,Card,1,61.0,8,Saturday,January,2024-01-20,False,24.89,11.03
3668,2024-01-07 02:51:00,2024-01-07 04:10:00,118,229,5,16.86,347.94,59.47,407.41,Card,2,79.0,2,Sunday,January,2024-01-07,False,20.64,17.09
3669,2024-01-20 07:28:00,2024-01-20 08:06:00,178,240,1,9.75,228.18,15.35,243.53,Card,2,38.0,7,Saturday,January,2024-01-20,False,23.4,6.73
3670,2024-01-17 20:32:00,2024-01-17 21:44:00,161,16,1,19.87,426.59,78.59,505.18,Card,1,72.0,20,Wednesday,January,2024-01-17,False,21.47,18.42
3671,2024-01-20 17:19:00,2024-01-20 18:38:00,95,75,1,3.92,122.9,9.56,132.46,Card,1,79.0,17,Saturday,January,2024-01-20,False,31.35,7.78
3672,2024-01-05 11:54:00,2024-01-05 12:27:00,168,260,3,3.79,118.64,6.63,125.27,Card,2,33.0,11,Friday,January,2024-01-05,False,31.3,5.59
3673,2024-01-19 17:16:00,2024-01-19 18:26:00,87,4,2,5.91,159.72,11.78,171.5,Card,1,70.0,17,Friday,January,2024-01-19,False,27.03,7.38
3674,2024-01-30 12:26:00,2024-01-30 12:46:00,3,251,1,3.02,94.72,7.45,102.17,Card,2,20.0,12,Tuesday,January,2024-01-30,False,31.36,7.87
3675,2024-01-10 16:59:00,2024-01-10 17:42:00,16,85,1,15.88,329.83,41.65,371.48,Card,2,43.0,16,Wednesday,January,2024-01-10,False,20.77,12.63
3676,2024-01-30 13:25:00,2024-01-30 14:46:00,130,63,1,4.54,147.21,17.3,164.51,Card,1,81.0,13,Tuesday,January,2024-01-30,False,32.43,11.75
3677,2024-01-20 16:08:00,2024-01-20 16:49:00,23,100,1,4.84,156.46,24.62,181.08,Card,2,41.0,16,Saturday,January,2024-01-20,False,32.33,15.74
3678,2024-01-09 22:27:00,2024-01-09 23:52:00,98,243,1,1.34,68.86,3.97,72.83,Cash,2,85.0,22,Tuesday,January,2024-01-09,False,51.39,5.77
3679,2024-01-18 22:51:00,2024-01-18 23:16:00,158,162,2,19.77,411.93,51.35,463.28,Card,1,25.0,22,Thursday,January,2024-01-18,False,20.84,12.47
3680,2024-01-22 17:19:00,2024-01-22 18:07:00,239,178,1,20.5,437.99,43.74,481.73,Cash,1,48.0,17,Monday,January,2024-01-22,False,21.37,9.99
3681,2024-01-22 04:47:00,2024-01-22 05:10:00,10,252,2,4.89,132.72,19.19,151.91,Card,1,23.0,4,Monday,January,2024-01-22,False,27.14,14.46
3682,2024-01-06 11:06:00,2024-01-06 12:21:00,22,42,3,18.75,383.09,21.67,404.76,Card,1,75.0,11,Saturday,January,2024-01-06,False,20.43,5.66
3683,2024-01-11 17:29:00,2024-01-11 17:41:00,184,242,4,11.41,273.18,15.09,288.27,Cash,1,12.0,17,Thursday,January,2024-01-11,False,23.94,5.52
3684,2024-01-08 10:05:00,2024-01-08 11:26:00,217,91,2,6.75,182.67,20.84,203.51,Card,1,81.0,10,Monday,January,2024-01-08,False,27.06,11.41
3685,2024-01-17 08:24:00,2024-01-17 09:34:00,214,28,1,15.91,330.94,56.82,387.76,Card,1,70.0,8,Wednesday,January,2024-01-17,False,20.8,17.17
3686,2024-01-04 18:51:00,2024-01-04 19:36:00,158,155,2,5.28,146.84,22.12,168.96,Card,1,45.0,18,Thursday,January,2024-01-04,False,27.81,15.06
3687,2024-01-16 00:42:00,2024-01-16 02:01:00,210,119,1,19.17,386.75,20.31,407.06,Card,1,79.0,0,Tuesday,January,2024-01-16,False,20.17,5.25
3688,2024-01-29 16:36:00,2024-01-29 17:50:00,133,220,1,2.14,91.5,7.02,98.52,Card,1,74.0,16,Monday,January,2024-01-29,False,42.76,7.67
3689,2024-01-28 17:54:00,2024-01-28 18:59:00,53,121,2,24.02,495.7,41.64,537.34,Card,1,65.0,17,Sunday,January,2024-01-28,False,20.64,8.4
3690,2024-01-27 23:50:00,2024-01-28 00:20:00,229,46,3,2.73,105.76,12.0,117.76,Card,2,30.0,23,Saturday,January,2024-01-27,False,38.74,11.35
3691,2024-01-22 13:10:00,2024-01-22 14:25:00,183,115,1,14.91,327.8,45.24,373.04,Cash,2,75.0,13,Monday,January,2024-01-22,False,21.99,13.8
3692,2024-01-22 10:33:00,2024-01-22 12:00:00,23,168,1,22.65,457.5,37.73,495.23,Cash,2,87.0,10,Monday,January,2024-01-22,False,20.2,8.25
3693,2024-01-01 10:19:00,2024-01-01 11:33:00,106,246,2,1.29,68.06,7.31,75.37,Card,1,74.0,10,Monday,January,2024-01-01,False,52.76,10.74
3694,2024-01-24 08:50:00,2024-01-24 09:23:00,91,234,1,12.96,273.67,37.65,311.32,Cash,1,33.0,8,Wednesday,January,2024-01-24,False,21.12,13.76
3695,2024-01-18 14:52:00,2024-01-18 16:02:00,119,22,2,9.4,233.84,25.14,258.98,Card,2,70.0,14,Thursday,January,2024-01-18,False,24.88,10.75
3696,2024-01-03 12:42:00,2024-01-03 13:05:00,138,202,1,14.93,327.84,23.43,351.27,Card,2,23.0,12,Wednesday,January,2024-01-03,False,21.96,7.15
3697,2024-01-20 10:41:00,2024-01-20 11:53:00,120,68,1,6.41,162.26,20.08,182.34,Cash,2,72.0,10,Saturday,January,2024-01-20,False,25.31,12.38
3698,2024-01-24 15:44:00,2024-01-24 16:46:00,161,136,1,2.56,98.63,9.72,108.35,Card,2,62.0,15,Wednesday,January,2024-01-24,False,38.53,9.86
3699,2024-01-21 08:10:00,2024-01-21 09:24:00,208,231,3,16.02,352.4,63.3,415.7,Card,2,74.0,8,Sunday,January,2024-01-21,False,22.0,17.96
3700,2024-01-10 19:22:00,2024-01-10 20:23:00,155,58,2,11.0,254.16,42.28,296.44,Card,2,61.0,19,Wednesday,January,2024-01-10,False,23.11,16.64
3701,2024-01-18 05:40:00,2024-01-18 06:21:00,263,15,3,15.94,335.92,26.38,362.3,Card,1,41.0,5,Thursday,January,2024-01-18,False,21.07,7.85
3702,2024-01-03 00:15:00,2024-01-03 01:20:00,155,170,1,6.05,156.92,11.44,168.36,Card,2,65.0,0,Wednesday,January,2024-01-03,False,25.94,7.29
3703,2024-01-04 17:26:00,2024-01-04 18:00:00,259,169,3,9.13,210.87,21.54,232.41,Cash,2,34.0,17,Thursday,January,2024-01-04,False,23.1,10.21
3704,2024-01-07 01:11:00,2024-01-07 02:26:00,157,48,1,14.48,325.35,36.38,361.73,Card,1,75.0,1,Sunday,January,2024-01-07,False,22.47,11.18
3705,2024-01-14 14:36:00,2024-01-14 15:53:00,14,96,3,15.23,331.6,62.94,394.54,Card,1,77.0,14,Sunday,January,2024-01-14,False,21.77,18.98
3706,2024-01-14 01:13:00,2024-01-14 01:42:00,77,44,1,9.94,240.19,22.88,263.07,Card,2,29.0,1,Sunday,January,2024-01-14,False,24.16,9.53
3707,2024-01-06 16:39:00,2024-01-06 17:48:00,220,240,1,7.72,204.76,36.88,241.64,Cash,1,69.0,16,Saturday,January,2024-01-06,False,26.52,18.01
3708,2024-01-08 10:37:00,2024-01-08 10:47:00,232,70,1,7.57,205.87,25.9,231.77,Card,2,10.0,10,Monday,January,2024-01-08,False,27.2,12.58
3709,2024-01-26 03:11:00,2024-01-26 03:33:00,142,253,2,5.19,140.9,25.76,166.66,Card,2,22.0,3,Friday,January,2024-01-26,False,27.15,18.28
3710,2024-01-08 02:11:00,2024-01-08 02:25:00,251,66,1,8.81,204.01,31.68,235.69,Cash,1,14.0,2,Monday,January,2024-01-08,False,23.16,15.53
3711,2024-01-17 05:20:00,2024-01-17 05:35:00,140,31,4,5.79,158.08,24.7,182.78,Card,1,15.0,5,Wednesday,January,2024-01-17,False,27.3,15.62
3712,2024-01-15 23:02:00,2024-01-16 00:11:00,142,214,1,16.21,332.83,42.54,375.37,Card,1,69.0,23,Monday,January,2024-01-15,False,20.53,12.78
3713,2024-01-22 17:52:00,2024-01-22 19:13:00,129,181,1,14.66,327.63,57.68,385.31,Card,2,81.0,17,Monday,January,2024-01-22,False,22.35,17.61
3714,2024-01-26 07:15:00,2024-01-26 08:43:00,18,202,1,10.18,249.75,22.02,271.77,Card,2,88.0,7,Friday,January,2024-01-26,False,24.53,8.82
3715,2024-01-20 14:47:00,2024-01-20 15:56:00,243,68,1,8.82,219.34,40.82,260.16,Card,1,69.0,14,Saturday,January,2024-01-20,False,24.87,18.61
3716,2024-01-16 12:37:00,2024-01-16 13:33:00,164,25,2,6.7,168.64,24.54,193.18,Card,2,56.0,12,Tuesday,January,2024-01-16,False,25.17,14.55
3717,2024-01-29 12:05:00,2024-01-29 13:16:00,96,248,2,13.85,292.99,33.93,326.92,Card,2,71.0,12,Monday,January,2024-01-29,False,21.15,11.58
3718,2024-01-20 05:31:00,2024-01-20 06:57:00,28,160,3,23.05,466.36,92.03,558.39,Cash,1,86.0,5,Saturday,January,2024-01-20,False,20.23,19.73
3719,2024-01-09 15:04:00,2024-01-09 16:26:00,230,257,1,17.46,379.28,68.01,447.29,Card,1,82.0,15,Tuesday,January,2024-01-09,False,21.72,17.93
3720,2024-01-14 02:12:00,2024-01-14 02:47:00,25,111,4,18.87,390.09,64.68,454.77,Card,2,35.0,2,Sunday,January,2024-01-14,False,20.67,16.58
3721,2024-01-16 16:41:00,2024-01-16 17:02:00,175,47,1,21.03,419.57,38.22,457.79,Cash,2,21.0,16,Tuesday,January,2024-01-16,False,19.95,9.11
3722,2024-01-13 12:20:00,2024-01-13 13:19:00,161,179,4,9.44,218.15,42.77,260.92,Card,1,59.0,12,Saturday,January,2024-01-13,False,23.11,19.61
3723,2024-01-06 15:55:00,2024-01-06 16:35:00,30,36,1,2.51,114.88,18.55,133.43,Card,1,40.0,15,Saturday,January,2024-01-06,False,45.77,16.15
3724,2024-01-03 11:43:00,2024-01-03 12:13:00,165,198,2,15.94,347.22,48.88,396.1,Card,1,30.0,11,Wednesday,January,2024-01-03,False,21.78,14.08
3725,2024-01-11 18:35:00,2024-01-11 19:32:00,208,42,2,5.53,166.57,31.36,197.93,Card,1,57.0,18,Thursday,January,2024-01-11,False,30.12,18.83
3726,2024-01-26 12:57:00,2024-01-26 13:18:00,102,90,1,14.66,327.13,24.31,351.44,Card,1,21.0,12,Friday,January,2024-01-26,False,22.31,7.43
3727,2024-01-14 16:30:00,2024-01-14 18:00:00,106,68,1,18.75,393.69,27.89,421.58,Card,2,90.0,16,Sunday,January,2024-01-14,False,21.0,7.08
3728,2024-01-30 23:38:00,2024-01-31 00:07:00,69,70,2,19.81,401.04,53.96,455.0,Cash,1,29.0,23,Tuesday,January,2024-01-30,False,20.24,13.46
3729,2024-01-18 00:52:00,2024-01-18 00:58:00,8,110,1,8.24,198.78,11.63,210.41,Card,2,6.0,0,Thursday,January,2024-01-18,False,24.12,5.85
3730,2024-01-13 22:01:00,2024-01-13 23:31:00,123,22,1,13.3,296.91,44.42,341.33,Card,2,90.0,22,Saturday,January,2024-01-13,False,22.32,14.96
3731,2024-01-04 10:47:00,2024-01-04 10:56:00,101,195,2,15.9,352.32,30.34,382.66,Card,2,9.0,10,Thursday,January,2024-01-04,False,22.16,8.61
3732,2024-01-14 00:33:00,2024-01-14 00:41:00,1,45,2,20.67,420.12,28.51,448.63,Cash,2,8.0,0,Sunday,January,2024-01-14,False,20.33,6.79
3733,2024-01-14 21:42:00,2024-01-14 22:22:00,7,111,6,19.27,390.5,43.51,434.01,Card,1,40.0,21,Sunday,January,2024-01-14,False,20.26,11.14
3734,2024-01-07 08:15:00,2024-01-07 08:25:00,111,209,1,24.71,501.54,60.13,561.67,Cash,2,10.0,8,Sunday,January,2024-01-07,False,20.3,11.99
3735,2024-01-04 23:22:00,2024-01-04 23:47:00,186,230,1,1.19,66.72,5.04,71.76,Card,2,25.0,23,Thursday,January,2024-01-04,False,56.07,7.55
3736,2024-01-20 00:53:00,2024-01-20 02:14:00,216,178,1,11.5,265.31,14.92,280.23,Card,1,81.0,0,Saturday,January,2024-01-20,False,23.07,5.62
3737,2024-01-19 21:56:00,2024-01-19 22:26:00,123,250,2,7.15,176.61,19.8,196.41,Card,2,30.0,21,Friday,January,2024-01-19,False,24.7,11.21
3738,2024-01-11 18:34:00,2024-01-11 19:33:00,201,11,4,3.88,116.77,19.14,135.91,Card,1,59.0,18,Thursday,January,2024-01-11,False,30.1,16.39
3739,2024-01-26 20:12:00,2024-01-26 20:55:00,8,252,5,22.88,463.82,84.01,547.83,Card,1,43.0,20,Friday,January,2024-01-26,False,20.27,18.11
3740,2024-01-29 01:06:00,2024-01-29 02:34:00,64,235,4,24.95,506.9,32.76,539.66,Card,1,88.0,1,Monday,January,2024-01-29,False,20.32,6.46
3741,2024-01-15 02:51:00,2024-01-15 03:28:00,136,136,3,5.33,152.3,19.6,171.9,Cash,2,37.0,2,Monday,January,2024-01-15,False,28.57,12.87
3742,2024-01-13 13:00:00,2024-01-13 13:18:00,186,254,6,1.92,81.9,7.33,89.23,Card,2,18.0,13,Saturday,January,2024-01-13,False,42.66,8.95
3743,2024-01-01 19:56:00,2024-01-01 20:56:00,127,54,1,7.6,203.53,21.61,225.14,Card,2,60.0,19,Monday,January,2024-01-01,False,26.78,10.62
3744,2024-01-09 12:57:00,2024-01-09 14:22:00,49,129,4,21.04,422.02,80.19,502.21,Cash,2,85.0,12,Tuesday,January,2024-01-09,False,20.06,19.0
3745,2024-01-02 22:27:00,2024-01-02 22:52:00,166,226,2,8.05,186.08,19.13,205.21,Card,2,25.0,22,Tuesday,January,2024-01-02,False,23.12,10.28
3746,2024-01-17 12:56:00,2024-01-17 13:46:00,127,20,1,2.37,100.74,10.56,111.3,Card,1,50.0,12,Wednesday,January,2024-01-17,False,42.51,10.48
3747,2024-01-29 06:15:00,2024-01-29 06:35:00,177,100,1,2.26,84.38,6.87,91.25,Card,1,20.0,6,Monday,January,2024-01-29,False,37.34,8.14
3748,2024-01-14 16:22:00,2024-01-14 16:42:00,203,57,1,11.26,257.83,50.02,307.85,Card,2,20.0,16,Sunday,January,2024-01-14,False,22.9,19.4
3749,2024-01-18 12:42:00,2024-01-18 14:10:00,157,226,2,23.36,489.03,57.94,546.97,Card,2,88.0,12,Thursday,January,2024-01-18,False,20.93,11.85
3750,2024-01-02 12:16:00,2024-01-02 12:49:00,219,141,2,7.86,202.44,27.44,229.88,Card,2,33.0,12,Tuesday,January,2024-01-02,False,25.76,13.55
3751,2024-01-14 23:27:00,2024-01-14 23:39:00,28,125,1,11.25,261.02,30.79,291.81,Cash,2,12.0,23,Sunday,January,2024-01-14,False,23.2,11.8
3752,2024-01-29 20:40:00,2024-01-29 20:47:00,83,52,2,3.45,119.34,10.49,129.83,Card,1,7.0,20,Monday,January,2024-01-29,False,34.59,8.79
3753,2024-01-19 21:48:00,2024-01-19 22:11:00,112,134,1,12.85,276.69,47.47,324.16,Cash,2,23.0,21,Friday,January,2024-01-19,False,21.53,17.16
3754,2024-01-15 00:48:00,2024-01-15 01:58:00,154,153,3,17.72,371.94,20.19,392.13,Card,2,70.0,0,Monday,January,2024-01-15,False,20.99,5.43
3755,2024-01-20 18:42:00,2024-01-20 20:05:00,29,186,2,7.51,185.46,28.47,213.93,Card,2,83.0,18,Saturday,January,2024-01-20,False,24.7,15.35
3756,2024-01-07 08:51:00,2024-01-07 10:21:00,213,239,5,8.12,214.75,29.88,244.63,Cash,2,90.0,8,Sunday,January,2024-01-07,False,26.45,13.91
3757,2024-01-25 10:59:00,2024-01-25 12:17:00,102,183,1,21.21,429.05,30.74,459.79,Card,2,78.0,10,Thursday,January,2024-01-25,False,20.23,7.16
3758,2024-01-24 04:36:00,2024-01-24 06:02:00,214,3,4,1.25,76.65,5.74,82.39,Cash,1,86.0,4,Wednesday,January,2024-01-24,False,61.32,7.49
3759,2024-01-30 13:49:00,2024-01-30 14:15:00,155,196,1,16.28,361.18,53.77,414.95,Card,1,26.0,13,Tuesday,January,2024-01-30,False,22.19,14.89
3760,2024-01-29 03:46:00,2024-01-29 04:36:00,200,166,1,10.45,251.78,24.38,276.16,Cash,1,50.0,3,Monday,January,2024-01-29,False,24.09,9.68
3761,2024-01-03 13:36:00,2024-01-03 13:53:00,168,141,1,8.16,215.82,19.39,235.21,Card,2,17.0,13,Wednesday,January,2024-01-03,False,26.45,8.98
3762,2024-01-14 22:18:00,2024-01-14 22:55:00,238,111,2,16.78,360.29,21.21,381.5,Card,2,37.0,22,Sunday,January,2024-01-14,False,21.47,5.89
3763,2024-01-15 02:33:00,2024-01-15 02:42:00,159,261,6,21.03,428.55,70.7,499.25,Card,1,9.0,2,Monday,January,2024-01-15,False,20.38,16.5
3764,2024-01-14 07:09:00,2024-01-14 08:30:00,193,188,2,14.4,324.0,59.1,383.1,Cash,1,81.0,7,Sunday,January,2024-01-14,False,22.5,18.24
3765,2024-01-29 12:35:00,2024-01-29 13:06:00,167,185,4,1.75,80.24,13.88,94.12,Card,2,31.0,12,Monday,January,2024-01-29,False,45.85,17.3
3766,2024-01-04 10:36:00,2024-01-04 11:58:00,226,92,1,12.07,262.2,31.44,293.64,Cash,2,82.0,10,Thursday,January,2024-01-04,False,21.72,11.99
3767,2024-01-08 01:55:00,2024-01-08 02:23:00,251,194,1,12.11,279.17,36.32,315.49,Card,1,28.0,1,Monday,January,2024-01-08,False,23.05,13.01
3768,2024-01-12 20:36:00,2024-01-12 21:47:00,221,47,1,14.05,312.07,26.94,339.01,Card,1,71.0,20,Friday,January,2024-01-12,False,22.21,8.63
3769,2024-01-01 18:25:00,2024-01-01 19:32:00,23,144,1,17.1,374.17,28.41,402.58,Card,1,67.0,18,Monday,January,2024-01-01,False,21.88,7.59
3770,2024-01-11 16:57:00,2024-01-11 17:49:00,189,149,5,1.46,95.14,16.5,111.64,Card,1,52.0,16,Thursday,January,2024-01-11,False,65.16,17.34
3771,2024-01-18 04:09:00,2024-01-18 05:16:00,27,120,2,13.05,300.62,51.03,351.65,Card,2,67.0,4,Thursday,January,2024-01-18,False,23.04,16.97
3772,2024-01-21 21:39:00,2024-01-21 23:01:00,210,134,1,15.12,313.96,52.31,366.27,Card,1,82.0,21,Sunday,January,2024-01-21,False,20.76,16.66
3773,2024-01-23 15:18:00,2024-01-23 15:34:00,35,197,2,9.24,226.26,27.04,253.3,Cash,1,16.0,15,Tuesday,January,2024-01-23,False,24.49,11.95
3774,2024-01-21 19:21:00,2024-01-21 19:53:00,198,37,1,17.04,370.26,66.53,436.79,Card,2,32.0,19,Sunday,January,2024-01-21,False,21.73,17.97
3775,2024-01-09 18:02:00,2024-01-09 18:50:00,174,187,1,6.48,186.1,35.16,221.26,Card,1,48.0,18,Tuesday,January,2024-01-09,False,28.72,18.89
3776,2024-01-07 10:16:00,2024-01-07 11:03:00,218,213,1,8.62,206.4,20.49,226.89,Card,2,47.0,10,Sunday,January,2024-01-07,False,23.94,9.93
3777,2024-01-15 07:04:00,2024-01-15 07:25:00,56,110,2,24.11,479.08,40.1,519.18,Cash,1,21.0,7,Monday,January,2024-01-15,False,19.87,8.37
3778,2024-01-25 02:01:00,2024-01-25 02:45:00,152,187,6,9.35,233.89,27.98,261.87,Card,1,44.0,2,Thursday,January,2024-01-25,False,25.01,11.96
3779,2024-01-18 21:52:00,2024-01-18 22:45:00,38,78,1,9.32,217.28,16.71,233.99,Card,2,53.0,21,Thursday,January,2024-01-18,False,23.31,7.69
3780,2024-01-16 05:04:00,2024-01-16 06:33:00,198,125,1,15.3,333.35,60.87,394.22,Card,1,89.0,5,Tuesday,January,2024-01-16,False,21.79,18.26
3781,2024-01-24 23:40:00,2024-01-25 00:41:00,9,2,1,24.3,489.1,49.25,538.35,Cash,2,61.0,23,Wednesday,January,2024-01-24,False,20.13,10.07
3782,2024-01-19 10:16:00,2024-01-19 11:44:00,178,71,1,24.59,494.69,67.49,562.18,Cash,2,88.0,10,Friday,January,2024-01-19,False,20.12,13.64
3783,2024-01-14 07:24:00,2024-01-14 08:32:00,176,212,2,14.91,330.35,45.99,376.34,Cash,1,68.0,7,Sunday,January,2024-01-14,False,22.16,13.92
3784,2024-01-10 00:36:00,2024-01-10 01:55:00,261,8,1,1.03,69.38,8.83,78.21,Cash,2,79.0,0,Wednesday,January,2024-01-10,False,67.36,12.73
3785,2024-01-02 23:51:00,2024-01-03 00:52:00,84,184,2,22.62,467.95,34.38,502.33,Card,2,61.0,23,Tuesday,January,2024-01-02,False,20.69,7.35
3786,2024-01-16 17:06:00,2024-01-16 18:24:00,139,164,1,14.69,304.85,60.56,365.41,Card,2,78.0,17,Tuesday,January,2024-01-16,False,20.75,19.87
3787,2024-01-08 07:21:00,2024-01-08 08:39:00,242,81,1,9.78,225.78,17.13,242.91,Card,1,78.0,7,Monday,January,2024-01-08,False,23.09,7.59
3788,2024-01-01 18:52:00,2024-01-01 20:06:00,155,262,1,20.9,425.77,69.28,495.05,Card,2,74.0,18,Monday,January,2024-01-01,False,20.37,16.27
3789,2024-01-24 05:47:00,2024-01-24 07:07:00,221,105,1,10.6,253.27,42.73,296.0,Card,1,80.0,5,Wednesday,January,2024-01-24,False,23.89,16.87
3790,2024-01-11 02:14:00,2024-01-11 03:01:00,135,28,3,1.82,82.2,5.9,88.1,Card,2,47.0,2,Thursday,January,2024-01-11,False,45.16,7.18
3791,2024-01-17 13:34:00,2024-01-17 14:01:00,188,47,1,20.71,431.78,82.03,513.81,Card,2,27.0,13,Wednesday,January,2024-01-17,False,20.85,19.0
3792,2024-01-30 20:38:00,2024-01-30 21:09:00,178,55,1,14.1,314.46,38.73,353.19,Card,2,31.0,20,Tuesday,January,2024-01-30,False,22.3,12.32
3793,2024-01-28 03:05:00,2024-01-28 04:07:00,67,79,2,9.12,223.91,32.32,256.23,Card,2,62.0,3,Sunday,January,2024-01-28,False,24.55,14.43
3794,2024-01-06 10:12:00,2024-01-06 10:53:00,69,1,5,7.02,184.46,26.99,211.45,Card,2,41.0,10,Saturday,January,2024-01-06,False,26.28,14.63
3795,2024-01-04 03:57:00,2024-01-04 04:07:00,77,168,3,15.25,326.91,41.11,368.02,Cash,2,10.0,3,Thursday,January,2024-01-04,False,21.44,12.58
3796,2024-01-02 12:19:00,2024-01-02 13:28:00,12,23,1,5.99,159.02,11.34,170.36,Card,1,69.0,12,Tuesday,January,2024-01-02,False,26.55,7.13
3797,2024-01-07 07:05:00,2024-01-07 07:15:00,246,228,1,8.77,214.8,34.96,249.76,Cash,1,10.0,7,Sunday,January,2024-01-07,False,24.49,16.28
3798,2024-01-06 17:55:00,2024-01-06 18:49:00,237,260,2,16.28,334.95,45.98,380.93,Card,1,54.0,17,Saturday,January,2024-01-06,False,20.57,13.73
3799,2024-01-25 23:08:00,2024-01-25 23:34:00,252,164,3,22.16,465.15,31.54,496.69,Card,2,26.0,23,Thursday,January,2024-01-25,False,20.99,6.78
3800,2024-01-15 09:00:00,2024-01-15 09:29:00,207,10,1,13.79,312.98,48.53,361.51,Card,1,29.0,9,Monday,January,2024-01-15,False,22.7,15.51
3801,2024-01-28 09:44:00,2024-01-28 11:07:00,108,116,1,19.22,396.35,61.6,457.95,Card,2,83.0,9,Sunday,January,2024-01-28,False,20.62,15.54
3802,2024-01-30 09:51:00,2024-01-30 11:07:00,209,158,1,19.31,404.58,53.51,458.09,Cash,1,76.0,9,Tuesday,January,2024-01-30,False,20.95,13.23
3803,2024-01-20 07:14:00,2024-01-20 08:09:00,113,158,1,16.94,372.89,23.71,396.6,Card,2,55.0,7,Saturday,January,2024-01-20,False,22.01,6.36
3804,2024-01-20 23:43:00,2024-01-21 00:35:00,15,202,2,6.9,172.35,17.73,190.08,Cash,1,52.0,23,Saturday,January,2024-01-20,False,24.98,10.29
3805,2024-01-12 19:18:00,2024-01-12 20:32:00,83,121,1,21.8,454.67,26.21,480.88,Card,1,74.0,19,Friday,January,2024-01-12,False,20.86,5.76
3806,2024-01-10 15:09:00,2024-01-10 16:18:00,65,139,1,11.47,248.94,30.28,279.22,Card,1,69.0,15,Wednesday,January,2024-01-10,False,21.7,12.16
3807,2024-01-20 13:12:00,2024-01-20 14:16:00,3,162,1,2.06,92.78,17.25,110.03,Card,1,64.0,13,Saturday,January,2024-01-20,False,45.04,18.59
3808,2024-01-15 13:14:00,2024-01-15 14:04:00,236,208,1,6.87,190.18,9.57,199.75,Card,2,50.0,13,Monday,January,2024-01-15,False,27.68,5.03
3809,2024-01-22 21:55:00,2024-01-22 22:35:00,129,55,1,19.37,405.21,36.47,441.68,Card,2,40.0,21,Monday,January,2024-01-22,False,20.92,9.0
3810,2024-01-12 13:34:00,2024-01-12 14:36:00,247,260,1,2.66,106.37,18.08,124.45,Card,2,62.0,13,Friday,January,2024-01-12,False,39.99,17.0
3811,2024-01-25 11:16:00,2024-01-25 12:36:00,235,44,4,4.54,148.95,7.67,156.62,Cash,1,80.0,11,Thursday,January,2024-01-25,False,32.81,5.15
3812,2024-01-11 10:42:00,2024-01-11 11:24:00,30,159,1,17.66,379.34,19.55,398.89,Card,2,42.0,10,Thursday,January,2024-01-11,False,21.48,5.15
3813,2024-01-19 00:46:00,2024-01-19 01:01:00,71,98,2,22.42,464.44,65.78,530.22,Card,2,15.0,0,Friday,January,2024-01-19,False,20.72,14.16
3814,2024-01-10 21:50:00,2024-01-10 22:06:00,148,26,3,16.21,349.37,58.83,408.2,Cash,1,16.0,21,Wednesday,January,2024-01-10,False,21.55,16.84
3815,2024-01-22 11:08:00,2024-01-22 11:54:00,93,198,1,6.33,172.93,28.79,201.72,Card,1,46.0,11,Monday,January,2024-01-22,False,27.32,16.65
3816,2024-01-11 18:43:00,2024-01-11 19:26:00,217,97,1,2.28,105.15,17.55,122.7,Card,1,43.0,18,Thursday,January,2024-01-11,False,46.12,16.69
3817,2024-01-14 21:11:00,2024-01-14 22:26:00,238,239,1,15.76,353.06,36.77,389.83,Card,1,75.0,21,Sunday,January,2024-01-14,False,22.4,10.41
3818,2024-01-08 11:35:00,2024-01-08 11:50:00,227,12,2,2.14,102.38,18.67,121.05,Cash,2,15.0,11,Monday,January,2024-01-08,False,47.84,18.24
3819,2024-01-09 12:25:00,2024-01-09 13:05:00,219,45,2,15.71,344.01,17.86,361.87,Card,1,40.0,12,Tuesday,January,2024-01-09,False,21.9,5.19
3820,2024-01-14 12:19:00,2024-01-14 13:15:00,31,9,1,6.41,159.45,15.44,174.89,Card,2,56.0,12,Sunday,January,2024-01-14,False,24.88,9.68
3821,2024-01-12 13:53:00,2024-01-12 14:28:00,114,1,3,22.71,473.29,47.6,520.89,Cash,1,35.0,13,Friday,January,2024-01-12,False,20.84,10.06
3822,2024-01-19 18:56:00,2024-01-19 19:33:00,102,210,2,12.4,285.28,21.35,306.63,Cash,1,37.0,18,Friday,January,2024-01-19,False,23.01,7.48
3823,2024-01-05 14:14:00,2024-01-05 14:31:00,93,54,1,6.37,177.77,17.85,195.62,Card,1,17.0,14,Friday,January,2024-01-05,False,27.91,10.04
3824,2024-01-26 00:20:00,2024-01-26 00:42:00,207,104,2,21.48,433.57,59.78,493.35,Cash,1,22.0,0,Friday,January,2024-01-26,False,20.18,13.79
3825,2024-01-06 03:35:00,2024-01-06 04:20:00,229,152,1,7.1,194.9,24.96,219.86,Card,2,45.0,3,Saturday,January,2024-01-06,False,27.45,12.81
3826,2024-01-17 01:55:00,2024-01-17 02:57:00,71,10,2,8.36,193.4,18.94,212.34,Card,1,62.0,1,Wednesday,January,2024-01-17,False,23.13,9.79
3827,2024-01-12 18:44:00,2024-01-12 19:44:00,136,40,1,21.02,425.97,69.18,495.15,Card,1,60.0,18,Friday,January,2024-01-12,False,20.26,16.24
3828,2024-01-27 04:46:00,2024-01-27 05:14:00,17,44,2,8.41,211.27,33.22,244.49,Card,2,28.0,4,Saturday,January,2024-01-27,False,25.12,15.72
3829,2024-01-26 17:24:00,2024-01-26 18:41:00,215,155,1,10.84,255.33,23.52,278.85,Card,1,77.0,17,Friday,January,2024-01-26,False,23.55,9.21
3830,2024-01-27 01:44:00,2024-01-27 02:19:00,244,82,2,9.34,217.52,21.42,238.94,Card,2,35.0,1,Saturday,January,2024-01-27,False,23.29,9.85
3831,2024-01-23 09:32:00,2024-01-23 10:31:00,95,197,1,3.79,129.27,12.04,141.31,Card,2,59.0,9,Tuesday,January,2024-01-23,False,34.11,9.31
3832,2024-01-03 15:52:00,2024-01-03 16:06:00,121,52,2,1.93,86.38,5.99,92.37,Cash,2,14.0,15,Wednesday,January,2024-01-03,False,44.76,6.93
3833,2024-01-18 13:15:00,2024-01-18 14:19:00,6,223,1,18.39,371.03,60.45,431.48,Card,1,64.0,13,Thursday,January,2024-01-18,False,20.18,16.29
3834,2024-01-11 08:21:00,2024-01-11 08:27:00,87,59,1,16.48,341.52,19.45,360.97,Card,2,6.0,8,Thursday,January,2024-01-11,False,20.72,5.7
3835,2024-01-27 12:53:00,2024-01-27 13:12:00,189,110,1,7.78,206.52,14.99,221.51,Card,1,19.0,12,Saturday,January,2024-01-27,False,26.54,7.26
3836,2024-01-24 17:08:00,2024-01-24 17:15:00,103,30,1,8.09,192.3,12.65,204.95,Card,2,7.0,17,Wednesday,January,2024-01-24,False,23.77,6.58
3837,2024-01-30 14:33:00,2024-01-30 15:20:00,104,107,2,23.68,469.63,81.62,551.25,Cash,2,47.0,14,Tuesday,January,2024-01-30,False,19.83,17.38
3838,2024-01-16 21:58:00,2024-01-16 22:33:00,67,95,6,24.7,505.07,28.59,533.66,Card,1,35.0,21,Tuesday,January,2024-01-16,False,20.45,5.66
3839,2024-01-14 13:40:00,2024-01-14 14:54:00,106,207,2,12.36,275.7,41.27,316.97,Card,2,74.0,13,Sunday,January,2024-01-14,False,22.31,14.97
3840,2024-01-09 01:00:00,2024-01-09 02:11:00,248,172,3,20.26,428.58,24.29,452.87,Cash,1,71.0,1,Tuesday,January,2024-01-09,False,21.15,5.67
3841,2024-01-27 16:02:00,2024-01-27 17:02:00,207,79,1,18.68,402.08,67.54,469.62,Card,2,60.0,16,Saturday,January,2024-01-27,False,21.52,16.8
3842,2024-01-27 18:58:00,2024-01-27 20:05:00,205,250,1,8.14,211.9,39.61,251.51,Card,1,67.0,18,Saturday,January,2024-01-27,False,26.03,18.69
3843,2024-01-18 07:17:00,2024-01-18 08:36:00,83,218,2,2.41,92.77,11.41,104.18,Card,1,79.0,7,Thursday,January,2024-01-18,False,38.49,12.3
3844,2024-01-16 11:58:00,2024-01-16 12:17:00,82,57,5,4.42,134.73,23.0,157.73,Card,2,19.0,11,Tuesday,January,2024-01-16,False,30.48,17.07
3845,2024-01-08 01:39:00,2024-01-08 01:53:00,37,147,2,21.12,439.66,68.57,508.23,Card,2,14.0,1,Monday,January,2024-01-08,False,20.82,15.6
3846,2024-01-09 12:11:00,2024-01-09 12:53:00,213,234,1,18.55,383.56,64.95,448.51,Card,1,42.0,12,Tuesday,January,2024-01-09,False,20.68,16.93
3847,2024-01-14 12:53:00,2024-01-14 13:44:00,133,17,1,16.94,346.15,57.12,403.27,Card,2,51.0,12,Sunday,January,2024-01-14,False,20.43,16.5
3848,2024-01-15 05:06:00,2024-01-15 06:07:00,115,197,1,4.14,129.39,10.46,139.85,Cash,1,61.0,5,Monday,January,2024-01-15,False,31.25,8.08
3849,2024-01-21 23:26:00,2024-01-22 00:20:00,211,189,1,16.36,334.86,41.84,376.7,Card,2,54.0,23,Sunday,January,2024-01-21,False,20.47,12.49
3850,2024-01-14 15:04:00,2024-01-14 16:19:00,132,132,2,19.53,420.06,81.52,501.58,Card,1,75.0,15,Sunday,January,2024-01-14,False,21.51,19.41
3851,2024-01-19 10:44:00,2024-01-19 11:03:00,154,248,1,21.65,453.6,46.05,499.65,Card,1,19.0,10,Friday,January,2024-01-19,False,20.95,10.15
3852,2024-01-16 13:32:00,2024-01-16 13:54:00,182,150,3,1.32,69.52,13.6,83.12,Card,2,22.0,13,Tuesday,January,2024-01-16,False,52.67,19.56
3853,2024-01-20 10:30:00,2024-01-20 11:56:00,147,202,4,17.43,362.37,49.82,412.19,Card,1,86.0,10,Saturday,January,2024-01-20,False,20.79,13.75
3854,2024-01-25 15:57:00,2024-01-25 16:03:00,222,213,3,1.46,95.77,11.42,107.19,Cash,1,6.0,15,Thursday,January,2024-01-25,False,65.6,11.92
3855,2024-01-10 03:16:00,2024-01-10 04:44:00,127,217,4,17.96,374.49,55.67,430.16,Card,2,88.0,3,Wednesday,January,2024-01-10,False,20.85,14.87
3856,2024-01-17 00:24:00,2024-01-17 01:11:00,203,6,1,16.25,356.01,61.37,417.38,Card,2,47.0,0,Wednesday,January,2024-01-17,False,21.91,17.24
3857,2024-01-18 20:31:00,2024-01-18 21:01:00,118,158,5,4.56,135.48,14.79,150.27,Card,1,30.0,20,Thursday,January,2024-01-18,False,29.71,10.92
3858,2024-01-21 21:46:00,2024-01-21 23:01:00,61,75,1,19.39,414.94,22.8,437.74,Card,2,75.0,21,Sunday,January,2024-01-21,False,21.4,5.49
3859,2024-01-12 12:29:00,2024-01-12 13:11:00,231,251,3,2.64,108.63,16.98,125.61,Cash,1,42.0,12,Friday,January,2024-01-12,False,41.15,15.63
3860,2024-01-17 11:36:00,2024-01-17 12:22:00,150,46,1,20.83,415.63,80.39,496.02,Cash,1,46.0,11,Wednesday,January,2024-01-17,False,19.95,19.34
3861,2024-01-15 13:35:00,2024-01-15 13:44:00,145,229,1,7.29,180.05,25.88,205.93,Card,2,9.0,13,Monday,January,2024-01-15,False,24.7,14.37
3862,2024-01-26 03:38:00,2024-01-26 03:53:00,111,182,1,17.53,372.28,29.14,401.42,Cash,2,15.0,3,Friday,January,2024-01-26,False,21.24,7.83
3863,2024-01-06 00:14:00,2024-01-06 01:23:00,167,83,1,23.17,484.85,42.3,527.15,Card,2,69.0,0,Saturday,January,2024-01-06,False,20.93,8.72
3864,2024-01-22 05:41:00,2024-01-22 06:19:00,189,145,4,9.16,207.94,38.77,246.71,Card,1,38.0,5,Monday,January,2024-01-22,False,22.7,18.64
3865,2024-01-15 00:35:00,2024-01-15 00:40:00,49,50,3,13.07,293.29,15.26,308.55,Cash,2,5.0,0,Monday,January,2024-01-15,False,22.44,5.2
3866,2024-01-19 20:07:00,2024-01-19 21:34:00,107,100,1,12.11,267.05,35.33,302.38,Card,1,87.0,20,Friday,January,2024-01-19,False,22.05,13.23
3867,2024-01-04 13:41:00,2024-01-04 13:47:00,93,220,1,4.78,152.72,11.27,163.99,Card,2,6.0,13,Thursday,January,2024-01-04,False,31.95,7.38
3868,2024-01-21 01:24:00,2024-01-21 02:53:00,124,139,2,15.17,336.02,31.05,367.07,Card,1,89.0,1,Sunday,January,2024-01-21,False,22.15,9.24
3869,2024-01-18 06:45:00,2024-01-18 07:09:00,140,14,1,18.83,390.03,37.46,427.49,Card,1,24.0,6,Thursday,January,2024-01-18,False,20.71,9.6
3870,2024-01-02 21:08:00,2024-01-02 22:13:00,11,13,2,23.0,459.01,38.05,497.06,Card,2,65.0,21,Tuesday,January,2024-01-02,False,19.96,8.29
3871,2024-01-13 18:15:00,2024-01-13 18:40:00,171,250,1,21.42,425.9,71.91,497.81,Cash,1,25.0,18,Saturday,January,2024-01-13,False,19.88,16.88
3872,2024-01-11 11:28:00,2024-01-11 12:40:00,36,172,2,13.24,296.95,29.64,326.59,Card,1,72.0,11,Thursday,January,2024-01-11,False,22.43,9.98
3873,2024-01-07 22:54:00,2024-01-07 23:10:00,130,106,5,18.26,380.86,38.78,419.64,Card,1,16.0,22,Sunday,January,2024-01-07,False,20.86,10.18
3874,2024-01-03 06:33:00,2024-01-03 06:59:00,61,189,1,20.22,413.4,48.76,462.16,Card,2,26.0,6,Wednesday,January,2024-01-03,False,20.45,11.79
3875,2024-01-26 21:46:00,2024-01-26 22:10:00,49,17,1,12.84,300.69,55.73,356.42,Card,1,24.0,21,Friday,January,2024-01-26,False,23.42,18.53
3876,2024-01-22 10:41:00,2024-01-22 12:07:00,186,50,4,3.77,121.84,18.67,140.51,Cash,2,86.0,10,Monday,January,2024-01-22,False,32.32,15.32
3877,2024-01-22 20:46:00,2024-01-22 20:51:00,221,249,4,11.51,269.68,15.98,285.66,Cash,1,5.0,20,Monday,January,2024-01-22,False,23.43,5.93
3878,2024-01-09 17:01:00,2024-01-09 17:35:00,6,227,6,21.22,427.28,23.88,451.16,Cash,1,34.0,17,Tuesday,January,2024-01-09,False,20.14,5.59
3879,2024-01-07 01:12:00,2024-01-07 01:40:00,175,79,2,15.32,316.16,42.67,358.83,Card,2,28.0,1,Sunday,January,2024-01-07,False,20.64,13.5
3880,2024-01-07 08:48:00,2024-01-07 09:06:00,204,213,1,18.39,383.55,70.21,453.76,Cash,1,18.0,8,Sunday,January,2024-01-07,False,20.86,18.31
3881,2024-01-03 11:11:00,2024-01-03 11:51:00,96,17,1,5.45,158.07,15.57,173.64,Card,1,40.0,11,Wednesday,January,2024-01-03,False,29.0,9.85
3882,2024-01-09 12:57:00,2024-01-09 14:10:00,135,251,1,24.14,489.72,42.69,532.41,Card,1,73.0,12,Tuesday,January,2024-01-09,False,20.29,8.72
3883,2024-01-19 20:08:00,2024-01-19 21:27:00,33,84,2,10.7,259.31,42.07,301.38,Cash,2,79.0,20,Friday,January,2024-01-19,False,24.23,16.22
3884,2024-01-02 23:12:00,2024-01-02 23:40:00,82,197,1,16.69,353.44,49.59,403.03,Card,2,28.0,23,Tuesday,January,2024-01-02,False,21.18,14.03
3885,2024-01-20 18:43:00,2024-01-20 19:47:00,148,18,2,1.45,75.43,10.16,85.59,Card,2,64.0,18,Saturday,January,2024-01-20,False,52.02,13.47
3886,2024-01-16 07:43:00,2024-01-16 08:42:00,95,221,4,4.06,140.56,10.18,150.74,Cash,1,59.0,7,Tuesday,January,2024-01-16,False,34.62,7.24
3887,2024-01-16 22:43:00,2024-01-17 00:04:00,170,235,5,19.77,408.06,31.17,439.23,Cash,2,81.0,22,Tuesday,January,2024-01-16,False,20.64,7.64
3888,2024-01-10 07:42:00,2024-01-10 09:06:00,211,176,1,24.23,484.23,44.68,528.91,Card,1,84.0,7,Wednesday,January,2024-01-10,False,19.98,9.23
3889,2024-01-23 20:40:00,2024-01-23 21:08:00,191,72,1,8.68,199.17,16.14,215.31,Cash,1,28.0,20,Tuesday,January,2024-01-23,False,22.95,8.1
3890,2024-01-08 17:56:00,2024-01-08 19:17:00,7,91,3,1.89,97.82,19.15,116.97,Cash,1,81.0,17,Monday,January,2024-01-08,False,51.76,19.58
3891,2024-01-08 17:08:00,2024-01-08 17:36:00,34,23,1,9.66,238.63,12.6,251.23,Cash,2,28.0,17,Monday,January,2024-01-08,False,24.7,5.28
3892,2024-01-23 02:45:00,2024-01-23 03:43:00,51,213,3,1.42,66.56,9.58,76.14,Card,2,58.0,2,Tuesday,January,2024-01-23,False,46.87,14.39
3893,2024-01-02 22:40:00,2024-01-02 23:10:00,120,128,3,5.62,151.92,19.39,171.31,Card,2,30.0,22,Tuesday,January,2024-01-02,False,27.03,12.76
3894,2024-01-27 10:38:00,2024-01-27 11:48:00,138,59,1,19.06,405.58,39.94,445.52,Cash,1,70.0,10,Saturday,January,2024-01-27,False,21.28,9.85
3895,2024-01-30 15:52:00,2024-01-30 17:16:00,106,85,1,23.49,491.21,89.96,581.17,Card,2,84.0,15,Tuesday,January,2024-01-30,False,20.91,18.31
3896,2024-01-02 19:30:00,2024-01-02 20:12:00,32,229,1,3.1,107.13,16.13,123.26,Card,2,42.0,19,Tuesday,January,2024-01-02,False,34.56,15.06
3897,2024-01-09 09:07:00,2024-01-09 10:16:00,124,112,2,14.39,325.18,64.96,390.14,Card,1,69.0,9,Tuesday,January,2024-01-09,False,22.6,19.98
3898,2024-01-24 12:32:00,2024-01-24 13:51:00,170,116,1,7.09,179.43,13.51,192.94,Card,2,79.0,12,Wednesday,January,2024-01-24,False,25.31,7.53
3899,2024-01-08 10:48:00,2024-01-08 11:43:00,12,238,2,4.34,123.5,7.8,131.3,Cash,2,55.0,10,Monday,January,2024-01-08,False,28.46,6.32
3900,2024-01-21 12:46:00,2024-01-21 13:25:00,168,52,4,6.26,152.78,10.83,163.61,Card,2,39.0,12,Sunday,January,2024-01-21,False,24.41,7.09
3901,2024-01-21 16:23:00,2024-01-21 17:10:00,78,84,1,14.87,317.57,28.71,346.28,Card,2,47.0,16,Sunday,January,2024-01-21,False,21.36,9.04
3902,2024-01-15 07:03:00,2024-01-15 07:36:00,34,111,5,2.56,97.43,10.96,108.39,Cash,2,33.0,7,Monday,January,2024-01-15,False,38.06,11.25
3903,2024-01-15 01:18:00,2024-01-15 01:59:00,209,200,2,11.42,273.91,49.14,323.05,Card,2,41.0,1,Monday,January,2024-01-15,False,23.99,17.94
3904,2024-01-06 01:03:00,2024-01-06 02:28:00,8,219,3,4.25,122.68,11.35,134.03,Card,1,85.0,1,Saturday,January,2024-01-06,False,28.87,9.25
3905,2024-01-02 07:54:00,2024-01-02 08:56:00,225,229,1,7.54,187.19,35.06,222.25,Card,1,62.0,7,Tuesday,January,2024-01-02,False,24.83,18.73
3906,2024-01-17 11:49:00,2024-01-17 12:47:00,227,21,1,5.58,141.19,16.86,158.05,Card,1,58.0,11,Wednesday,January,2024-01-17,False,25.3,11.94
3907,2024-01-14 12:16:00,2024-01-14 12:59:00,175,176,1,22.19,462.33,67.99,530.32,Cash,2,43.0,12,Sunday,January,2024-01-14,False,20.84,14.71
3908,2024-01-18 18:22:00,2024-01-18 19:08:00,81,56,1,17.99,391.27,35.08,426.35,Card,2,46.0,18,Thursday,January,2024-01-18,False,21.75,8.97
3909,2024-01-01 06:46:00,2024-01-01 07:18:00,57,143,1,21.84,440.25,32.32,472.57,Card,1,32.0,6,Monday,January,2024-01-01,False,20.16,7.34
3910,2024-01-10 12:09:00,2024-01-10 12:42:00,135,226,3,10.2,236.47,42.66,279.13,Cash,1,33.0,12,Wednesday,January,2024-01-10,False,23.18,18.04
3911,2024-01-23 20:54:00,2024-01-23 21:41:00,238,8,1,8.52,197.02,13.09,210.11,Card,2,47.0,20,Tuesday,January,2024-01-23,False,23.12,6.64
3912,2024-01-24 02:36:00,2024-01-24 02:43:00,217,124,5,10.13,236.05,39.21,275.26,Card,2,7.0,2,Wednesday,January,2024-01-24,False,23.3,16.61
3913,2024-01-26 07:12:00,2024-01-26 07:26:00,227,246,2,1.45,70.1,9.61,79.71,Card,2,14.0,7,Friday,January,2024-01-26,False,48.34,13.71
3914,2024-01-14 19:13:00,2024-01-14 20:16:00,26,101,1,18.39,386.72,69.29,456.01,Cash,2,63.0,19,Sunday,January,2024-01-14,False,21.03,17.92
3915,2024-01-10 01:30:00,2024-01-10 01:48:00,187,93,1,9.39,231.06,36.43,267.49,Card,2,18.0,1,Wednesday,January,2024-01-10,False,24.61,15.77
3916,2024-01-01 11:20:00,2024-01-01 12:40:00,118,254,6,8.52,209.96,19.37,229.33,Card,2,80.0,11,Monday,January,2024-01-01,False,24.64,9.23
3917,2024-01-14 03:08:00,2024-01-14 03:59:00,197,80,2,15.36,323.84,44.1,367.94,Card,1,51.0,3,Sunday,January,2024-01-14,False,21.08,13.62
3918,2024-01-13 20:24:00,2024-01-13 21:10:00,116,31,1,11.47,257.07,13.36,270.43,Card,1,46.0,20,Saturday,January,2024-01-13,False,22.41,5.2
3919,2024-01-16 00:44:00,2024-01-16 01:20:00,102,12,4,24.54,500.88,60.75,561.63,Cash,2,36.0,0,Tuesday,January,2024-01-16,False,20.41,12.13
3920,2024-01-26 18:45:00,2024-01-26 19:21:00,163,127,1,9.55,229.59,14.44,244.03,Card,1,36.0,18,Friday,January,2024-01-26,False,24.04,6.29
3921,2024-01-01 22:43:00,2024-01-01 23:29:00,178,187,2,15.73,327.24,37.42,364.66,Cash,1,46.0,22,Monday,January,2024-01-01,False,20.8,11.44
3922,2024-01-30 08:51:00,2024-01-30 09:27:00,212,69,1,8.48,217.99,14.48,232.47,Card,2,36.0,8,Tuesday,January,2024-01-30,False,25.71,6.64
3923,2024-01-25 08:20:00,2024-01-25 08:50:00,54,11,1,24.77,500.12,96.68,596.8,Cash,1,30.0,8,Thursday,January,2024-01-25,False,20.19,19.33
3924,2024-01-02 01:38:00,2024-01-02 01:43:00,67,23,1,11.68,255.11,32.77,287.88,Cash,2,5.0,1,Tuesday,January,2024-01-02,False,21.84,12.85
3925,2024-01-26 02:56:00,2024-01-26 03:56:00,32,209,4,16.22,335.64,62.76,398.4,Card,2,60.0,2,Friday,January,2024-01-26,False,20.69,18.7
3926,2024-01-29 20:00:00,2024-01-29 20:06:00,251,215,4,4.04,141.69,7.56,149.25,Card,1,6.0,20,Monday,January,2024-01-29,False,35.07,5.34
3927,2024-01-18 19:55:00,2024-01-18 21:20:00,8,123,1,18.59,383.07,55.79,438.86,Cash,1,85.0,19,Thursday,January,2024-01-18,False,20.61,14.56
3928,2024-01-13 16:47:00,2024-01-13 17:21:00,215,73,1,7.46,201.54,19.36,220.9,Cash,1,34.0,16,Saturday,January,2024-01-13,False,27.02,9.61
3929,2024-01-01 02:54:00,2024-01-01 04:09:00,46,210,1,11.77,264.18,30.32,294.5,Card,2,75.0,2,Monday,January,2024-01-01,False,22.45,11.48
3930,2024-01-19 13:32:00,2024-01-19 14:28:00,80,94,1,22.2,451.18,81.65,532.83,Card,2,56.0,13,Friday,January,2024-01-19,False,20.32,18.1
3931,2024-01-25 07:18:00,2024-01-25 07:31:00,35,236,1,24.29,498.25,98.16,596.41,Cash,2,13.0,7,Thursday,January,2024-01-25,False,20.51,19.7
3932,2024-01-26 17:35:00,2024-01-26 18:01:00,189,154,1,11.19,241.72,21.02,262.74,Card,2,26.0,17,Friday,January,2024-01-26,False,21.6,8.7
3933,2024-01-09 09:52:00,2024-01-09 10:30:00,89,213,1,21.04,428.86,82.44,511.3,Card,1,38.0,9,Tuesday,January,2024-01-09,False,20.38,19.22
3934,2024-01-28 16:34:00,2024-01-28 17:27:00,136,128,1,2.28,90.12,13.82,103.94,Cash,1,53.0,16,Sunday,January,2024-01-28,False,39.53,15.34
3935,2024-01-07 17:29:00,2024-01-07 17:34:00,34,233,2,21.34,450.16,86.75,536.91,Cash,1,5.0,17,Sunday,January,2024-01-07,False,21.09,19.27
3936,2024-01-14 13:55:00,2024-01-14 15:12:00,113,41,3,16.11,345.85,46.47,392.32,Cash,2,77.0,13,Sunday,January,2024-01-14,False,21.47,13.44
3937,2024-01-24 13:19:00,2024-01-24 14:47:00,172,43,2,12.73,280.08,54.37,334.45,Card,2,88.0,13,Wednesday,January,2024-01-24,False,22.0,19.41
3938,2024-01-06 06:59:00,2024-01-06 07:56:00,43,28,2,22.36,450.46,82.83,533.29,Cash,1,57.0,6,Saturday,January,2024-01-06,False,20.15,18.39
3939,2024-01-05 04:33:00,2024-01-05 06:00:00,13,74,1,21.29,440.94,30.55,471.49,Card,2,87.0,4,Friday,January,2024-01-05,False,20.71,6.93
3940,2024-01-29 16:48:00,2024-01-29 17:32:00,174,145,1,8.13,190.89,18.44,209.33,Card,2,44.0,16,Monday,January,2024-01-29,False,23.48,9.66
3941,2024-01-04 10:26:00,2024-01-04 11:15:00,125,162,2,20.0,407.39,35.22,442.61,Card,1,49.0,10,Thursday,January,2024-01-04,False,20.37,8.65
3942,2024-01-18 02:18:00,2024-01-18 03:30:00,207,246,2,3.39,109.83,14.92,124.75,Cash,1,72.0,2,Thursday,January,2024-01-18,False,32.4,13.58
3943,2024-01-25 01:55:00,2024-01-25 02:08:00,104,211,1,20.75,431.74,73.58,505.32,Card,2,13.0,1,Thursday,January,2024-01-25,False,20.81,17.04
3944,2024-01-26 04:18:00,2024-01-26 04:44:00,130,223,1,17.21,360.98,59.17,420.15,Cash,2,26.0,4,Friday,January,2024-01-26,False,20.98,16.39
3945,2024-01-14 03:19:00,2024-01-14 03:41:00,40,70,4,3.11,111.15,17.67,128.82,Cash,1,22.0,3,Sunday,January,2024-01-14,False,35.74,15.9
3946,2024-01-03 21:33:00,2024-01-03 22:53:00,23,20,2,17.39,372.53,39.6,412.13,Card,2,80.0,21,Wednesday,January,2024-01-03,False,21.42,10.63
3947,2024-01-19 08:00:00,2024-01-19 08:47:00,252,121,2,14.93,337.43,23.94,361.37,Cash,1,47.0,8,Friday,January,2024-01-19,False,22.6,7.09
3948,2024-01-04 07:29:00,2024-01-04 08:12:00,202,173,2,15.27,337.81,27.56,365.37,Cash,1,43.0,7,Thursday,January,2024-01-04,False,22.12,8.16
3949,2024-01-27 02:04:00,2024-01-27 03:21:00,155,34,1,7.98,195.8,31.57,227.37,Card,1,77.0,2,Saturday,January,2024-01-27,False,24.54,16.12
3950,2024-01-10 20:51:00,2024-01-10 21:01:00,55,71,1,7.4,195.65,14.11,209.76,Card,2,10.0,20,Wednesday,January,2024-01-10,False,26.44,7.21
3951,2024-01-17 03:35:00,2024-01-17 05:02:00,106,33,5,19.3,415.89,34.7,450.59,Card,1,87.0,3,Wednesday,January,2024-01-17,False,21.55,8.34
3952,2024-01-20 10:02:00,2024-01-20 10:54:00,260,262,1,7.16,183.86,20.9,204.76,Card,1,52.0,10,Saturday,January,2024-01-20,False,25.68,11.37
3953,2024-01-14 10:36:00,2024-01-14 10:47:00,200,109,1,11.71,263.09,16.0,279.09,Cash,1,11.0,10,Sunday,January,2024-01-14,False,22.47,6.08
3954,2024-01-15 02:26:00,2024-01-15 03:50:00,217,23,2,17.67,360.4,29.52,389.92,Card,1,84.0,2,Monday,January,2024-01-15,False,20.4,8.19
3955,2024-01-04 11:17:00,2024-01-04 12:30:00,47,146,1,2.91,119.15,8.63,127.78,Cash,2,73.0,11,Thursday,January,2024-01-04,False,40.95,7.24
3956,2024-01-13 01:36:00,2024-01-13 01:56:00,117,14,2,15.27,322.25,62.1,384.35,Cash,1,20.0,1,Saturday,January,2024-01-13,False,21.1,19.27
3957,2024-01-29 09:20:00,2024-01-29 09:25:00,212,36,1,15.15,314.62,24.77,339.39,Card,1,5.0,9,Monday,January,2024-01-29,False,20.77,7.87
3958,2024-01-27 10:15:00,2024-01-27 10:56:00,155,261,2,17.42,369.68,66.27,435.95,Card,1,41.0,10,Saturday,January,2024-01-27,False,21.22,17.93
3959,2024-01-08 08:18:00,2024-01-08 09:45:00,263,53,2,9.88,243.22,16.35,259.57,Card,2,87.0,8,Monday,January,2024-01-08,False,24.62,6.72
3960,2024-01-13 22:24:00,2024-01-13 23:05:00,151,48,1,11.78,264.24,47.68,311.92,Card,2,41.0,22,Saturday,January,2024-01-13,False,22.43,18.04
3961,2024-01-28 05:14:00,2024-01-28 06:39:00,212,11,1,8.92,224.05,31.35,255.4,Card,1,85.0,5,Sunday,January,2024-01-28,False,25.12,13.99
3962,2024-01-01 06:29:00,2024-01-01 07:37:00,192,258,1,20.4,432.29,76.71,509.0,Card,1,68.0,6,Monday,January,2024-01-01,False,21.19,17.75
3963,2024-01-24 10:47:00,2024-01-24 12:17:00,243,210,1,4.13,127.97,23.05,151.02,Card,1,90.0,10,Wednesday,January,2024-01-24,False,30.99,18.01
3964,2024-01-02 06:55:00,2024-01-02 08:01:00,98,12,1,24.11,491.71,68.57,560.28,Card,1,66.0,6,Tuesday,January,2024-01-02,False,20.39,13.95
3965,2024-01-29 09:33:00,2024-01-29 10:49:00,29,251,1,16.24,348.34,65.37,413.71,Cash,2,76.0,9,Monday,January,2024-01-29,False,21.45,18.77
3966,2024-01-10 13:54:00,2024-01-10 14:59:00,189,160,2,22.29,469.4,64.69,534.09,Card,1,65.0,13,Wednesday,January,2024-01-10,False,21.06,13.78
3967,2024-01-25 16:11:00,2024-01-25 16:48:00,172,36,2,11.23,263.91,41.4,305.31,Card,2,37.0,16,Thursday,January,2024-01-25,False,23.5,15.69
3968,2024-01-04 11:06:00,2024-01-04 12:16:00,197,149,1,8.97,229.22,25.77,254.99,Card,1,70.0,11,Thursday,January,2024-01-04,False,25.55,11.24
3969,2024-01-23 10:18:00,2024-01-23 10:52:00,155,198,1,22.62,453.76,84.9,538.66,Card,2,34.0,10,Tuesday,January,2024-01-23,False,20.06,18.71
3970,2024-01-02 00:41:00,2024-01-02 01:05:00,140,246,1,3.37,109.97,19.09,129.06,Card,2,24.0,0,Tuesday,January,2024-01-02,False,32.63,17.36
3971,2024-01-03 14:11:00,2024-01-03 15:15:00,256,204,2,3.81,110.71,8.3,119.01,Card,2,64.0,14,Wednesday,January,2024-01-03,False,29.06,7.5
3972,2024-01-12 16:35:00,2024-01-12 18:01:00,164,44,1,8.18,202.24,27.6,229.84,Card,2,86.0,16,Friday,January,2024-01-12,False,24.72,13.65
3973,2024-01-20 07:18:00,2024-01-20 08:36:00,134,206,1,24.03,498.76,92.03,590.79,Card,2,78.0,7,Saturday,January,2024-01-20,False,20.76,18.45
3974,2024-01-19 03:13:00,2024-01-19 03:41:00,29,241,1,16.19,341.23,57.65,398.88,Card,2,28.0,3,Friday,January,2024-01-19,False,21.08,16.89
3975,2024-01-14 12:37:00,2024-01-14 12:45:00,139,41,5,14.3,301.25,58.56,359.81,Card,1,8.0,12,Sunday,January,2024-01-14,False,21.07,19.44
3976,2024-01-12 23:46:00,2024-01-13 00:27:00,85,76,2,17.93,364.79,30.9,395.69,Card,2,41.0,23,Friday,January,2024-01-12,False,20.35,8.47
3977,2024-01-15 10:32:00,2024-01-15 10:40:00,249,202,3,11.02,251.79,26.47,278.26,Card,2,8.0,10,Monday,January,2024-01-15,False,22.85,10.51
3978,2024-01-15 04:52:00,2024-01-15 06:13:00,233,95,1,19.19,390.34,49.21,439.55,Card,1,81.0,4,Monday,January,2024-01-15,False,20.34,12.61
3979,2024-01-29 16:54:00,2024-01-29 18:15:00,61,28,1,10.44,238.3,20.23,258.53,Card,2,81.0,16,Monday,January,2024-01-29,False,22.83,8.49
3980,2024-01-09 06:09:00,2024-01-09 06:31:00,219,144,1,20.83,439.54,47.96,487.5,Cash,1,22.0,6,Tuesday,January,2024-01-09,False,21.1,10.91
3981,2024-01-17 21:35:00,2024-01-17 22:45:00,249,59,5,7.42,185.08,24.18,209.26,Cash,2,70.0,21,Wednesday,January,2024-01-17,False,24.94,13.06
3982,2024-01-08 19:34:00,2024-01-08 20:26:00,72,129,1,7.66,196.18,15.44,211.62,Cash,2,52.0,19,Monday,January,2024-01-08,False,25.61,7.87
3983,2024-01-15 15:14:00,2024-01-15 15:51:00,198,1,1,13.54,298.78,26.44,325.22,Card,2,37.0,15,Monday,January,2024-01-15,False,22.07,8.85
3984,2024-01-08 22:42:00,2024-01-08 23:44:00,80,22,1,11.34,265.68,18.26,283.94,Card,1,62.0,22,Monday,January,2024-01-08,False,23.43,6.87
3985,2024-01-26 22:07:00,2024-01-26 23:34:00,137,226,2,16.55,342.58,53.79,396.37,Card,2,87.0,22,Friday,January,2024-01-26,False,20.7,15.7
3986,2024-01-12 05:59:00,2024-01-12 07:16:00,213,204,1,9.74,242.93,25.32,268.25,Cash,2,77.0,5,Friday,January,2024-01-12,False,24.94,10.42
3987,2024-01-06 01:31:00,2024-01-06 02:03:00,107,187,1,6.53,176.85,14.69,191.54,Cash,1,32.0,1,Saturday,January,2024-01-06,False,27.08,8.31
3988,2024-01-29 10:08:00,2024-01-29 10:47:00,207,27,6,12.28,269.17,33.94,303.11,Card,2,39.0,10,Monday,January,2024-01-29,False,21.92,12.61
3989,2024-01-01 01:52:00,2024-01-01 02:06:00,152,129,1,14.46,303.98,18.31,322.29,Card,2,14.0,1,Monday,January,2024-01-01,False,21.02,6.02
3990,2024-01-15 22:35:00,2024-01-15 23:44:00,133,95,2,4.42,124.05,23.38,147.43,Card,2,69.0,22,Monday,January,2024-01-15,False,28.07,18.85
3991,2024-01-14 14:21:00,2024-01-14 15:07:00,166,66,1,14.36,321.96,30.32,352.28,Card,1,46.0,14,Sunday,January,2024-01-14,False,22.42,9.42
3992,2024-01-19 09:40:00,2024-01-19 11:09:00,180,177,3,8.66,213.52,39.07,252.59,Cash,2,89.0,9,Friday,January,2024-01-19,False,24.66,18.3
3993,2024-01-23 05:46:00,2024-01-23 05:59:00,121,156,1,10.42,238.98,29.79,268.77,Card,2,13.0,5,Tuesday,January,2024-01-23,False,22.93,12.47
3994,2024-01-12 11:23:00,2024-01-12 12:27:00,174,19,1,7.7,188.59,33.48,222.07,Card,2,64.0,11,Friday,January,2024-01-12,False,24.49,17.75
3995,2024-01-01 23:44:00,2024-01-02 00:03:00,68,58,2,23.35,485.97,42.31,528.28,Cash,2,19.0,23,Monday,January,2024-01-01,False,20.81,8.71
3996,2024-01-14 13:52:00,2024-01-14 14:53:00,187,198,1,17.4,379.44,28.95,408.39,Card,1,61.0,13,Sunday,January,2024-01-14,False,21.81,7.63
3997,2024-01-08 12:08:00,2024-01-08 13:21:00,138,79,4,7.3,188.84,33.5,222.34,Card,2,73.0,12,Monday,January,2024-01-08,False,25.87,17.74
3998,2024-01-27 22:51:00,2024-01-27 23:17:00,238,41,2,16.48,352.38,28.87,381.25,Card,2,26.0,22,Saturday,January,2024-01-27,False,21.38,8.19
3999,2024-01-05 20:29:00,2024-01-05 21:37:00,18,226,2,21.37,449.15,72.73,521.88,Card,1,68.0,20,Friday,January,2024-01-05,False,21.02,16.19
4000,2024-01-17 09:40:00,2024-01-17 10:25:00,76,261,1,10.64,254.0,25.83,279.83,Card,2,45.0,9,Wednesday,January,2024-01-17,False,23.87,10.17
4001,2024-01-28 02:29:00,2024-01-28 03:44:00,151,245,2,20.92,428.57,69.53,498.1,Card,1,75.0,2,Sunday,January,2024-01-28,False,20.49,16.22
4002,2024-01-01 14:47:00,2024-01-01 15:47:00,108,23,2,4.71,127.26,23.69,150.95,Card,1,60.0,14,Monday,January,2024-01-01,False,27.02,18.62
4003,2024-01-23 02:02:00,2024-01-23 02:29:00,153,197,2,20.75,436.56,86.11,522.67,Card,1,27.0,2,Tuesday,January,2024-01-23,False,21.04,19.72
4004,2024-01-14 12:48:00,2024-01-14 13:17:00,37,236,1,13.97,296.52,30.83,327.35,Card,1,29.0,12,Sunday,January,2024-01-14,False,21.23,10.4
4005,2024-01-21 20:13:00,2024-01-21 20:23:00,146,126,4,6.35,154.79,16.27,171.06,Cash,2,10.0,20,Sunday,January,2024-01-21,False,24.38,10.51
4006,2024-01-12 09:22:00,2024-01-12 10:00:00,126,140,1,10.77,259.16,51.11,310.27,Card,2,38.0,9,Friday,January,2024-01-12,False,24.06,19.72
4007,2024-01-15 17:25:00,2024-01-15 18:32:00,108,127,1,24.71,502.13,90.0,592.13,Card,2,67.0,17,Monday,January,2024-01-15,False,20.32,17.92
4008,2024-01-19 02:09:00,2024-01-19 02:22:00,240,114,6,19.81,423.33,24.03,447.36,Card,2,13.0,2,Friday,January,2024-01-19,False,21.37,5.68
4009,2024-01-09 12:13:00,2024-01-09 13:17:00,102,13,2,14.8,320.94,43.65,364.59,Card,1,64.0,12,Tuesday,January,2024-01-09,False,21.69,13.6
4010,2024-01-14 04:30:00,2024-01-14 05:23:00,220,228,1,3.76,135.47,10.46,145.93,Card,2,53.0,4,Sunday,January,2024-01-14,False,36.03,7.72
4011,2024-01-06 10:46:00,2024-01-06 11:41:00,7,9,4,11.03,249.16,49.61,298.77,Cash,1,55.0,10,Saturday,January,2024-01-06,False,22.59,19.91
4012,2024-01-18 09:07:00,2024-01-18 10:11:00,216,146,1,7.31,193.32,13.69,207.01,Card,2,64.0,9,Thursday,January,2024-01-18,False,26.45,7.08
4013,2024-01-28 05:20:00,2024-01-28 06:34:00,169,163,1,2.7,97.63,13.07,110.7,Card,2,74.0,5,Sunday,January,2024-01-28,False,36.16,13.39
4014,2024-01-03 14:45:00,2024-01-03 15:26:00,74,223,2,14.01,292.21,43.77,335.98,Card,1,41.0,14,Wednesday,January,2024-01-03,False,20.86,14.98
4015,2024-01-12 01:50:00,2024-01-12 02:25:00,27,216,1,22.34,453.51,86.42,539.93,Cash,2,35.0,1,Friday,January,2024-01-12,False,20.3,19.06
4016,2024-01-07 18:21:00,2024-01-07 19:06:00,43,169,4,17.21,371.91,65.86,437.77,Cash,2,45.0,18,Sunday,January,2024-01-07,False,21.61,17.71
4017,2024-01-16 19:02:00,2024-01-16 20:08:00,93,26,3,6.99,170.32,14.79,185.11,Card,1,66.0,19,Tuesday,January,2024-01-16,False,24.37,8.68
4018,2024-01-18 03:43:00,2024-01-18 04:45:00,71,125,1,14.77,321.0,43.62,364.62,Card,2,62.0,3,Thursday,January,2024-01-18,False,21.73,13.59
4019,2024-01-27 21:09:00,2024-01-27 21:27:00,109,250,3,23.64,471.89,91.09,562.98,Card,2,18.0,21,Saturday,January,2024-01-27,False,19.96,19.3
4020,2024-01-27 03:03:00,2024-01-27 03:43:00,181,10,1,18.35,372.54,59.74,432.28,Cash,2,40.0,3,Saturday,January,2024-01-27,False,20.3,16.04
4021,2024-01-16 22:11:00,2024-01-16 22:51:00,215,105,1,17.55,374.42,57.38,431.8,Card,1,40.0,22,Tuesday,January,2024-01-16,False,21.33,15.33
4022,2024-01-17 09:00:00,2024-01-17 10:23:00,114,106,4,24.24,504.88,82.41,587.29,Card,2,83.0,9,Wednesday,January,2024-01-17,False,20.83,16.32
4023,2024-01-11 12:46:00,2024-01-11 12:58:00,185,1,3,20.17,412.38,40.57,452.95,Card,1,12.0,12,Thursday,January,2024-01-11,False,20.45,9.84
4024,2024-01-21 07:20:00,2024-01-21 07:50:00,125,182,1,4.28,134.46,21.43,155.89,Card,1,30.0,7,Sunday,January,2024-01-21,False,31.42,15.94
4025,2024-01-19 01:11:00,2024-01-19 01:51:00,105,141,1,9.34,236.73,20.11,256.84,Card,2,40.0,1,Friday,January,2024-01-19,False,25.35,8.49
4026,2024-01-27 18:36:00,2024-01-27 19:28:00,237,230,1,24.16,494.39,56.47,550.86,Card,2,52.0,18,Saturday,January,2024-01-27,False,20.46,11.42
4027,2024-01-23 21:29:00,2024-01-23 22:58:00,141,64,1,12.75,289.69,53.16,342.85,Cash,1,89.0,21,Tuesday,January,2024-01-23,False,22.72,18.35
4028,2024-01-08 08:01:00,2024-01-08 08:33:00,158,78,2,3.68,111.61,5.9,117.51,Card,2,32.0,8,Monday,January,2024-01-08,False,30.33,5.29
4029,2024-01-12 17:41:00,2024-01-12 18:53:00,117,232,1,12.01,270.96,30.39,301.35,Card,2,72.0,17,Friday,January,2024-01-12,False,22.56,11.22
4030,2024-01-29 03:05:00,2024-01-29 04:11:00,62,87,1,17.73,370.15,33.32,403.47,Card,1,66.0,3,Monday,January,2024-01-29,False,20.88,9.0
4031,2024-01-21 20:20:00,2024-01-21 21:44:00,24,183,3,24.94,503.05,40.14,543.19,Card,2,84.0,20,Sunday,January,2024-01-21,False,20.17,7.98
4032,2024-01-18 23:57:00,2024-01-19 01:27:00,60,146,1,8.77,221.88,39.0,260.88,Card,2,90.0,23,Thursday,January,2024-01-18,False,25.3,17.58
4033,2024-01-02 09:08:00,2024-01-02 10:28:00,180,92,1,13.34,293.94,45.41,339.35,Cash,1,80.0,9,Tuesday,January,2024-01-02,False,22.03,15.45
4034,2024-01-10 21:36:00,2024-01-10 23:00:00,232,123,5,22.11,439.87,29.43,469.3,Card,1,84.0,21,Wednesday,January,2024-01-10,False,19.89,6.69
4035,2024-01-16 09:52:00,2024-01-16 10:47:00,143,64,1,9.53,238.71,29.64,268.35,Cash,2,55.0,9,Tuesday,January,2024-01-16,False,25.05,12.42
4036,2024-01-20 14:30:00,2024-01-20 15:16:00,245,219,2,3.62,121.5,14.58,136.08,Card,2,46.0,14,Saturday,January,2024-01-20,False,33.56,12.0
4037,2024-01-28 17:30:00,2024-01-28 18:03:00,81,192,1,23.77,495.59,35.37,530.96,Card,1,33.0,17,Sunday,January,2024-01-28,False,20.85,7.14
4038,2024-01-16 17:05:00,2024-01-16 18:31:00,126,107,1,12.72,286.13,48.63,334.76,Card,2,86.0,17,Tuesday,January,2024-01-16,False,22.49,17.0
4039,2024-01-23 06:48:00,2024-01-23 07:02:00,137,247,1,13.07,277.35,29.12,306.47,Cash,1,14.0,6,Tuesday,January,2024-01-23,False,21.22,10.5
4040,2024-01-10 19:14:00,2024-01-10 19:57:00,56,57,1,15.91,342.97,56.35,399.32,Card,2,43.0,19,Wednesday,January,2024-01-10,False,21.56,16.43
4041,2024-01-29 14:07:00,2024-01-29 15:33:00,213,45,1,1.08,76.71,6.05,82.76,Card,2,86.0,14,Monday,January,2024-01-29,False,71.03,7.89
4042,2024-01-27 16:01:00,2024-01-27 16:06:00,94,86,1,23.35,466.73,45.39,512.12,Card,1,5.0,16,Saturday,January,2024-01-27,False,19.99,9.73
4043,2024-01-04 23:55:00,2024-01-05 00:38:00,128,38,1,9.67,228.19,14.67,242.86,Card,2,43.0,23,Thursday,January,2024-01-04,False,23.6,6.43
4044,2024-01-08 12:25:00,2024-01-08 12:50:00,217,182,1,10.53,243.32,17.4,260.72,Card,1,25.0,12,Monday,January,2024-01-08,False,23.11,7.15
4045,2024-01-16 18:13:00,2024-01-16 19:22:00,199,164,1,5.18,151.93,27.72,179.65,Card,2,69.0,18,Tuesday,January,2024-01-16,False,29.33,18.25
4046,2024-01-03 20:37:00,2024-01-03 20:56:00,20,245,6,10.08,229.23,15.21,244.44,Card,2,19.0,20,Wednesday,January,2024-01-03,False,22.74,6.64
4047,2024-01-18 04:09:00,2024-01-18 04:17:00,55,126,3,20.29,422.67,27.2,449.87,Card,1,8.0,4,Thursday,January,2024-01-18,False,20.83,6.44
4048,2024-01-23 08:22:00,2024-01-23 09:26:00,246,207,3,20.2,410.83,78.49,489.32,Card,1,64.0,8,Tuesday,January,2024-01-23,False,20.34,19.11
4049,2024-01-21 01:30:00,2024-01-21 02:35:00,251,87,2,23.46,475.67,69.87,545.54,Cash,1,65.0,1,Sunday,January,2024-01-21,False,20.28,14.69
4050,2024-01-21 09:00:00,2024-01-21 09:24:00,60,145,1,10.68,235.92,15.37,251.29,Card,1,24.0,9,Sunday,January,2024-01-21,False,22.09,6.51
4051,2024-01-02 01:18:00,2024-01-02 01:32:00,163,122,2,18.01,365.3,71.51,436.81,Card,2,14.0,1,Tuesday,January,2024-01-02,False,20.28,19.58
4052,2024-01-22 11:49:00,2024-01-22 12:27:00,202,98,3,13.17,286.68,20.66,307.34,Cash,1,38.0,11,Monday,January,2024-01-22,False,21.77,7.21
4053,2024-01-16 15:47:00,2024-01-16 16:39:00,227,133,1,20.3,413.64,68.23,481.87,Card,1,52.0,15,Tuesday,January,2024-01-16,False,20.38,16.5
4054,2024-01-12 08:26:00,2024-01-12 09:03:00,129,65,1,18.1,378.01,20.88,398.89,Card,1,37.0,8,Friday,January,2024-01-12,False,20.88,5.52
4055,2024-01-02 19:20:00,2024-01-02 20:25:00,45,199,1,9.83,245.8,35.32,281.12,Card,1,65.0,19,Tuesday,January,2024-01-02,False,25.01,14.37
4056,2024-01-21 07:47:00,2024-01-21 08:01:00,197,125,1,9.08,219.11,28.92,248.03,Card,2,14.0,7,Sunday,January,2024-01-21,False,24.13,13.2
4057,2024-01-26 05:22:00,2024-01-26 06:20:00,166,208,1,7.06,183.68,14.91,198.59,Card,1,58.0,5,Friday,January,2024-01-26,False,26.02,8.12
4058,2024-01-19 17:50:00,2024-01-19 19:18:00,247,208,6,14.84,335.37,49.12,384.49,Card,1,88.0,17,Friday,January,2024-01-19,False,22.6,14.65
4059,2024-01-12 05:53:00,2024-01-12 07:02:00,226,121,2,24.13,501.97,71.56,573.53,Card,2,69.0,5,Friday,January,2024-01-12,False,20.8,14.26
4060,2024-01-21 21:49:00,2024-01-21 23:10:00,260,142,1,5.8,170.92,29.01,199.93,Card,2,81.0,21,Sunday,January,2024-01-21,False,29.47,16.97
4061,2024-01-14 08:33:00,2024-01-14 08:38:00,197,57,2,3.29,102.16,18.53,120.69,Cash,1,5.0,8,Sunday,January,2024-01-14,False,31.05,18.14
4062,2024-01-12 05:54:00,2024-01-12 06:03:00,107,145,1,3.87,128.69,16.28,144.97,Card,2,9.0,5,Friday,January,2024-01-12,False,33.25,12.65
4063,2024-01-24 23:10:00,2024-01-25 00:34:00,232,44,2,19.79,420.46,51.95,472.41,Cash,2,84.0,23,Wednesday,January,2024-01-24,False,21.25,12.36
4064,2024-01-01 21:46:00,2024-01-01 22:05:00,101,132,3,9.4,234.27,33.56,267.83,Card,1,19.0,21,Monday,January,2024-01-01,False,24.92,14.33
4065,2024-01-03 16:09:00,2024-01-03 16:41:00,160,81,2,6.38,172.18,27.44,199.62,Card,1,32.0,16,Wednesday,January,2024-01-03,False,26.99,15.94
4066,2024-01-09 14:00:00,2024-01-09 14:27:00,95,30,2,9.47,210.98,21.82,232.8,Card,1,27.0,14,Tuesday,January,2024-01-09,False,22.28,10.34
4067,2024-01-21 07:11:00,2024-01-21 07:32:00,207,209,1,16.49,366.03,46.01,412.04,Card,1,21.0,7,Sunday,January,2024-01-21,False,22.2,12.57
4068,2024-01-26 16:03:00,2024-01-26 16:20:00,235,243,1,14.12,308.33,42.48,350.81,Card,1,17.0,16,Friday,January,2024-01-26,False,21.84,13.78
4069,2024-01-13 23:29:00,2024-01-13 23:47:00,154,183,2,18.85,391.11,77.54,468.65,Cash,2,18.0,23,Saturday,January,2024-01-13,False,20.75,19.83
4070,2024-01-21 04:44:00,2024-01-21 04:59:00,100,158,3,9.14,216.37,29.89,246.26,Card,1,15.0,4,Sunday,January,2024-01-21,False,23.67,13.81
4071,2024-01-29 01:07:00,2024-01-29 01:39:00,238,146,2,11.85,266.02,22.25,288.27,Card,2,32.0,1,Monday,January,2024-01-29,False,22.45,8.36
4072,2024-01-07 10:40:00,2024-01-07 11:26:00,107,233,5,3.45,109.37,15.11,124.48,Card,2,46.0,10,Sunday,January,2024-01-07,False,31.7,13.82
4073,2024-01-02 20:02:00,2024-01-02 21:07:00,130,92,3,2.75,99.32,17.17,116.49,Card,2,65.0,20,Tuesday,January,2024-01-02,False,36.12,17.29
4074,2024-01-30 06:17:00,2024-01-30 07:25:00,43,172,2,12.09,287.18,51.29,338.47,Card,1,68.0,6,Tuesday,January,2024-01-30,False,23.75,17.86
4075,2024-01-10 22:16:00,2024-01-10 22:51:00,63,190,3,8.24,199.37,33.9,233.27,Card,2,35.0,22,Wednesday,January,2024-01-10,False,24.2,17.0
4076,2024-01-11 17:18:00,2024-01-11 18:43:00,73,31,1,15.71,338.58,62.04,400.62,Card,1,85.0,17,Thursday,January,2024-01-11,False,21.55,18.32
4077,2024-01-27 01:25:00,2024-01-27 02:42:00,186,109,1,2.03,101.99,10.22,112.21,Card,1,77.0,1,Saturday,January,2024-01-27,False,50.24,10.02
4078,2024-01-03 01:54:00,2024-01-03 02:08:00,117,95,2,3.92,126.38,15.94,142.32,Card,1,14.0,1,Wednesday,January,2024-01-03,False,32.24,12.61
4079,2024-01-24 15:19:00,2024-01-24 15:31:00,5,77,1,21.76,441.41,73.69,515.1,Cash,2,12.0,15,Wednesday,January,2024-01-24,False,20.29,16.69
4080,2024-01-02 06:13:00,2024-01-02 06:38:00,76,151,3,14.59,318.33,28.54,346.87,Card,2,25.0,6,Tuesday,January,2024-01-02,False,21.82,8.97
4081,2024-01-20 02:11:00,2024-01-20 03:32:00,83,142,1,18.09,369.04,39.02,408.06,Card,2,81.0,2,Saturday,January,2024-01-20,False,20.4,10.57
4082,2024-01-14 02:05:00,2024-01-14 03:08:00,60,231,1,21.21,425.68,74.35,500.03,Card,1,63.0,2,Sunday,January,2024-01-14,False,20.07,17.47
4083,2024-01-29 15:23:00,2024-01-29 16:17:00,107,258,3,12.13,279.16,46.2,325.36,Card,2,54.0,15,Monday,January,2024-01-29,False,23.01,16.55
4084,2024-01-26 19:24:00,2024-01-26 20:37:00,117,128,1,19.27,414.38,81.09,495.47,Cash,2,73.0,19,Friday,January,2024-01-26,False,21.5,19.57
4085,2024-01-30 04:51:00,2024-01-30 06:05:00,82,224,1,13.59,306.39,61.09,367.48,Card,1,74.0,4,Tuesday,January,2024-01-30,False,22.55,19.94
4086,2024-01-10 05:58:00,2024-01-10 06:32:00,141,184,1,6.35,156.54,13.48,170.02,Card,1,34.0,5,Wednesday,January,2024-01-10,False,24.65,8.61
4087,2024-01-12 22:40:00,2024-01-12 23:01:00,222,29,2,9.1,215.89,39.95,255.84,Card,1,21.0,22,Friday,January,2024-01-12,False,23.72,18.5
4088,2024-01-01 01:22:00,2024-01-01 02:41:00,70,18,2,12.77,269.94,17.32,287.26,Card,2,79.0,1,Monday,January,2024-01-01,False,21.14,6.42
4089,2024-01-02 08:00:00,2024-01-02 08:24:00,12,131,5,8.61,210.32,32.91,243.23,Card,1,24.0,8,Tuesday,January,2024-01-02,False,24.43,15.65
4090,2024-01-29 04:25:00,2024-01-29 05:17:00,105,106,1,9.05,208.7,17.33,226.03,Cash,2,52.0,4,Monday,January,2024-01-29,False,23.06,8.3
4091,2024-01-09 02:43:00,2024-01-09 04:00:00,207,157,3,9.1,229.84,21.85,251.69,Card,1,77.0,2,Tuesday,January,2024-01-09,False,25.26,9.51
4092,2024-01-08 20:56:00,2024-01-08 21:02:00,65,59,1,3.95,114.23,21.93,136.16,Card,2,6.0,20,Monday,January,2024-01-08,False,28.92,19.2
4093,2024-01-11 19:56:00,2024-01-11 20:37:00,63,92,1,3.03,94.58,8.46,103.04,Cash,2,41.0,19,Thursday,January,2024-01-11,False,31.21,8.94
4094,2024-01-02 10:53:00,2024-01-02 10:58:00,178,260,1,2.12,91.69,13.84,105.53,Card,2,5.0,10,Tuesday,January,2024-01-02,False,43.25,15.09
4095,2024-01-09 23:05:00,2024-01-09 23:13:00,8,51,1,3.66,110.54,8.48,119.02,Card,2,8.0,23,Tuesday,January,2024-01-09,False,30.2,7.67
4096,2024-01-17 21:51:00,2024-01-17 22:49:00,159,133,1,9.25,228.64,14.63,243.27,Cash,1,58.0,21,Wednesday,January,2024-01-17,False,24.72,6.4
4097,2024-01-22 12:21:00,2024-01-22 12:50:00,11,167,1,15.25,342.1,34.52,376.62,Card,2,29.0,12,Monday,January,2024-01-22,False,22.43,10.09
4098,2024-01-06 19:27:00,2024-01-06 19:34:00,95,5,1,5.52,140.62,20.2,160.82,Cash,2,7.0,19,Saturday,January,2024-01-06,False,25.47,14.36
4099,2024-01-04 16:05:00,2024-01-04 16:18:00,155,136,3,22.31,453.45,39.54,492.99,Card,1,13.0,16,Thursday,January,2024-01-04,False,20.32,8.72
4100,2024-01-27 04:25:00,2024-01-27 05:55:00,206,226,1,20.4,437.1,41.54,478.64,Card,1,90.0,4,Saturday,January,2024-01-27,False,21.43,9.5
4101,2024-01-12 15:13:00,2024-01-12 16:33:00,115,184,6,13.49,304.8,47.64,352.44,Card,1,80.0,15,Friday,January,2024-01-12,False,22.59,15.63
4102,2024-01-13 20:05:00,2024-01-13 21:23:00,87,91,3,18.38,399.44,26.13,425.57,Card,2,78.0,20,Saturday,January,2024-01-13,False,21.73,6.54
4103,2024-01-10 00:17:00,2024-01-10 00:55:00,197,189,1,9.79,221.14,25.88,247.02,Card,2,38.0,0,Wednesday,January,2024-01-10,False,22.59,11.7
4104,2024-01-14 19:14:00,2024-01-14 20:01:00,98,133,1,1.88,80.48,15.39,95.87,Card,1,47.0,19,Sunday,January,2024-01-14,False,42.81,19.12
4105,2024-01-06 07:54:00,2024-01-06 09:12:00,19,172,2,22.7,453.24,49.65,502.89,Cash,1,78.0,7,Saturday,January,2024-01-06,False,19.97,10.95
4106,2024-01-21 03:58:00,2024-01-21 04:24:00,16,250,3,4.07,122.33,14.08,136.41,Cash,1,26.0,3,Sunday,January,2024-01-21,False,30.06,11.51
4107,2024-01-21 08:35:00,2024-01-21 09:49:00,45,61,3,23.75,489.23,78.63,567.86,Card,2,74.0,8,Sunday,January,2024-01-21,False,20.6,16.07
4108,2024-01-03 13:16:00,2024-01-03 13:22:00,155,50,2,14.73,310.09,51.74,361.83,Card,2,6.0,13,Wednesday,January,2024-01-03,False,21.05,16.69
4109,2024-01-02 16:26:00,2024-01-02 17:36:00,231,223,1,8.33,205.67,34.03,239.7,Card,1,70.0,16,Tuesday,January,2024-01-02,False,24.69,16.55
4110,2024-01-17 23:53:00,2024-01-18 00:29:00,157,172,1,12.89,280.1,55.93,336.03,Card,2,36.0,23,Wednesday,January,2024-01-17,False,21.73,19.97
4111,2024-01-03 01:22:00,2024-01-03 01:42:00,113,225,3,13.04,299.6,18.19,317.79,Cash,2,20.0,1,Wednesday,January,2024-01-03,False,22.98,6.07
4112,2024-01-21 19:03:00,2024-01-21 20:23:00,44,191,2,1.56,68.28,13.47,81.75,Card,1,80.0,19,Sunday,January,2024-01-21,False,43.77,19.73
4113,2024-01-01 14:19:00,2024-01-01 14:24:00,110,244,3,9.53,218.23,42.02,260.25,Card,2,5.0,14,Monday,January,2024-01-01,False,22.9,19.25
4114,2024-01-03 20:58:00,2024-01-03 22:14:00,111,79,2,18.76,395.84,70.39,466.23,Card,2,76.0,20,Wednesday,January,2024-01-03,False,21.1,17.78
4115,2024-01-25 10:32:00,2024-01-25 11:24:00,223,22,1,13.24,281.22,33.22,314.44,Card,1,52.0,10,Thursday,January,2024-01-25,False,21.24,11.81
4116,2024-01-18 19:20:00,2024-01-18 20:14:00,212,36,5,6.86,177.47,32.06,209.53,Card,1,54.0,19,Thursday,January,2024-01-18,False,25.87,18.07
4117,2024-01-08 05:29:00,2024-01-08 05:46:00,258,156,4,9.04,215.81,17.94,233.75,Card,1,17.0,5,Monday,January,2024-01-08,False,23.87,8.31
4118,2024-01-03 18:57:00,2024-01-03 19:16:00,247,56,1,21.71,456.36,77.01,533.37,Card,1,19.0,18,Wednesday,January,2024-01-03,False,21.02,16.87
4119,2024-01-08 06:11:00,2024-01-08 07:08:00,55,248,1,13.61,303.74,23.63,327.37,Card,1,57.0,6,Monday,January,2024-01-08,False,22.32,7.78
4120,2024-01-20 16:07:00,2024-01-20 16:55:00,72,261,1,13.68,305.43,52.63,358.06,Card,2,48.0,16,Saturday,January,2024-01-20,False,22.33,17.23
4121,2024-01-08 03:18:00,2024-01-08 03:30:00,213,260,2,24.08,501.99,71.37,573.36,Cash,2,12.0,3,Monday,January,2024-01-08,False,20.85,14.22
4122,2024-01-18 07:44:00,2024-01-18 09:02:00,171,15,1,8.7,226.07,14.63,240.7,Card,2,78.0,7,Thursday,January,2024-01-18,False,25.99,6.47
4123,2024-01-01 18:54:00,2024-01-01 19:44:00,246,188,1,12.51,284.78,52.48,337.26,Card,1,50.0,18,Monday,January,2024-01-01,False,22.76,18.43
4124,2024-01-21 22:11:00,2024-01-21 23:24:00,141,26,1,20.48,424.3,58.0,482.3,Card,1,73.0,22,Sunday,January,2024-01-21,False,20.72,13.67
4125,2024-01-27 07:27:00,2024-01-27 07:50:00,104,23,1,19.21,404.02,59.97,463.99,Card,2,23.0,7,Saturday,January,2024-01-27,False,21.03,14.84
4126,2024-01-27 17:02:00,2024-01-27 17:44:00,105,103,1,7.38,184.31,17.05,201.36,Cash,2,42.0,17,Saturday,January,2024-01-27,False,24.97,9.25
4127,2024-01-16 15:20:00,2024-01-16 15:35:00,240,29,2,4.63,152.96,27.65,180.61,Cash,1,15.0,15,Tuesday,January,2024-01-16,False,33.04,18.08
4128,2024-01-16 04:29:00,2024-01-16 05:16:00,22,57,3,17.82,381.91,50.33,432.24,Cash,1,47.0,4,Tuesday,January,2024-01-16,False,21.43,13.18
4129,2024-01-26 15:32:00,2024-01-26 15:56:00,78,62,2,7.18,177.97,20.14,198.11,Cash,2,24.0,15,Friday,January,2024-01-26,False,24.79,11.32
4130,2024-01-04 11:59:00,2024-01-04 12:23:00,195,48,2,23.14,458.25,59.64,517.89,Cash,2,24.0,11,Thursday,January,2024-01-04,False,19.8,13.01
4131,2024-01-15 18:41:00,2024-01-15 19:06:00,21,35,2,4.1,115.14,17.9,133.04,Card,2,25.0,18,Monday,January,2024-01-15,False,28.08,15.55
4132,2024-01-08 06:02:00,2024-01-08 07:28:00,160,46,2,8.64,201.67,31.11,232.78,Card,1,86.0,6,Monday,January,2024-01-08,False,23.34,15.43
4133,2024-01-06 17:32:00,2024-01-06 18:33:00,232,33,1,2.31,88.57,9.18,97.75,Card,2,61.0,17,Saturday,January,2024-01-06,False,38.34,10.36
4134,2024-01-20 03:46:00,2024-01-20 04:40:00,44,226,1,17.88,374.29,40.34,414.63,Cash,2,54.0,3,Saturday,January,2024-01-20,False,20.93,10.78
4135,2024-01-13 04:48:00,2024-01-13 06:06:00,180,216,1,22.39,449.47,60.38,509.85,Card,1,78.0,4,Saturday,January,2024-01-13,False,20.07,13.43
4136,2024-01-15 10:50:00,2024-01-15 11:20:00,101,217,4,16.26,351.61,66.34,417.95,Card,2,30.0,10,Monday,January,2024-01-15,False,21.62,18.87
4137,2024-01-02 01:51:00,2024-01-02 02:25:00,115,176,3,23.51,469.52,75.98,545.5,Cash,1,34.0,1,Tuesday,January,2024-01-02,False,19.97,16.18
4138,2024-01-09 18:25:00,2024-01-09 19:42:00,213,44,2,4.08,119.08,12.93,132.01,Card,2,77.0,18,Tuesday,January,2024-01-09,False,29.19,10.86
4139,2024-01-24 21:17:00,2024-01-24 21:52:00,18,219,4,3.11,110.12,11.07,121.19,Card,1,35.0,21,Wednesday,January,2024-01-24,False,35.41,10.05
4140,2024-01-19 05:29:00,2024-01-19 06:15:00,27,126,3,21.12,446.82,57.44,504.26,Cash,1,46.0,5,Friday,January,2024-01-19,False,21.16,12.86
4141,2024-01-01 22:41:00,2024-01-01 23:53:00,149,200,4,21.53,441.59,79.71,521.3,Cash,1,72.0,22,Monday,January,2024-01-01,False,20.51,18.05
4142,2024-01-19 03:49:00,2024-01-19 04:54:00,137,85,1,20.94,429.34,22.03,451.37,Cash,1,65.0,3,Friday,January,2024-01-19,False,20.5,5.13
4143,2024-01-04 00:50:00,2024-01-04 01:55:00,189,41,2,20.18,420.58,65.85,486.43,Cash,1,65.0,0,Thursday,January,2024-01-04,False,20.84,15.66
4144,2024-01-04 16:03:00,2024-01-04 17:17:00,190,211,2,9.69,222.14,20.92,243.06,Card,2,74.0,16,Thursday,January,2024-01-04,False,22.92,9.42
4145,2024-01-06 06:50:00,2024-01-06 08:12:00,199,39,2,6.22,162.56,13.21,175.77,Card,1,82.0,6,Saturday,January,2024-01-06,False,26.14,8.13
4146,2024-01-11 08:44:00,2024-01-11 09:56:00,102,181,1,23.29,465.64,24.13,489.77,Card,2,72.0,8,Thursday,January,2024-01-11,False,19.99,5.18
4147,2024-01-08 09:06:00,2024-01-08 09:27:00,91,231,2,8.37,207.81,38.34,246.15,Cash,1,21.0,9,Monday,January,2024-01-08,False,24.83,18.45
4148,2024-01-25 03:21:00,2024-01-25 03:44:00,224,70,1,10.56,251.0,46.9,297.9,Card,2,23.0,3,Thursday,January,2024-01-25,False,23.77,18.69
4149,2024-01-01 14:29:00,2024-01-01 15:24:00,5,76,3,17.79,380.43,22.53,402.96,Card,2,55.0,14,Monday,January,2024-01-01,False,21.38,5.92
4150,2024-01-22 21:52:00,2024-01-22 23:06:00,15,234,2,8.04,192.36,24.67,217.03,Card,2,74.0,21,Monday,January,2024-01-22,False,23.93,12.82
4151,2024-01-01 16:54:00,2024-01-01 18:01:00,5,136,1,20.66,435.27,31.73,467.0,Card,1,67.0,16,Monday,January,2024-01-01,False,21.07,7.29
4152,2024-01-08 00:23:00,2024-01-08 01:42:00,230,154,1,2.68,95.92,15.71,111.63,Card,2,79.0,0,Monday,January,2024-01-08,False,35.79,16.38
4153,2024-01-12 19:06:00,2024-01-12 20:30:00,114,99,2,19.99,404.33,60.57,464.9,Cash,2,84.0,19,Friday,January,2024-01-12,False,20.23,14.98
4154,2024-01-22 03:51:00,2024-01-22 04:25:00,4,130,2,15.44,328.41,31.06,359.47,Card,1,34.0,3,Monday,January,2024-01-22,False,21.27,9.46
4155,2024-01-24 05:38:00,2024-01-24 06:07:00,184,7,2,14.75,323.43,21.85,345.28,Card,2,29.0,5,Wednesday,January,2024-01-24,False,21.93,6.76
4156,2024-01-18 09:49:00,2024-01-18 11:08:00,213,105,2,12.0,260.26,45.46,305.72,Card,2,79.0,9,Thursday,January,2024-01-18,False,21.69,17.47
4157,2024-01-12 17:13:00,2024-01-12 18:28:00,247,50,3,7.65,197.14,29.8,226.94,Card,1,75.0,17,Friday,January,2024-01-12,False,25.77,15.12
4158,2024-01-17 03:28:00,2024-01-17 03:58:00,34,224,1,12.14,284.41,14.51,298.92,Card,1,30.0,3,Wednesday,January,2024-01-17,False,23.43,5.1
4159,2024-01-17 09:44:00,2024-01-17 10:44:00,196,64,2,11.8,261.19,37.66,298.85,Card,1,60.0,9,Wednesday,January,2024-01-17,False,22.13,14.42
4160,2024-01-21 04:21:00,2024-01-21 04:47:00,127,181,3,15.01,323.69,55.53,379.22,Cash,1,26.0,4,Sunday,January,2024-01-21,False,21.56,17.16
4161,2024-01-17 18:50:00,2024-01-17 19:13:00,142,75,3,7.76,186.53,25.86,212.39,Cash,2,23.0,18,Wednesday,January,2024-01-17,False,24.04,13.86
4162,2024-01-06 13:44:00,2024-01-06 14:19:00,136,189,1,2.86,102.32,11.63,113.95,Cash,2,35.0,13,Saturday,January,2024-01-06,False,35.78,11.37
4163,2024-01-12 13:58:00,2024-01-12 14:28:00,128,183,1,4.48,121.3,16.69,137.99,Card,1,30.0,13,Friday,January,2024-01-12,False,27.08,13.76
4164,2024-01-27 13:36:00,2024-01-27 14:22:00,174,68,1,17.78,388.65,55.56,444.21,Cash,2,46.0,13,Saturday,January,2024-01-27,False,21.86,14.3
4165,2024-01-15 04:11:00,2024-01-15 04:56:00,218,170,4,1.54,80.2,11.71,91.91,Cash,2,45.0,4,Monday,January,2024-01-15,False,52.08,14.6
4166,2024-01-14 09:36:00,2024-01-14 10:03:00,114,172,1,21.55,451.57,88.08,539.65,Cash,1,27.0,9,Sunday,January,2024-01-14,False,20.95,19.51
4167,2024-01-19 06:13:00,2024-01-19 07:04:00,12,107,1,17.67,362.34,27.83,390.17,Card,2,51.0,6,Friday,January,2024-01-19,False,20.51,7.68
4168,2024-01-19 20:52:00,2024-01-19 21:09:00,244,111,1,19.43,414.11,59.41,473.52,Card,2,17.0,20,Friday,January,2024-01-19,False,21.31,14.35
4169,2024-01-15 16:08:00,2024-01-15 17:18:00,52,78,1,21.06,444.88,34.79,479.67,Card,1,70.0,16,Monday,January,2024-01-15,False,21.12,7.82
4170,2024-01-13 16:17:00,2024-01-13 17:27:00,186,186,2,3.95,132.56,10.8,143.36,Cash,2,70.0,16,Saturday,January,2024-01-13,False,33.56,8.15
4171,2024-01-09 22:15:00,2024-01-09 22:35:00,233,253,2,20.74,440.42,66.23,506.65,Card,1,20.0,22,Tuesday,January,2024-01-09,False,21.24,15.04
4172,2024-01-14 15:22:00,2024-01-14 16:39:00,2,236,2,13.11,281.0,52.66,333.66,Card,2,77.0,15,Sunday,January,2024-01-14,False,21.43,18.74
4173,2024-01-25 17:05:00,2024-01-25 17:37:00,1,93,1,22.25,454.79,33.59,488.38,Card,2,32.0,17,Thursday,January,2024-01-25,False,20.44,7.39
4174,2024-01-14 21:45:00,2024-01-14 23:06:00,239,130,1,22.28,459.64,89.34,548.98,Cash,1,81.0,21,Sunday,January,2024-01-14,False,20.63,19.44
4175,2024-01-04 02:18:00,2024-01-04 02:57:00,55,183,3,1.58,86.33,8.45,94.78,Cash,2,39.0,2,Thursday,January,2024-01-04,False,54.64,9.79
4176,2024-01-04 16:27:00,2024-01-04 17:12:00,220,34,1,10.19,249.25,27.09,276.34,Card,1,45.0,16,Thursday,January,2024-01-04,False,24.46,10.87
4177,2024-01-29 23:01:00,2024-01-30 00:22:00,104,222,3,13.63,291.81,21.32,313.13,Cash,1,81.0,23,Monday,January,2024-01-29,False,21.41,7.31
4178,2024-01-13 19:05:00,2024-01-13 19:40:00,10,1,1,17.28,356.31,50.73,407.04,Card,1,35.0,19,Saturday,January,2024-01-13,False,20.62,14.24
4179,2024-01-20 15:13:00,2024-01-20 16:42:00,104,97,1,7.87,189.26,26.39,215.65,Card,2,89.0,15,Saturday,January,2024-01-20,False,24.05,13.94
4180,2024-01-27 17:46:00,2024-01-27 18:22:00,198,87,1,7.05,193.65,22.53,216.18,Cash,2,36.0,17,Saturday,January,2024-01-27,False,27.47,11.63
4181,2024-01-04 22:28:00,2024-01-04 23:26:00,14,252,4,10.15,250.93,30.47,281.4,Cash,1,58.0,22,Thursday,January,2024-01-04,False,24.72,12.14
4182,2024-01-19 00:14:00,2024-01-19 01:30:00,168,15,1,13.02,291.45,41.81,333.26,Card,1,76.0,0,Friday,January,2024-01-19,False,22.38,14.35
4183,2024-01-06 08:17:00,2024-01-06 09:20:00,30,142,2,23.83,483.98,66.56,550.54,Card,1,63.0,8,Saturday,January,2024-01-06,False,20.31,13.75
4184,2024-01-17 22:57:00,2024-01-17 23:42:00,14,70,2,19.29,405.38,43.03,448.41,Card,2,45.0,22,Wednesday,January,2024-01-17,False,21.02,10.61
4185,2024-01-12 10:06:00,2024-01-12 11:16:00,238,54,1,11.3,261.89,47.83,309.72,Card,1,70.0,10,Friday,January,2024-01-12,False,23.18,18.26
4186,2024-01-29 04:37:00,2024-01-29 05:35:00,62,252,1,2.3,86.51,12.99,99.5,Card,2,58.0,4,Monday,January,2024-01-29,False,37.61,15.02
4187,2024-01-08 11:11:00,2024-01-08 11:55:00,110,247,4,5.04,151.31,12.23,163.54,Card,1,44.0,11,Monday,January,2024-01-08,False,30.02,8.08
4188,2024-01-06 02:32:00,2024-01-06 03:04:00,160,134,1,11.94,268.49,26.31,294.8,Cash,2,32.0,2,Saturday,January,2024-01-06,False,22.49,9.8
4189,2024-01-10 09:16:00,2024-01-10 09:57:00,55,244,2,20.53,425.06,71.49,496.55,Card,2,41.0,9,Wednesday,January,2024-01-10,False,20.7,16.82
4190,2024-01-17 04:19:00,2024-01-17 05:28:00,249,239,5,10.14,223.43,14.67,238.1,Card,2,69.0,4,Wednesday,January,2024-01-17,False,22.03,6.57
4191,2024-01-23 04:37:00,2024-01-23 05:55:00,256,17,1,13.92,313.5,50.95,364.45,Card,2,78.0,4,Tuesday,January,2024-01-23,False,22.52,16.25
4192,2024-01-21 02:07:00,2024-01-21 03:06:00,22,233,1,22.4,468.26,48.62,516.88,Cash,2,59.0,2,Sunday,January,2024-01-21,False,20.9,10.38
4193,2024-01-29 12:54:00,2024-01-29 13:02:00,103,154,1,22.93,471.32,62.57,533.89,Card,2,8.0,12,Monday,January,2024-01-29,False,20.55,13.28
4194,2024-01-26 06:52:00,2024-01-26 07:06:00,236,186,1,6.18,173.7,15.99,189.69,Card,1,14.0,6,Friday,January,2024-01-26,False,28.11,9.21
4195,2024-01-21 11:33:00,2024-01-21 12:24:00,233,83,1,2.05,92.58,18.33,110.91,Card,1,51.0,11,Sunday,January,2024-01-21,False,45.16,19.8
4196,2024-01-19 13:11:00,2024-01-19 14:30:00,168,55,2,8.33,208.49,38.75,247.24,Card,1,79.0,13,Friday,January,2024-01-19,False,25.03,18.59
4197,2024-01-06 13:23:00,2024-01-06 13:41:00,233,62,2,17.7,370.44,70.11,440.55,Card,2,18.0,13,Saturday,January,2024-01-06,False,20.93,18.93
4198,2024-01-23 00:27:00,2024-01-23 01:09:00,5,59,2,23.83,492.7,38.29,530.99,Card,2,42.0,0,Tuesday,January,2024-01-23,False,20.68,7.77
4199,2024-01-03 06:38:00,2024-01-03 06:54:00,45,142,4,2.85,105.35,18.57,123.92,Card,2,16.0,6,Wednesday,January,2024-01-03,False,36.96,17.63
4200,2024-01-06 01:36:00,2024-01-06 02:25:00,46,149,1,1.68,90.65,11.81,102.46,Card,1,49.0,1,Saturday,January,2024-01-06,False,53.96,13.03
4201,2024-01-18 15:18:00,2024-01-18 15:39:00,164,174,1,22.22,458.6,71.62,530.22,Card,2,21.0,15,Thursday,January,2024-01-18,False,20.64,15.62
4202,2024-01-25 21:22:00,2024-01-25 22:46:00,169,62,1,18.96,402.35,33.24,435.59,Cash,1,84.0,21,Thursday,January,2024-01-25,False,21.22,8.26
4203,2024-01-10 05:01:00,2024-01-10 05:40:00,164,167,1,24.81,510.14,79.99,590.13,Cash,1,39.0,5,Wednesday,January,2024-01-10,False,20.56,15.68
4204,2024-01-08 18:13:00,2024-01-08 19:23:00,256,170,1,10.52,244.74,45.8,290.54,Card,1,70.0,18,Monday,January,2024-01-08,False,23.26,18.71
4205,2024-01-22 03:29:00,2024-01-22 04:48:00,66,103,1,10.99,262.21,23.63,285.84,Card,2,79.0,3,Monday,January,2024-01-22,False,23.86,9.01
4206,2024-01-29 12:40:00,2024-01-29 13:25:00,260,28,3,5.14,147.44,12.53,159.97,Card,1,45.0,12,Monday,January,2024-01-29,False,28.68,8.5
4207,2024-01-02 03:17:00,2024-01-02 04:28:00,88,84,5,3.78,136.74,8.98,145.72,Card,1,71.0,3,Tuesday,January,2024-01-02,False,36.17,6.57
4208,2024-01-23 01:41:00,2024-01-23 02:14:00,240,134,1,14.89,330.6,29.76,360.36,Cash,2,33.0,1,Tuesday,January,2024-01-23,False,22.2,9.0
4209,2024-01-10 11:32:00,2024-01-10 11:54:00,59,59,3,9.74,220.45,28.74,249.19,Card,1,22.0,11,Wednesday,January,2024-01-10,False,22.63,13.04
4210,2024-01-04 13:03:00,2024-01-04 13:27:00,170,90,3,2.93,117.63,20.57,138.2,Cash,1,24.0,13,Thursday,January,2024-01-04,False,40.15,17.49
4211,2024-01-18 17:00:00,2024-01-18 17:18:00,258,70,1,22.29,457.77,42.03,499.8,Cash,1,18.0,17,Thursday,January,2024-01-18,False,20.54,9.18
4212,2024-01-25 04:00:00,2024-01-25 04:38:00,46,185,1,5.76,173.21,24.8,198.01,Card,2,38.0,4,Thursday,January,2024-01-25,False,30.07,14.32
4213,2024-01-25 16:09:00,2024-01-25 17:02:00,2,60,6,18.97,403.02,49.14,452.16,Card,2,53.0,16,Thursday,January,2024-01-25,False,21.25,12.19
4214,2024-01-13 19:32:00,2024-01-13 20:30:00,129,145,2,7.77,182.39,17.01,199.4,Card,2,58.0,19,Saturday,January,2024-01-13,False,23.47,9.33
4215,2024-01-22 15:34:00,2024-01-22 16:09:00,17,168,6,20.51,421.03,53.28,474.31,Card,2,35.0,15,Monday,January,2024-01-22,False,20.53,12.65
4216,2024-01-25 14:36:00,2024-01-25 15:38:00,187,66,1,3.84,124.64,9.37,134.01,Cash,1,62.0,14,Thursday,January,2024-01-25,False,32.46,7.52
4217,2024-01-12 01:54:00,2024-01-12 02:40:00,116,124,1,19.15,409.87,59.82,469.69,Card,2,46.0,1,Friday,January,2024-01-12,False,21.4,14.59
4218,2024-01-12 22:26:00,2024-01-12 23:28:00,259,213,1,3.35,122.18,8.23,130.41,Card,2,62.0,22,Friday,January,2024-01-12,False,36.47,6.74
4219,2024-01-09 13:56:00,2024-01-09 15:22:00,249,182,6,11.73,262.22,41.86,304.08,Cash,1,86.0,13,Tuesday,January,2024-01-09,False,22.35,15.96
4220,2024-01-23 21:23:00,2024-01-23 21:57:00,198,71,1,18.62,394.76,30.26,425.02,Cash,1,34.0,21,Tuesday,January,2024-01-23,False,21.2,7.67
4221,2024-01-02 12:27:00,2024-01-02 12:56:00,227,44,1,5.16,150.19,30.0,180.19,Card,2,29.0,12,Tuesday,January,2024-01-02,False,29.11,19.97
4222,2024-01-09 03:07:00,2024-01-09 04:14:00,177,195,1,7.86,185.26,32.15,217.41,Cash,1,67.0,3,Tuesday,January,2024-01-09,False,23.57,17.35
4223,2024-01-25 08:58:00,2024-01-25 09:21:00,243,57,1,21.75,438.55,44.55,483.1,Card,1,23.0,8,Thursday,January,2024-01-25,False,20.16,10.16
4224,2024-01-19 16:55:00,2024-01-19 18:11:00,35,57,1,22.24,450.55,51.33,501.88,Cash,2,76.0,16,Friday,January,2024-01-19,False,20.26,11.39
4225,2024-01-15 17:45:00,2024-01-15 17:57:00,135,171,2,2.08,83.3,7.4,90.7,Card,2,12.0,17,Monday,January,2024-01-15,False,40.05,8.88
4226,2024-01-03 12:06:00,2024-01-03 12:13:00,10,83,1,5.03,135.04,22.29,157.33,Cash,1,7.0,12,Wednesday,January,2024-01-03,False,26.85,16.51
4227,2024-01-23 19:08:00,2024-01-23 20:19:00,183,94,1,3.82,110.51,11.84,122.35,Card,1,71.0,19,Tuesday,January,2024-01-23,False,28.93,10.71
4228,2024-01-19 09:29:00,2024-01-19 10:59:00,202,161,1,5.31,161.77,26.41,188.18,Card,2,90.0,9,Friday,January,2024-01-19,False,30.47,16.33
4229,2024-01-10 23:47:00,2024-01-11 01:12:00,19,102,2,24.28,485.71,25.63,511.34,Card,2,85.0,23,Wednesday,January,2024-01-10,False,20.0,5.28
4230,2024-01-03 17:27:00,2024-01-03 17:48:00,23,112,1,14.24,305.03,21.46,326.49,Card,2,21.0,17,Wednesday,January,2024-01-03,False,21.42,7.04
4231,2024-01-05 08:56:00,2024-01-05 09:14:00,95,66,1,12.23,266.33,27.9,294.23,Card,1,18.0,8,Friday,January,2024-01-05,False,21.78,10.48
4232,2024-01-22 03:24:00,2024-01-22 03:37:00,64,110,2,24.63,497.6,33.01,530.61,Cash,1,13.0,3,Monday,January,2024-01-22,False,20.2,6.63
4233,2024-01-02 19:11:00,2024-01-02 20:17:00,220,120,1,14.37,314.09,44.03,358.12,Cash,1,66.0,19,Tuesday,January,2024-01-02,False,21.86,14.02
4234,2024-01-19 03:47:00,2024-01-19 04:12:00,96,242,1,16.87,349.91,20.16,370.07,Cash,2,25.0,3,Friday,January,2024-01-19,False,20.74,5.76
4235,2024-01-28 00:09:00,2024-01-28 01:29:00,157,148,2,8.99,220.08,39.39,259.47,Cash,2,80.0,0,Sunday,January,2024-01-28,False,24.48,17.9
4236,2024-01-01 20:00:00,2024-01-01 20:41:00,207,242,1,10.17,244.75,40.19,284.94,Cash,2,41.0,20,Monday,January,2024-01-01,False,24.07,16.42
4237,2024-01-11 22:01:00,2024-01-11 22:16:00,246,222,1,15.27,326.08,26.88,352.96,Cash,2,15.0,22,Thursday,January,2024-01-11,False,21.35,8.24
4238,2024-01-14 08:38:00,2024-01-14 09:02:00,199,4,2,2.67,105.62,12.95,118.57,Card,2,24.0,8,Sunday,January,2024-01-14,False,39.56,12.26
4239,2024-01-08 16:47:00,2024-01-08 17:26:00,83,8,2,7.14,183.59,21.62,205.21,Cash,1,39.0,16,Monday,January,2024-01-08,False,25.71,11.78
4240,2024-01-22 09:36:00,2024-01-22 10:33:00,133,52,2,5.72,148.83,23.62,172.45,Card,1,57.0,9,Monday,January,2024-01-22,False,26.02,15.87
4241,2024-01-17 06:08:00,2024-01-17 06:59:00,105,142,1,1.38,86.74,9.56,96.3,Cash,1,51.0,6,Wednesday,January,2024-01-17,False,62.86,11.02
4242,2024-01-28 14:20:00,2024-01-28 15:39:00,237,88,1,13.89,314.06,17.25,331.31,Card,1,79.0,14,Sunday,January,2024-01-28,False,22.61,5.49
4243,2024-01-01 02:16:00,2024-01-01 03:12:00,69,160,2,14.47,319.92,29.13,349.05,Card,1,56.0,2,Monday,January,2024-01-01,False,22.11,9.11
4244,2024-01-13 02:13:00,2024-01-13 02:25:00,184,28,1,10.21,233.5,28.0,261.5,Card,1,12.0,2,Saturday,January,2024-01-13,False,22.87,11.99
4245,2024-01-14 04:18:00,2024-01-14 04:26:00,118,16,1,7.45,201.9,39.61,241.51,Card,2,8.0,4,Sunday,January,2024-01-14,False,27.1,19.62
4246,2024-01-01 11:01:00,2024-01-01 11:32:00,180,100,2,16.65,353.36,64.37,417.73,Card,2,31.0,11,Monday,January,2024-01-01,False,21.22,18.22
4247,2024-01-25 11:20:00,2024-01-25 12:08:00,90,204,1,4.23,124.12,9.58,133.7,Cash,2,48.0,11,Thursday,January,2024-01-25,False,29.34,7.72
4248,2024-01-19 22:13:00,2024-01-19 22:57:00,88,190,2,13.45,294.35,46.65,341.0,Card,2,44.0,22,Friday,January,2024-01-19,False,21.88,15.85
4249,2024-01-19 16:04:00,2024-01-19 16:55:00,83,34,1,19.43,410.5,78.21,488.71,Card,1,51.0,16,Friday,January,2024-01-19,False,21.13,19.05
4250,2024-01-23 19:34:00,2024-01-23 20:22:00,20,259,1,4.94,154.3,7.92,162.22,Card,1,48.0,19,Tuesday,January,2024-01-23,False,31.23,5.13
4251,2024-01-08 10:24:00,2024-01-08 11:16:00,107,257,3,19.08,394.14,62.33,456.47,Card,1,52.0,10,Monday,January,2024-01-08,False,20.66,15.81
4252,2024-01-28 01:47:00,2024-01-28 03:16:00,98,53,1,19.26,393.66,46.81,440.47,Card,2,89.0,1,Sunday,January,2024-01-28,False,20.44,11.89
4253,2024-01-18 00:47:00,2024-01-18 01:43:00,232,192,2,2.44,102.71,15.62,118.33,Card,2,56.0,0,Thursday,January,2024-01-18,False,42.09,15.21
4254,2024-01-12 08:02:00,2024-01-12 09:30:00,57,172,1,1.45,93.74,13.2,106.94,Card,2,88.0,8,Friday,January,2024-01-12,False,64.65,14.08
4255,2024-01-05 20:08:00,2024-01-05 21:20:00,149,47,1,24.37,484.16,95.72,579.88,Card,1,72.0,20,Friday,January,2024-01-05,False,19.87,19.77
4256,2024-01-20 02:38:00,2024-01-20 02:53:00,235,191,1,5.64,165.61,15.46,181.07,Card,1,15.0,2,Saturday,January,2024-01-20,False,29.36,9.34
4257,2024-01-20 08:46:00,2024-01-20 10:07:00,137,41,1,20.73,427.44,71.78,499.22,Cash,2,81.0,8,Saturday,January,2024-01-20,False,20.62,16.79
4258,2024-01-02 04:20:00,2024-01-02 05:37:00,229,194,6,14.48,324.63,27.66,352.29,Card,2,77.0,4,Tuesday,January,2024-01-02,False,22.42,8.52
4259,2024-01-20 14:46:00,2024-01-20 14:54:00,202,66,3,7.35,187.47,21.62,209.09,Card,2,8.0,14,Saturday,January,2024-01-20,False,25.51,11.53
4260,2024-01-25 15:08:00,2024-01-25 16:28:00,232,43,2,4.12,125.48,24.63,150.11,Card,2,80.0,15,Thursday,January,2024-01-25,False,30.46,19.63
4261,2024-01-17 02:39:00,2024-01-17 03:56:00,19,190,3,12.92,293.46,48.4,341.86,Card,2,77.0,2,Wednesday,January,2024-01-17,False,22.71,16.49
4262,2024-01-23 07:15:00,2024-01-23 08:36:00,16,89,2,10.78,261.06,25.42,286.48,Card,2,81.0,7,Tuesday,January,2024-01-23,False,24.22,9.74
4263,2024-01-04 20:00:00,2024-01-04 20:52:00,56,176,1,17.77,369.47,52.8,422.27,Card,1,52.0,20,Thursday,January,2024-01-04,False,20.79,14.29
4264,2024-01-26 07:35:00,2024-01-26 08:05:00,114,26,1,22.7,462.42,26.57,488.99,Cash,2,30.0,7,Friday,January,2024-01-26,False,20.37,5.75
4265,2024-01-15 12:49:00,2024-01-15 14:10:00,68,99,2,20.33,412.82,37.14,449.96,Card,1,81.0,12,Monday,January,2024-01-15,False,20.31,9.0
4266,2024-01-29 21:25:00,2024-01-29 22:08:00,78,61,1,7.59,182.12,28.73,210.85,Card,1,43.0,21,Monday,January,2024-01-29,False,23.99,15.78
4267,2024-01-11 09:15:00,2024-01-11 10:17:00,30,250,1,22.09,460.96,62.47,523.43,Card,2,62.0,9,Thursday,January,2024-01-11,False,20.87,13.55
4268,2024-01-10 15:57:00,2024-01-10 16:20:00,7,225,3,21.0,424.02,51.07,475.09,Card,1,23.0,15,Wednesday,January,2024-01-10,False,20.19,12.04
4269,2024-01-04 07:17:00,2024-01-04 08:44:00,152,82,1,23.3,483.2,74.23,557.43,Card,2,87.0,7,Thursday,January,2024-01-04,False,20.74,15.36
4270,2024-01-10 01:25:00,2024-01-10 02:46:00,22,182,1,12.01,269.06,29.53,298.59,Card,2,81.0,1,Wednesday,January,2024-01-10,False,22.4,10.98
4271,2024-01-29 22:40:00,2024-01-30 00:01:00,30,188,1,19.45,419.95,22.65,442.6,Cash,2,81.0,22,Monday,January,2024-01-29,False,21.59,5.39
4272,2024-01-04 06:53:00,2024-01-04 07:55:00,167,44,2,15.2,319.52,37.11,356.63,Card,2,62.0,6,Thursday,January,2024-01-04,False,21.02,11.61
4273,2024-01-22 11:54:00,2024-01-22 12:26:00,148,259,1,8.45,194.89,36.12,231.01,Card,1,32.0,11,Monday,January,2024-01-22,False,23.06,18.53
4274,2024-01-22 14:55:00,2024-01-22 16:05:00,49,98,1,24.87,489.92,87.45,577.37,Cash,1,70.0,14,Monday,January,2024-01-22,False,19.7,17.85
4275,2024-01-05 22:01:00,2024-01-05 22:15:00,262,91,1,1.92,99.62,11.09,110.71,Card,2,14.0,22,Friday,January,2024-01-05,False,51.89,11.13
4276,2024-01-29 18:58:00,2024-01-29 20:28:00,181,141,1,4.89,141.15,7.53,148.68,Card,1,90.0,18,Monday,January,2024-01-29,False,28.87,5.33
4277,2024-01-17 07:41:00,2024-01-17 09:02:00,122,252,1,22.42,443.65,64.53,508.18,Card,2,81.0,7,Wednesday,January,2024-01-17,False,19.79,14.55
4278,2024-01-15 15:53:00,2024-01-15 16:55:00,124,208,6,2.45,110.34,17.78,128.12,Card,2,62.0,15,Monday,January,2024-01-15,False,45.04,16.11
4279,2024-01-24 22:01:00,2024-01-24 23:18:00,28,179,1,22.28,467.35,43.99,511.34,Cash,2,77.0,22,Wednesday,January,2024-01-24,False,20.98,9.41
4280,2024-01-18 03:30:00,2024-01-18 03:48:00,259,187,2,18.17,391.25,47.54,438.79,Card,2,18.0,3,Thursday,January,2024-01-18,False,21.53,12.15
4281,2024-01-21 09:05:00,2024-01-21 10:33:00,77,110,2,1.88,81.29,16.16,97.45,Card,2,88.0,9,Sunday,January,2024-01-21,False,43.24,19.88
4282,2024-01-19 15:09:00,2024-01-19 15:28:00,194,219,1,11.3,254.58,34.74,289.32,Card,1,19.0,15,Friday,January,2024-01-19,False,22.53,13.65
4283,2024-01-25 08:22:00,2024-01-25 08:59:00,35,3,1,19.11,406.33,41.71,448.04,Card,1,37.0,8,Thursday,January,2024-01-25,False,21.26,10.27
4284,2024-01-03 12:30:00,2024-01-03 12:51:00,114,41,1,14.99,324.5,46.77,371.27,Card,1,21.0,12,Wednesday,January,2024-01-03,False,21.65,14.41
4285,2024-01-23 03:10:00,2024-01-23 03:38:00,62,125,2,23.46,466.89,35.95,502.84,Card,2,28.0,3,Tuesday,January,2024-01-23,False,19.9,7.7
4286,2024-01-03 09:33:00,2024-01-03 10:07:00,52,257,1,21.82,440.04,35.15,475.19,Cash,2,34.0,9,Wednesday,January,2024-01-03,False,20.17,7.99
4287,2024-01-26 21:15:00,2024-01-26 22:21:00,116,193,1,8.98,230.82,43.56,274.38,Card,1,66.0,21,Friday,January,2024-01-26,False,25.7,18.87
4288,2024-01-27 15:56:00,2024-01-27 16:13:00,47,115,1,3.03,99.07,8.51,107.58,Card,1,17.0,15,Saturday,January,2024-01-27,False,32.7,8.59
4289,2024-01-06 18:48:00,2024-01-06 19:54:00,101,70,1,23.66,487.66,47.12,534.78,Card,2,66.0,18,Saturday,January,2024-01-06,False,20.61,9.66
4290,2024-01-11 18:54:00,2024-01-11 19:45:00,107,97,1,13.41,295.72,38.91,334.63,Card,2,51.0,18,Thursday,January,2024-01-11,False,22.05,13.16
4291,2024-01-14 17:04:00,2024-01-14 17:24:00,35,216,4,2.79,112.68,20.84,133.52,Cash,2,20.0,17,Sunday,January,2024-01-14,False,40.39,18.49
4292,2024-01-14 11:09:00,2024-01-14 12:19:00,2,224,1,20.6,430.63,72.01,502.64,Card,2,70.0,11,Sunday,January,2024-01-14,False,20.9,16.72
4293,2024-01-26 05:20:00,2024-01-26 06:45:00,239,129,1,21.84,446.3,25.25,471.55,Cash,1,85.0,5,Friday,January,2024-01-26,False,20.43,5.66
4294,2024-01-25 07:30:00,2024-01-25 08:17:00,144,99,2,16.35,344.92,53.1,398.02,Card,1,47.0,7,Thursday,January,2024-01-25,False,21.1,15.39
4295,2024-01-11 04:25:00,2024-01-11 04:37:00,92,247,3,11.74,273.95,34.41,308.36,Cash,2,12.0,4,Thursday,January,2024-01-11,False,23.33,12.56
4296,2024-01-27 07:05:00,2024-01-27 07:12:00,221,186,1,16.89,353.71,42.92,396.63,Card,1,7.0,7,Saturday,January,2024-01-27,False,20.94,12.13
4297,2024-01-07 00:00:00,2024-01-07 00:16:00,54,244,1,17.96,386.91,59.48,446.39,Card,1,16.0,0,Sunday,January,2024-01-07,False,21.54,15.37
4298,2024-01-25 02:36:00,2024-01-25 04:04:00,228,38,1,22.43,464.14,36.87,501.01,Cash,2,88.0,2,Thursday,January,2024-01-25,False,20.69,7.94
4299,2024-01-18 17:21:00,2024-01-18 17:41:00,33,257,1,23.94,488.25,96.29,584.54,Cash,1,20.0,17,Thursday,January,2024-01-18,False,20.39,19.72
4300,2024-01-21 20:49:00,2024-01-21 22:11:00,214,248,1,13.34,291.18,42.74,333.92,Card,2,82.0,20,Sunday,January,2024-01-21,False,21.83,14.68
4301,2024-01-04 21:38:00,2024-01-04 23:02:00,136,133,1,20.16,409.03,42.89,451.92,Card,1,84.0,21,Thursday,January,2024-01-04,False,20.29,10.49
4302,2024-01-26 16:44:00,2024-01-26 17:47:00,248,44,1,24.15,496.01,69.46,565.47,Card,2,63.0,16,Friday,January,2024-01-26,False,20.54,14.0
4303,2024-01-02 08:00:00,2024-01-02 08:53:00,53,193,4,4.63,126.08,10.4,136.48,Card,2,53.0,8,Tuesday,January,2024-01-02,False,27.23,8.25
4304,2024-01-03 21:48:00,2024-01-03 22:55:00,64,57,1,1.44,95.04,13.79,108.83,Card,1,67.0,21,Wednesday,January,2024-01-03,False,66.0,14.51
4305,2024-01-09 11:27:00,2024-01-09 12:33:00,37,248,1,21.86,462.84,25.1,487.94,Card,2,66.0,11,Tuesday,January,2024-01-09,False,21.17,5.42
4306,2024-01-01 03:58:00,2024-01-01 04:51:00,212,104,6,5.69,146.33,14.81,161.14,Card,2,53.0,3,Monday,January,2024-01-01,False,25.72,10.12
4307,2024-01-23 21:32:00,2024-01-23 22:27:00,12,45,2,2.02,79.48,12.89,92.37,Card,2,55.0,21,Tuesday,January,2024-01-23,False,39.35,16.22
4308,2024-01-08 11:59:00,2024-01-08 12:36:00,84,60,1,4.84,139.5,23.88,163.38,Card,2,37.0,11,Monday,January,2024-01-08,False,28.82,17.12
4309,2024-01-04 20:32:00,2024-01-04 21:06:00,94,66,1,10.22,252.87,22.24,275.11,Cash,1,34.0,20,Thursday,January,2024-01-04,False,24.74,8.8
4310,2024-01-21 01:56:00,2024-01-21 02:59:00,207,223,5,6.26,164.69,21.56,186.25,Card,2,63.0,1,Sunday,January,2024-01-21,False,26.31,13.09
4311,2024-01-04 10:07:00,2024-01-04 11:27:00,38,47,1,8.33,200.85,25.96,226.81,Card,1,80.0,10,Thursday,January,2024-01-04,False,24.11,12.93
4312,2024-01-20 10:04:00,2024-01-20 10:23:00,203,238,2,24.41,500.49,56.66,557.15,Cash,1,19.0,10,Saturday,January,2024-01-20,False,20.5,11.32
4313,2024-01-08 18:04:00,2024-01-08 19:30:00,75,26,3,17.91,367.74,30.99,398.73,Card,1,86.0,18,Monday,January,2024-01-08,False,20.53,8.43
4314,2024-01-26 19:18:00,2024-01-26 19:45:00,128,94,1,18.09,376.52,58.54,435.06,Card,2,27.0,19,Friday,January,2024-01-26,False,20.81,15.55
4315,2024-01-14 05:51:00,2024-01-14 07:13:00,152,110,2,3.27,107.6,9.45,117.05,Card,1,82.0,5,Sunday,January,2024-01-14,False,32.91,8.78
4316,2024-01-05 06:40:00,2024-01-05 07:29:00,10,261,6,18.57,392.31,73.23,465.54,Card,2,49.0,6,Friday,January,2024-01-05,False,21.13,18.67
4317,2024-01-11 23:30:00,2024-01-12 00:36:00,38,254,2,18.74,382.2,49.41,431.61,Card,2,66.0,23,Thursday,January,2024-01-11,False,20.39,12.93
4318,2024-01-04 13:26:00,2024-01-04 14:49:00,105,40,1,16.83,359.4,64.9,424.3,Card,2,83.0,13,Thursday,January,2024-01-04,False,21.35,18.06
4319,2024-01-21 20:09:00,2024-01-21 21:24:00,165,254,3,6.48,182.37,17.07,199.44,Cash,1,75.0,20,Sunday,January,2024-01-21,False,28.14,9.36
4320,2024-01-24 07:44:00,2024-01-24 08:03:00,32,97,2,11.15,256.13,43.81,299.94,Card,2,19.0,7,Wednesday,January,2024-01-24,False,22.97,17.1
4321,2024-01-18 15:16:00,2024-01-18 16:06:00,212,26,2,21.31,444.08,29.78,473.86,Cash,1,50.0,15,Thursday,January,2024-01-18,False,20.84,6.71
4322,2024-01-01 03:12:00,2024-01-01 04:20:00,14,104,2,17.08,349.7,57.71,407.41,Card,2,68.0,3,Monday,January,2024-01-01,False,20.47,16.5
4323,2024-01-26 06:53:00,2024-01-26 07:43:00,230,103,1,18.59,388.09,41.93,430.02,Card,2,50.0,6,Friday,January,2024-01-26,False,20.88,10.8
4324,2024-01-09 21:36:00,2024-01-09 22:36:00,132,75,1,15.1,314.65,37.91,352.56,Card,1,60.0,21,Tuesday,January,2024-01-09,False,20.84,12.05
4325,2024-01-28 03:22:00,2024-01-28 04:10:00,152,85,1,11.79,270.2,20.27,290.47,Card,2,48.0,3,Sunday,January,2024-01-28,False,22.92,7.5
4326,2024-01-23 07:30:00,2024-01-23 08:49:00,96,214,1,19.22,394.39,20.82,415.21,Cash,2,79.0,7,Tuesday,January,2024-01-23,False,20.52,5.28
4327,2024-01-28 21:02:00,2024-01-28 21:35:00,10,113,1,2.63,95.96,14.39,110.35,Card,1,33.0,21,Sunday,January,2024-01-28,False,36.49,15.0
4328,2024-01-26 07:48:00,2024-01-26 08:54:00,16,57,1,17.16,351.18,48.52,399.7,Card,1,66.0,7,Friday,January,2024-01-26,False,20.47,13.82
4329,2024-01-22 07:38:00,2024-01-22 08:34:00,167,101,1,24.93,498.05,71.4,569.45,Card,1,56.0,7,Monday,January,2024-01-22,False,19.98,14.34
4330,2024-01-08 09:35:00,2024-01-08 10:33:00,96,250,3,19.72,410.16,36.2,446.36,Card,1,58.0,9,Monday,January,2024-01-08,False,20.8,8.83
4331,2024-01-21 21:15:00,2024-01-21 22:16:00,18,135,2,7.97,201.0,17.26,218.26,Cash,1,61.0,21,Sunday,January,2024-01-21,False,25.22,8.59
4332,2024-01-07 11:59:00,2024-01-07 13:26:00,7,141,2,7.67,180.06,31.43,211.49,Cash,2,87.0,11,Sunday,January,2024-01-07,False,23.48,17.46
4333,2024-01-26 11:01:00,2024-01-26 12:11:00,184,84,1,17.01,365.72,60.05,425.77,Cash,2,70.0,11,Friday,January,2024-01-26,False,21.5,16.42
4334,2024-01-28 11:39:00,2024-01-28 12:05:00,245,207,1,22.5,459.67,46.21,505.88,Card,1,26.0,11,Sunday,January,2024-01-28,False,20.43,10.05
4335,2024-01-30 04:56:00,2024-01-30 05:20:00,82,230,1,14.87,323.77,47.16,370.93,Card,1,24.0,4,Tuesday,January,2024-01-30,False,21.77,14.57
4336,2024-01-24 02:32:00,2024-01-24 03:09:00,131,61,2,13.66,310.86,54.16,365.02,Card,2,37.0,2,Wednesday,January,2024-01-24,False,22.76,17.42
4337,2024-01-30 13:41:00,2024-01-30 14:57:00,129,217,2,4.85,137.57,25.22,162.79,Card,1,76.0,13,Tuesday,January,2024-01-30,False,28.36,18.33
4338,2024-01-11 04:31:00,2024-01-11 05:00:00,74,56,1,18.17,372.28,18.94,391.22,Card,2,29.0,4,Thursday,January,2024-01-11,False,20.49,5.09
4339,2024-01-19 18:48:00,2024-01-19 19:38:00,59,29,2,17.86,378.03,65.03,443.06,Cash,1,50.0,18,Friday,January,2024-01-19,False,21.17,17.2
4340,2024-01-08 10:58:00,2024-01-08 12:15:00,72,111,2,24.21,504.13,51.7,555.83,Cash,2,77.0,10,Monday,January,2024-01-08,False,20.82,10.26
4341,2024-01-19 00:43:00,2024-01-19 01:44:00,160,92,2,8.2,203.14,32.05,235.19,Cash,2,61.0,0,Friday,January,2024-01-19,False,24.77,15.78
4342,2024-01-05 16:53:00,2024-01-05 17:02:00,87,142,1,19.15,409.66,43.31,452.97,Card,1,9.0,16,Friday,January,2024-01-05,False,21.39,10.57
4343,2024-01-26 09:44:00,2024-01-26 10:43:00,17,102,1,11.42,268.27,37.81,306.08,Card,1,59.0,9,Friday,January,2024-01-26,False,23.49,14.09
4344,2024-01-21 18:14:00,2024-01-21 19:19:00,89,71,1,14.4,314.75,46.27,361.02,Cash,2,65.0,18,Sunday,January,2024-01-21,False,21.86,14.7
4345,2024-01-01 11:57:00,2024-01-01 12:09:00,149,13,1,20.59,430.05,47.63,477.68,Card,2,12.0,11,Monday,January,2024-01-01,False,20.89,11.08
4346,2024-01-09 02:36:00,2024-01-09 02:56:00,6,157,1,6.33,166.14,21.09,187.23,Card,1,20.0,2,Tuesday,January,2024-01-09,False,26.25,12.69
4347,2024-01-04 01:54:00,2024-01-04 02:46:00,84,81,1,9.23,222.06,35.3,257.36,Card,1,52.0,1,Thursday,January,2024-01-04,False,24.06,15.9
4348,2024-01-27 06:25:00,2024-01-27 07:30:00,84,100,1,19.56,407.3,49.46,456.76,Cash,2,65.0,6,Saturday,January,2024-01-27,False,20.82,12.14
4349,2024-01-21 05:00:00,2024-01-21 05:19:00,250,83,1,14.69,325.69,16.97,342.66,Card,2,19.0,5,Sunday,January,2024-01-21,False,22.17,5.21
4350,2024-01-04 11:14:00,2024-01-04 12:23:00,154,218,1,3.22,110.26,5.73,115.99,Card,2,69.0,11,Thursday,January,2024-01-04,False,34.24,5.2
4351,2024-01-03 22:34:00,2024-01-03 23:00:00,72,237,1,11.32,246.75,36.81,283.56,Cash,1,26.0,22,Wednesday,January,2024-01-03,False,21.8,14.92
4352,2024-01-03 14:44:00,2024-01-03 14:51:00,109,125,1,15.08,335.1,59.34,394.44,Card,1,7.0,14,Wednesday,January,2024-01-03,False,22.22,17.71
4353,2024-01-26 23:25:00,2024-01-27 00:23:00,112,201,1,22.83,471.49,79.11,550.6,Card,1,58.0,23,Friday,January,2024-01-26,False,20.65,16.78
4354,2024-01-25 05:12:00,2024-01-25 05:30:00,172,2,2,5.52,167.86,16.21,184.07,Card,1,18.0,5,Thursday,January,2024-01-25,False,30.41,9.66
4355,2024-01-30 07:35:00,2024-01-30 08:15:00,187,62,3,20.34,418.98,50.56,469.54,Card,1,40.0,7,Tuesday,January,2024-01-30,False,20.6,12.07
4356,2024-01-17 02:25:00,2024-01-17 03:51:00,18,20,1,4.13,116.69,9.93,126.62,Card,2,86.0,2,Wednesday,January,2024-01-17,False,28.25,8.51
4357,2024-01-29 13:53:00,2024-01-29 15:19:00,168,210,1,6.81,166.23,32.98,199.21,Card,2,86.0,13,Monday,January,2024-01-29,False,24.41,19.84
4358,2024-01-09 07:59:00,2024-01-09 09:10:00,82,180,3,6.84,186.32,16.6,202.92,Card,1,71.0,7,Tuesday,January,2024-01-09,False,27.24,8.91
4359,2024-01-26 08:07:00,2024-01-26 08:21:00,75,62,2,22.06,439.11,49.37,488.48,Card,2,14.0,8,Friday,January,2024-01-26,False,19.91,11.24
4360,2024-01-02 19:01:00,2024-01-02 19:54:00,249,241,1,5.78,171.27,26.06,197.33,Cash,2,53.0,19,Tuesday,January,2024-01-02,False,29.63,15.22
4361,2024-01-02 22:03:00,2024-01-02 23:12:00,131,251,2,19.89,406.47,73.73,480.2,Card,2,69.0,22,Tuesday,January,2024-01-02,False,20.44,18.14
4362,2024-01-20 00:14:00,2024-01-20 01:15:00,201,10,1,12.08,284.41,16.42,300.83,Cash,2,61.0,0,Saturday,January,2024-01-20,False,23.54,5.77
4363,2024-01-27 21:59:00,2024-01-27 22:30:00,68,187,2,24.98,512.85,48.8,561.65,Card,2,31.0,21,Saturday,January,2024-01-27,False,20.53,9.52
4364,2024-01-08 07:31:00,2024-01-08 08:50:00,20,110,6,21.14,446.66,60.45,507.11,Card,1,79.0,7,Monday,January,2024-01-08,False,21.13,13.53
4365,2024-01-18 13:47:00,2024-01-18 13:56:00,93,28,1,18.75,383.92,54.8,438.72,Card,2,9.0,13,Thursday,January,2024-01-18,False,20.48,14.27
4366,2024-01-22 09:55:00,2024-01-22 11:10:00,133,61,4,21.9,452.07,27.35,479.42,Card,1,75.0,9,Monday,January,2024-01-22,False,20.64,6.05
4367,2024-01-08 16:24:00,2024-01-08 17:51:00,135,58,1,16.22,334.77,50.09,384.86,Cash,1,87.0,16,Monday,January,2024-01-08,False,20.64,14.96
4368,2024-01-08 20:32:00,2024-01-08 21:33:00,33,252,1,21.25,428.57,55.38,483.95,Card,2,61.0,20,Monday,January,2024-01-08,False,20.17,12.92
4369,2024-01-27 01:48:00,2024-01-27 02:07:00,32,256,1,7.27,180.16,31.37,211.53,Cash,2,19.0,1,Saturday,January,2024-01-27,False,24.78,17.41
4370,2024-01-26 15:45:00,2024-01-26 17:05:00,43,145,2,3.34,122.34,10.19,132.53,Card,2,80.0,15,Friday,January,2024-01-26,False,36.63,8.33
4371,2024-01-05 11:56:00,2024-01-05 12:30:00,108,79,1,15.78,324.78,25.74,350.52,Cash,2,34.0,11,Friday,January,2024-01-05,False,20.58,7.93
4372,2024-01-18 01:25:00,2024-01-18 01:49:00,96,214,2,11.43,272.83,46.11,318.94,Card,1,24.0,1,Thursday,January,2024-01-18,False,23.87,16.9
4373,2024-01-02 15:42:00,2024-01-02 16:23:00,66,20,2,11.23,244.26,38.0,282.26,Card,2,41.0,15,Tuesday,January,2024-01-02,False,21.75,15.56
4374,2024-01-16 14:23:00,2024-01-16 14:30:00,9,230,1,13.64,296.81,50.09,346.9,Card,1,7.0,14,Tuesday,January,2024-01-16,False,21.76,16.88
4375,2024-01-24 04:42:00,2024-01-24 05:59:00,230,64,1,9.67,216.49,36.22,252.71,Card,1,77.0,4,Wednesday,January,2024-01-24,False,22.39,16.73
4376,2024-01-19 07:05:00,2024-01-19 07:50:00,221,36,1,16.03,351.61,23.07,374.68,Card,2,45.0,7,Friday,January,2024-01-19,False,21.93,6.56
4377,2024-01-19 17:06:00,2024-01-19 17:49:00,99,211,2,1.73,75.38,6.92,82.3,Card,1,43.0,17,Friday,January,2024-01-19,False,43.57,9.18
4378,2024-01-10 20:02:00,2024-01-10 20:32:00,263,171,3,24.28,503.58,44.83,548.41,Card,1,30.0,20,Wednesday,January,2024-01-10,False,20.74,8.9
4379,2024-01-06 19:57:00,2024-01-06 20:03:00,164,26,1,23.19,473.33,90.02,563.35,Card,1,6.0,19,Saturday,January,2024-01-06,False,20.41,19.02
4380,2024-01-16 12:15:00,2024-01-16 12:42:00,16,263,2,23.45,490.55,60.4,550.95,Cash,2,27.0,12,Tuesday,January,2024-01-16,False,20.92,12.31
4381,2024-01-10 23:54:00,2024-01-11 00:21:00,169,164,1,9.76,224.39,14.96,239.35,Card,1,27.0,23,Wednesday,January,2024-01-10,False,22.99,6.67
4382,2024-01-19 21:17:00,2024-01-19 22:46:00,21,62,1,13.77,301.49,28.17,329.66,Card,2,89.0,21,Friday,January,2024-01-19,False,21.89,9.34
4383,2024-01-16 06:50:00,2024-01-16 07:10:00,28,86,1,23.9,491.03,88.77,579.8,Card,1,20.0,6,Tuesday,January,2024-01-16,False,20.55,18.08
4384,2024-01-17 18:03:00,2024-01-17 18:16:00,83,73,2,22.66,472.84,83.72,556.56,Cash,1,13.0,18,Wednesday,January,2024-01-17,False,20.87,17.71
4385,2024-01-16 13:07:00,2024-01-16 13:24:00,36,60,6,19.97,412.1,76.26,488.36,Card,2,17.0,13,Tuesday,January,2024-01-16,False,20.64,18.51
4386,2024-01-03 00:10:00,2024-01-03 00:42:00,233,178,3,10.78,260.81,28.24,289.05,Card,1,32.0,0,Wednesday,January,2024-01-03,False,24.19,10.83
4387,2024-01-20 06:49:00,2024-01-20 07:20:00,104,52,1,14.54,305.26,44.63,349.89,Card,2,31.0,6,Saturday,January,2024-01-20,False,20.99,14.62
4388,2024-01-06 13:46:00,2024-01-06 14:41:00,6,145,2,20.03,421.8,38.69,460.49,Card,1,55.0,13,Saturday,January,2024-01-06,False,21.06,9.17
4389,2024-01-03 07:06:00,2024-01-03 08:14:00,23,77,1,7.55,186.35,14.37,200.72,Card,1,68.0,7,Wednesday,January,2024-01-03,False,24.68,7.71
4390,2024-01-24 09:05:00,2024-01-24 10:01:00,170,119,1,16.03,331.58,17.67,349.25,Card,2,56.0,9,Wednesday,January,2024-01-24,False,20.68,5.33
4391,2024-01-07 10:37:00,2024-01-07 12:02:00,152,209,1,20.87,427.26,35.68,462.94,Card,1,85.0,10,Sunday,January,2024-01-07,False,20.47,8.35
4392,2024-01-30 07:59:00,2024-01-30 08:41:00,244,182,1,17.98,390.05,54.86,444.91,Card,2,42.0,7,Tuesday,January,2024-01-30,False,21.69,14.06
4393,2024-01-11 04:43:00,2024-01-11 05:52:00,241,138,2,12.51,294.6,54.69,349.29,Card,1,69.0,4,Thursday,January,2024-01-11,False,23.55,18.56
4394,2024-01-01 11:10:00,2024-01-01 11:32:00,261,125,1,15.03,322.32,22.57,344.89,Card,2,22.0,11,Monday,January,2024-01-01,False,21.45,7.0
4395,2024-01-17 10:35:00,2024-01-17 11:42:00,46,153,4,24.73,511.73,96.05,607.78,Card,1,67.0,10,Wednesday,January,2024-01-17,False,20.69,18.77
4396,2024-01-13 10:09:00,2024-01-13 11:04:00,75,18,1,15.45,333.39,33.94,367.33,Card,2,55.0,10,Saturday,January,2024-01-13,False,21.58,10.18
4397,2024-01-10 00:46:00,2024-01-10 00:59:00,196,64,1,19.85,418.81,47.75,466.56,Card,2,13.0,0,Wednesday,January,2024-01-10,False,21.1,11.4
4398,2024-01-19 10:11:00,2024-01-19 10:28:00,23,236,1,18.44,373.28,39.1,412.38,Card,2,17.0,10,Friday,January,2024-01-19,False,20.24,10.47
4399,2024-01-16 00:39:00,2024-01-16 01:23:00,87,79,1,17.84,377.84,42.05,419.89,Card,1,44.0,0,Tuesday,January,2024-01-16,False,21.18,11.13
4400,2024-01-12 13:13:00,2024-01-12 14:12:00,121,59,6,18.19,369.52,32.84,402.36,Card,2,59.0,13,Friday,January,2024-01-12,False,20.31,8.89
4401,2024-01-25 01:40:00,2024-01-25 03:03:00,149,251,1,11.91,262.44,40.62,303.06,Card,1,83.0,1,Thursday,January,2024-01-25,False,22.04,15.48
4402,2024-01-03 09:19:00,2024-01-03 10:06:00,150,61,4,12.38,279.84,45.82,325.66,Card,2,47.0,9,Wednesday,January,2024-01-03,False,22.6,16.37
4403,2024-01-23 08:12:00,2024-01-23 09:00:00,65,118,1,12.23,284.35,49.33,333.68,Card,2,48.0,8,Tuesday,January,2024-01-23,False,23.25,17.35
4404,2024-01-25 17:42:00,2024-01-25 18:54:00,160,79,1,1.8,89.23,9.03,98.26,Card,2,72.0,17,Thursday,January,2024-01-25,False,49.57,10.12
4405,2024-01-09 00:57:00,2024-01-09 01:34:00,82,237,1,6.79,190.31,31.34,221.65,Card,1,37.0,0,Tuesday,January,2024-01-09,False,28.03,16.47
4406,2024-01-09 04:03:00,2024-01-09 04:31:00,7,171,3,4.71,149.09,21.72,170.81,Cash,2,28.0,4,Tuesday,January,2024-01-09,False,31.65,14.57
4407,2024-01-15 00:16:00,2024-01-15 00:56:00,182,244,1,22.27,445.55,86.3,531.85,Card,1,40.0,0,Monday,January,2024-01-15,False,20.01,19.37
4408,2024-01-17 20:15:00,2024-01-17 20:29:00,14,208,5,7.6,188.47,21.43,209.9,Card,2,14.0,20,Wednesday,January,2024-01-17,False,24.8,11.37
4409,2024-01-29 11:23:00,2024-01-29 11:47:00,183,87,1,4.32,137.81,27.4,165.21,Card,2,24.0,11,Monday,January,2024-01-29,False,31.9,19.88
4410,2024-01-14 21:16:00,2024-01-14 22:35:00,44,139,1,3.87,137.81,22.2,160.01,Cash,2,79.0,21,Sunday,January,2024-01-14,False,35.61,16.11
4411,2024-01-25 13:46:00,2024-01-25 14:02:00,174,88,2,17.8,390.03,64.92,454.95,Cash,1,16.0,13,Thursday,January,2024-01-25,False,21.91,16.64
4412,2024-01-15 15:02:00,2024-01-15 16:08:00,14,133,1,1.15,83.6,4.5,88.1,Card,2,66.0,15,Monday,January,2024-01-15,False,72.7,5.38
4413,2024-01-25 22:51:00,2024-01-25 23:13:00,73,39,1,12.31,278.79,34.74,313.53,Card,1,22.0,22,Thursday,January,2024-01-25,False,22.65,12.46
4414,2024-01-25 19:10:00,2024-01-25 20:17:00,223,176,3,3.85,132.0,17.06,149.06,Card,2,67.0,19,Thursday,January,2024-01-25,False,34.29,12.92
4415,2024-01-25 02:13:00,2024-01-25 03:41:00,2,80,1,21.39,433.22,24.3,457.52,Card,1,88.0,2,Thursday,January,2024-01-25,False,20.25,5.61
4416,2024-01-25 19:40:00,2024-01-25 20:09:00,210,20,1,24.0,480.51,46.52,527.03,Card,1,29.0,19,Thursday,January,2024-01-25,False,20.02,9.68
4417,2024-01-09 03:05:00,2024-01-09 03:21:00,261,221,1,24.01,491.81,95.09,586.9,Card,2,16.0,3,Tuesday,January,2024-01-09,False,20.48,19.33
4418,2024-01-20 11:27:00,2024-01-20 11:52:00,90,188,1,11.61,275.14,31.34,306.48,Card,2,25.0,11,Saturday,January,2024-01-20,False,23.7,11.39
4419,2024-01-08 14:46:00,2024-01-08 15:15:00,252,154,1,16.47,365.55,28.51,394.06,Card,1,29.0,14,Monday,January,2024-01-08,False,22.19,7.8
4420,2024-01-13 01:34:00,2024-01-13 01:49:00,47,143,1,15.39,327.26,41.56,368.82,Card,1,15.0,1,Saturday,January,2024-01-13,False,21.26,12.7
4421,2024-01-08 17:38:00,2024-01-08 18:46:00,163,251,2,9.4,233.1,12.84,245.94,Card,1,68.0,17,Monday,January,2024-01-08,False,24.8,5.51
4422,2024-01-12 01:35:00,2024-01-12 02:52:00,116,212,1,11.66,275.43,35.09,310.52,Cash,2,77.0,1,Friday,January,2024-01-12,False,23.62,12.74
4423,2024-01-01 08:09:00,2024-01-01 09:03:00,79,149,2,2.54,104.42,14.53,118.95,Card,1,54.0,8,Monday,January,2024-01-01,False,41.11,13.91
4424,2024-01-16 11:00:00,2024-01-16 12:06:00,8,175,1,20.1,412.23,42.73,454.96,Card,2,66.0,11,Tuesday,January,2024-01-16,False,20.51,10.37
4425,2024-01-19 02:29:00,2024-01-19 03:22:00,23,172,1,6.78,180.61,29.69,210.3,Cash,2,53.0,2,Friday,January,2024-01-19,False,26.64,16.44
4426,2024-01-14 09:15:00,2024-01-14 09:33:00,31,134,1,12.05,274.43,19.31,293.74,Card,1,18.0,9,Sunday,January,2024-01-14,False,22.77,7.04
4427,2024-01-26 04:44:00,2024-01-26 04:49:00,170,116,2,12.53,283.74,51.56,335.3,Cash,1,5.0,4,Friday,January,2024-01-26,False,22.64,18.17
4428,2024-01-28 04:58:00,2024-01-28 06:23:00,130,203,2,14.46,318.86,61.64,380.5,Cash,1,85.0,4,Sunday,January,2024-01-28,False,22.05,19.33
4429,2024-01-23 19:01:00,2024-01-23 19:30:00,157,146,1,20.63,436.75,21.92,458.67,Card,1,29.0,19,Tuesday,January,2024-01-23,False,21.17,5.02
4430,2024-01-12 19:19:00,2024-01-12 20:22:00,22,238,1,17.61,362.08,63.87,425.95,Card,1,63.0,19,Friday,January,2024-01-12,False,20.56,17.64
4431,2024-01-27 21:12:00,2024-01-27 22:28:00,126,228,2,16.91,355.4,44.75,400.15,Cash,1,76.0,21,Saturday,January,2024-01-27,False,21.02,12.59
4432,2024-01-28 21:32:00,2024-01-28 22:45:00,169,255,3,13.64,303.1,36.13,339.23,Card,1,73.0,21,Sunday,January,2024-01-28,False,22.22,11.92
4433,2024-01-24 10:02:00,2024-01-24 10:11:00,166,156,2,3.3,107.9,9.26,117.16,Card,2,9.0,10,Wednesday,January,2024-01-24,False,32.7,8.58
4434,2024-01-08 09:05:00,2024-01-08 09:28:00,157,243,1,10.65,261.04,30.57,291.61,Cash,1,23.0,9,Monday,January,2024-01-08,False,24.51,11.71
4435,2024-01-02 03:09:00,2024-01-02 03:36:00,22,207,2,23.98,479.53,92.34,571.87,Card,1,27.0,3,Tuesday,January,2024-01-02,False,20.0,19.26
4436,2024-01-08 14:53:00,2024-01-08 15:06:00,263,254,2,24.89,502.11,40.98,543.09,Card,1,13.0,14,Monday,January,2024-01-08,False,20.17,8.16
4437,2024-01-05 18:19:00,2024-01-05 19:13:00,212,258,1,18.53,399.86,30.73,430.59,Card,2,54.0,18,Friday,January,2024-01-05,False,21.58,7.69
4438,2024-01-29 21:29:00,2024-01-29 21:49:00,164,73,1,6.46,158.68,13.69,172.37,Card,2,20.0,21,Monday,January,2024-01-29,False,24.56,8.63
4439,2024-01-26 00:46:00,2024-01-26 01:23:00,136,35,1,3.45,126.72,16.83,143.55,Card,1,37.0,0,Friday,January,2024-01-26,False,36.73,13.28
4440,2024-01-16 03:59:00,2024-01-16 04:05:00,252,129,1,10.95,254.23,48.19,302.42,Card,2,6.0,3,Tuesday,January,2024-01-16,False,23.22,18.96
4441,2024-01-19 21:36:00,2024-01-19 21:54:00,205,188,5,21.56,429.03,58.38,487.41,Card,1,18.0,21,Friday,January,2024-01-19,False,19.9,13.61
4442,2024-01-14 03:45:00,2024-01-14 03:50:00,242,95,4,18.32,396.85,34.34,431.19,Card,1,5.0,3,Sunday,January,2024-01-14,False,21.66,8.65
4443,2024-01-05 12:59:00,2024-01-05 14:01:00,61,220,1,22.21,440.96,51.18,492.14,Cash,1,62.0,12,Friday,January,2024-01-05,False,19.85,11.61
4444,2024-01-24 08:25:00,2024-01-24 08:45:00,95,125,1,15.78,339.5,36.86,376.36,Card,2,20.0,8,Wednesday,January,2024-01-24,False,21.51,10.86
4445,2024-01-04 09:26:00,2024-01-04 10:49:00,148,185,2,4.13,115.81,6.6,122.41,Card,2,83.0,9,Thursday,January,2024-01-04,False,28.04,5.7
4446,2024-01-06 04:45:00,2024-01-06 05:36:00,259,37,1,3.76,109.82,13.9,123.72,Card,2,51.0,4,Saturday,January,2024-01-06,False,29.21,12.66
4447,2024-01-22 20:15:00,2024-01-22 21:03:00,30,263,1,2.15,105.32,7.26,112.58,Cash,2,48.0,20,Monday,January,2024-01-22,False,48.99,6.89
4448,2024-01-12 15:27:00,2024-01-12 16:51:00,18,110,1,14.61,325.95,57.48,383.43,Card,2,84.0,15,Friday,January,2024-01-12,False,22.31,17.63
4449,2024-01-20 18:13:00,2024-01-20 18:31:00,187,178,1,6.83,168.85,22.35,191.2,Card,2,18.0,18,Saturday,January,2024-01-20,False,24.72,13.24
4450,2024-01-08 11:04:00,2024-01-08 11:32:00,212,142,1,18.63,393.95,69.61,463.56,Cash,1,28.0,11,Monday,January,2024-01-08,False,21.15,17.67
4451,2024-01-26 18:22:00,2024-01-26 19:21:00,35,134,2,17.47,378.3,73.17,451.47,Cash,2,59.0,18,Friday,January,2024-01-26,False,21.65,19.34
4452,2024-01-09 11:46:00,2024-01-09 12:05:00,147,149,1,8.63,222.03,42.51,264.54,Card,1,19.0,11,Tuesday,January,2024-01-09,False,25.73,19.15
4453,2024-01-20 08:29:00,2024-01-20 09:56:00,35,258,3,5.24,148.37,9.65,158.02,Card,2,87.0,8,Saturday,January,2024-01-20,False,28.31,6.5
4454,2024-01-16 16:28:00,2024-01-16 17:44:00,76,39,4,3.46,129.2,24.77,153.97,Cash,1,76.0,16,Tuesday,January,2024-01-16,False,37.34,19.17
4455,2024-01-10 08:00:00,2024-01-10 08:38:00,72,14,2,18.7,391.84,66.36,458.2,Cash,1,38.0,8,Wednesday,January,2024-01-10,False,20.95,16.94
4456,2024-01-23 00:29:00,2024-01-23 00:35:00,249,53,1,11.81,273.23,45.53,318.76,Card,2,6.0,0,Tuesday,January,2024-01-23,False,23.14,16.66
4457,2024-01-16 14:55:00,2024-01-16 15:26:00,57,11,1,8.76,227.05,14.42,241.47,Card,1,31.0,14,Tuesday,January,2024-01-16,False,25.92,6.35
4458,2024-01-26 16:59:00,2024-01-26 18:17:00,10,163,2,21.56,435.16,33.48,468.64,Card,2,78.0,16,Friday,January,2024-01-26,False,20.18,7.69
4459,2024-01-01 15:22:00,2024-01-01 16:38:00,213,183,4,15.25,319.56,62.72,382.28,Card,1,76.0,15,Monday,January,2024-01-01,False,20.95,19.63
4460,2024-01-20 02:46:00,2024-01-20 03:13:00,237,186,1,13.43,292.0,23.95,315.95,Card,1,27.0,2,Saturday,January,2024-01-20,False,21.74,8.2
4461,2024-01-06 12:37:00,2024-01-06 13:49:00,234,37,1,18.84,384.05,28.94,412.99,Card,2,72.0,12,Saturday,January,2024-01-06,False,20.38,7.54
4462,2024-01-24 14:38:00,2024-01-24 14:56:00,223,9,1,20.57,418.78,43.7,462.48,Card,1,18.0,14,Wednesday,January,2024-01-24,False,20.36,10.44
4463,2024-01-17 16:31:00,2024-01-17 17:38:00,104,28,1,17.47,376.75,70.45,447.2,Card,1,67.0,16,Wednesday,January,2024-01-17,False,21.57,18.7
4464,2024-01-07 22:46:00,2024-01-07 23:55:00,98,174,1,11.56,262.41,31.86,294.27,Card,1,69.0,22,Sunday,January,2024-01-07,False,22.7,12.14
4465,2024-01-27 04:21:00,2024-01-27 05:33:00,226,127,5,10.1,233.05,43.83,276.88,Card,2,72.0,4,Saturday,January,2024-01-27,False,23.07,18.81
4466,2024-01-19 00:19:00,2024-01-19 01:26:00,222,70,1,19.52,402.42,40.3,442.72,Card,1,67.0,0,Friday,January,2024-01-19,False,20.62,10.01
4467,2024-01-15 02:44:00,2024-01-15 04:09:00,43,151,1,13.43,287.58,24.15,311.73,Card,1,85.0,2,Monday,January,2024-01-15,False,21.41,8.4
4468,2024-01-16 21:07:00,2024-01-16 22:15:00,153,149,5,17.91,375.8,46.7,422.5,Cash,2,68.0,21,Tuesday,January,2024-01-16,False,20.98,12.43
4469,2024-01-01 03:23:00,2024-01-01 03:59:00,224,218,1,22.37,461.4,65.67,527.07,Card,1,36.0,3,Monday,January,2024-01-01,False,20.63,14.23
4470,2024-01-12 11:44:00,2024-01-12 13:07:00,119,126,3,22.98,457.81,49.78,507.59,Card,1,83.0,11,Friday,January,2024-01-12,False,19.92,10.87
4471,2024-01-12 00:59:00,2024-01-12 01:16:00,214,3,1,7.67,207.24,21.12,228.36,Card,2,17.0,0,Friday,January,2024-01-12,False,27.02,10.19
4472,2024-01-21 04:23:00,2024-01-21 05:33:00,53,187,5,5.51,152.48,12.61,165.09,Card,1,70.0,4,Sunday,January,2024-01-21,False,27.67,8.27
4473,2024-01-18 14:24:00,2024-01-18 14:47:00,220,43,1,7.27,199.3,18.19,217.49,Card,1,23.0,14,Thursday,January,2024-01-18,False,27.41,9.13
4474,2024-01-03 14:28:00,2024-01-03 14:56:00,243,99,5,19.03,386.58,58.36,444.94,Card,2,28.0,14,Wednesday,January,2024-01-03,False,20.31,15.1
4475,2024-01-28 10:06:00,2024-01-28 10:21:00,53,263,1,9.88,240.86,25.41,266.27,Card,2,15.0,10,Sunday,January,2024-01-28,False,24.38,10.55
4476,2024-01-01 18:13:00,2024-01-01 19:16:00,117,190,1,5.16,151.41,9.38,160.79,Card,2,63.0,18,Monday,January,2024-01-01,False,29.34,6.2
4477,2024-01-11 13:48:00,2024-01-11 15:18:00,42,42,1,3.36,125.08,8.85,133.93,Card,1,90.0,13,Thursday,January,2024-01-11,False,37.23,7.08
4478,2024-01-15 12:04:00,2024-01-15 12:23:00,247,97,1,8.86,217.5,23.02,240.52,Card,1,19.0,12,Monday,January,2024-01-15,False,24.55,10.58
4479,2024-01-18 11:43:00,2024-01-18 11:57:00,248,260,1,4.27,145.75,27.5,173.25,Cash,1,14.0,11,Thursday,January,2024-01-18,False,34.13,18.87
4480,2024-01-12 03:14:00,2024-01-12 03:59:00,101,218,5,4.75,144.31,15.42,159.73,Cash,1,45.0,3,Friday,January,2024-01-12,False,30.38,10.69
4481,2024-01-04 23:10:00,2024-01-04 23:41:00,87,136,1,17.41,376.92,22.27,399.19,Card,1,31.0,23,Thursday,January,2024-01-04,False,21.65,5.91
4482,2024-01-30 12:20:00,2024-01-30 13:24:00,84,145,2,1.47,92.79,10.46,103.25,Cash,1,64.0,12,Tuesday,January,2024-01-30,False,63.12,11.27
4483,2024-01-14 08:59:00,2024-01-14 10:16:00,261,5,1,3.82,130.2,19.57,149.77,Cash,1,77.0,8,Sunday,January,2024-01-14,False,34.08,15.03
4484,2024-01-25 23:19:00,2024-01-26 00:15:00,221,136,3,21.26,438.41,60.96,499.37,Card,1,56.0,23,Thursday,January,2024-01-25,False,20.62,13.9
4485,2024-01-24 05:37:00,2024-01-24 06:09:00,154,7,1,21.28,431.22,39.59,470.81,Card,1,32.0,5,Wednesday,January,2024-01-24,False,20.26,9.18
4486,2024-01-14 23:43:00,2024-01-15 00:52:00,51,37,5,8.9,225.83,34.6,260.43,Cash,1,69.0,23,Sunday,January,2024-01-14,False,25.37,15.32
4487,2024-01-02 11:03:00,2024-01-02 11:24:00,38,67,1,3.11,110.4,15.96,126.36,Card,2,21.0,11,Tuesday,January,2024-01-02,False,35.5,14.46
4488,2024-01-01 06:05:00,2024-01-01 06:53:00,259,5,1,17.92,381.18,28.9,410.08,Card,1,48.0,6,Monday,January,2024-01-01,False,21.27,7.58
4489,2024-01-12 04:23:00,2024-01-12 04:37:00,187,58,1,9.64,215.9,16.05,231.95,Cash,2,14.0,4,Friday,January,2024-01-12,False,22.4,7.43
4490,2024-01-23 13:50:00,2024-01-23 14:57:00,13,155,2,2.09,92.54,12.22,104.76,Card,1,67.0,13,Tuesday,January,2024-01-23,False,44.28,13.21
4491,2024-01-17 23:56:00,2024-01-18 01:22:00,223,113,2,4.79,147.16,21.91,169.07,Cash,2,86.0,23,Wednesday,January,2024-01-17,False,30.72,14.89
4492,2024-01-09 20:22:00,2024-01-09 21:13:00,87,92,2,4.29,134.74,26.18,160.92,Cash,2,51.0,20,Tuesday,January,2024-01-09,False,31.41,19.43
4493,2024-01-09 14:31:00,2024-01-09 15:13:00,259,244,1,15.14,325.98,36.93,362.91,Card,2,42.0,14,Tuesday,January,2024-01-09,False,21.53,11.33
4494,2024-01-26 15:40:00,2024-01-26 16:54:00,181,89,2,22.55,452.6,74.56,527.16,Card,1,74.0,15,Friday,January,2024-01-26,False,20.07,16.47
4495,2024-01-21 01:41:00,2024-01-21 03:01:00,173,178,4,20.03,409.83,27.65,437.48,Card,1,80.0,1,Sunday,January,2024-01-21,False,20.46,6.75
4496,2024-01-23 05:21:00,2024-01-23 06:18:00,195,228,1,14.12,315.18,57.82,373.0,Card,2,57.0,5,Tuesday,January,2024-01-23,False,22.32,18.35
4497,2024-01-11 20:23:00,2024-01-11 21:45:00,245,67,1,11.13,247.07,35.82,282.89,Card,1,82.0,20,Thursday,January,2024-01-11,False,22.2,14.5
4498,2024-01-02 15:38:00,2024-01-02 16:26:00,196,122,2,15.85,343.95,49.65,393.6,Card,2,48.0,15,Tuesday,January,2024-01-02,False,21.7,14.44
4499,2024-01-15 20:12:00,2024-01-15 21:30:00,62,159,1,11.65,267.39,19.08,286.47,Card,1,78.0,20,Monday,January,2024-01-15,False,22.95,7.14
4500,2024-01-27 16:37:00,2024-01-27 17:35:00,25,183,2,6.91,193.49,10.82,204.31,Card,2,58.0,16,Saturday,January,2024-01-27,False,28.0,5.59
4501,2024-01-25 15:43:00,2024-01-25 16:07:00,52,4,1,17.3,353.22,54.83,408.05,Card,2,24.0,15,Thursday,January,2024-01-25,False,20.42,15.52
4502,2024-01-22 08:26:00,2024-01-22 09:49:00,50,121,6,21.96,438.52,29.63,468.15,Card,2,83.0,8,Monday,January,2024-01-22,False,19.97,6.76
4503,2024-01-20 09:23:00,2024-01-20 09:58:00,52,230,3,9.95,234.28,16.18,250.46,Cash,2,35.0,9,Saturday,January,2024-01-20,False,23.55,6.91
4504,2024-01-07 20:27:00,2024-01-07 20:38:00,40,219,2,21.2,437.41,34.17,471.58,Card,2,11.0,20,Sunday,January,2024-01-07,False,20.63,7.81
4505,2024-01-29 15:38:00,2024-01-29 16:40:00,232,182,1,11.35,245.5,15.87,261.37,Card,1,62.0,15,Monday,January,2024-01-29,False,21.63,6.46
4506,2024-01-24 10:04:00,2024-01-24 10:18:00,60,257,1,10.63,256.12,36.83,292.95,Cash,1,14.0,10,Wednesday,January,2024-01-24,False,24.09,14.38
4507,2024-01-07 11:06:00,2024-01-07 11:20:00,216,43,3,1.68,85.08,9.64,94.72,Card,2,14.0,11,Sunday,January,2024-01-07,False,50.64,11.33
4508,2024-01-28 08:31:00,2024-01-28 09:14:00,197,18,2,17.69,368.82,33.16,401.98,Card,1,43.0,8,Sunday,January,2024-01-28,False,20.85,8.99
4509,2024-01-11 08:28:00,2024-01-11 09:00:00,2,198,2,20.38,416.41,48.35,464.76,Card,1,32.0,8,Thursday,January,2024-01-11,False,20.43,11.61
4510,2024-01-19 19:21:00,2024-01-19 19:55:00,106,177,1,16.93,370.58,65.45,436.03,Card,2,34.0,19,Friday,January,2024-01-19,False,21.89,17.66
4511,2024-01-26 20:28:00,2024-01-26 21:09:00,216,76,1,4.63,129.24,24.43,153.67,Card,1,41.0,20,Friday,January,2024-01-26,False,27.91,18.9
4512,2024-01-17 05:46:00,2024-01-17 06:57:00,167,181,1,3.48,107.45,13.23,120.68,Card,1,71.0,5,Wednesday,January,2024-01-17,False,30.88,12.31
4513,2024-01-20 15:42:00,2024-01-20 16:29:00,247,150,1,14.75,311.9,42.11,354.01,Card,2,47.0,15,Saturday,January,2024-01-20,False,21.15,13.5
4514,2024-01-14 08:12:00,2024-01-14 09:35:00,210,82,2,10.64,250.27,22.17,272.44,Card,1,83.0,8,Sunday,January,2024-01-14,False,23.52,8.86
4515,2024-01-25 17:38:00,2024-01-25 19:07:00,58,10,2,11.3,267.73,34.01,301.74,Card,2,89.0,17,Thursday,January,2024-01-25,False,23.69,12.7
4516,2024-01-08 10:18:00,2024-01-08 11:14:00,43,212,1,24.23,486.07,78.85,564.92,Card,2,56.0,10,Monday,January,2024-01-08,False,20.06,16.22
4517,2024-01-04 04:34:00,2024-01-04 05:34:00,138,140,2,18.37,375.86,46.54,422.4,Card,1,60.0,4,Thursday,January,2024-01-04,False,20.46,12.38
4518,2024-01-18 17:25:00,2024-01-18 18:45:00,109,260,3,10.88,242.12,23.08,265.2,Card,2,80.0,17,Thursday,January,2024-01-18,False,22.25,9.53
4519,2024-01-10 22:02:00,2024-01-10 23:14:00,48,228,2,1.46,84.86,11.65,96.51,Cash,1,72.0,22,Wednesday,January,2024-01-10,False,58.12,13.73
4520,2024-01-10 22:54:00,2024-01-10 23:07:00,126,5,1,1.82,80.14,15.39,95.53,Card,2,13.0,22,Wednesday,January,2024-01-10,False,44.03,19.2
4521,2024-01-21 06:19:00,2024-01-21 06:46:00,214,83,1,17.44,380.24,69.66,449.9,Card,2,27.0,6,Sunday,January,2024-01-21,False,21.8,18.32
4522,2024-01-05 14:44:00,2024-01-05 15:51:00,128,6,3,21.11,423.1,69.97,493.07,Card,2,67.0,14,Friday,January,2024-01-05,False,20.04,16.54
4523,2024-01-25 17:38:00,2024-01-25 18:43:00,198,152,1,17.98,364.61,33.34,397.95,Cash,2,65.0,17,Thursday,January,2024-01-25,False,20.28,9.14
4524,2024-01-23 20:53:00,2024-01-23 21:37:00,202,223,3,10.74,235.97,20.35,256.32,Card,1,44.0,20,Tuesday,January,2024-01-23,False,21.97,8.62
4525,2024-01-24 09:27:00,2024-01-24 10:15:00,192,181,2,1.75,96.87,17.03,113.9,Card,1,48.0,9,Wednesday,January,2024-01-24,False,55.35,17.58
4526,2024-01-29 12:33:00,2024-01-29 14:03:00,107,263,3,24.22,495.5,38.25,533.75,Card,1,90.0,12,Monday,January,2024-01-29,False,20.46,7.72
4527,2024-01-13 01:35:00,2024-01-13 02:03:00,194,167,6,24.67,512.79,72.22,585.01,Card,1,28.0,1,Saturday,January,2024-01-13,False,20.79,14.08
4528,2024-01-22 11:26:00,2024-01-22 12:21:00,238,78,2,14.18,305.33,35.37,340.7,Card,1,55.0,11,Monday,January,2024-01-22,False,21.53,11.58
4529,2024-01-26 10:07:00,2024-01-26 11:09:00,132,42,1,2.7,94.98,11.42,106.4,Cash,1,62.0,10,Friday,January,2024-01-26,False,35.18,12.02
4530,2024-01-13 06:02:00,2024-01-13 06:39:00,83,62,1,13.98,308.5,36.46,344.96,Card,2,37.0,6,Saturday,January,2024-01-13,False,22.07,11.82
4531,2024-01-17 15:53:00,2024-01-17 16:13:00,222,31,1,22.42,459.69,85.04,544.73,Card,1,20.0,15,Wednesday,January,2024-01-17,False,20.5,18.5
4532,2024-01-15 17:08:00,2024-01-15 17:34:00,106,4,1,17.32,369.49,23.3,392.79,Card,1,26.0,17,Monday,January,2024-01-15,False,21.33,6.31
4533,2024-01-23 15:16:00,2024-01-23 16:17:00,66,109,1,18.28,379.47,63.54,443.01,Card,1,61.0,15,Tuesday,January,2024-01-23,False,20.76,16.74
4534,2024-01-20 06:52:00,2024-01-20 07:58:00,195,93,1,3.04,94.9,16.63,111.53,Card,1,66.0,6,Saturday,January,2024-01-20,False,31.22,17.52
4535,2024-01-22 10:17:00,2024-01-22 11:43:00,188,99,1,3.56,105.13,20.13,125.26,Card,1,86.0,10,Monday,January,2024-01-22,False,29.53,19.15
4536,2024-01-08 11:36:00,2024-01-08 12:51:00,47,192,1,4.06,132.99,15.68,148.67,Card,1,75.0,11,Monday,January,2024-01-08,False,32.76,11.79
4537,2024-01-23 19:15:00,2024-01-23 20:31:00,25,212,3,22.71,464.48,58.06,522.54,Card,1,76.0,19,Tuesday,January,2024-01-23,False,20.45,12.5
4538,2024-01-07 19:08:00,2024-01-07 20:22:00,66,83,2,13.62,309.79,60.16,369.95,Card,1,74.0,19,Sunday,January,2024-01-07,False,22.75,19.42
4539,2024-01-04 22:20:00,2024-01-04 22:54:00,67,207,4,20.0,409.01,48.58,457.59,Card,2,34.0,22,Thursday,January,2024-01-04,False,20.45,11.88
4540,2024-01-04 02:38:00,2024-01-04 03:05:00,197,115,1,3.77,132.32,16.61,148.93,Card,1,27.0,2,Thursday,January,2024-01-04,False,35.1,12.55
4541,2024-01-06 16:50:00,2024-01-06 17:26:00,246,252,1,23.26,471.44,47.07,518.51,Card,2,36.0,16,Saturday,January,2024-01-06,False,20.27,9.98
4542,2024-01-08 14:02:00,2024-01-08 15:32:00,100,61,1,20.71,415.68,22.76,438.44,Cash,1,90.0,14,Monday,January,2024-01-08,False,20.07,5.48
4543,2024-01-26 04:49:00,2024-01-26 05:50:00,178,253,1,6.39,184.36,21.19,205.55,Card,1,61.0,4,Friday,January,2024-01-26,False,28.85,11.49
4544,2024-01-24 03:40:00,2024-01-24 03:53:00,115,79,2,21.98,451.0,66.87,517.87,Card,1,13.0,3,Wednesday,January,2024-01-24,False,20.52,14.83
4545,2024-01-28 16:10:00,2024-01-28 16:45:00,168,196,1,7.32,190.64,29.26,219.9,Cash,1,35.0,16,Sunday,January,2024-01-28,False,26.04,15.35
4546,2024-01-27 12:03:00,2024-01-27 13:18:00,119,262,1,5.93,166.86,8.51,175.37,Card,1,75.0,12,Saturday,January,2024-01-27,False,28.14,5.1
4547,2024-01-13 22:42:00,2024-01-13 22:55:00,165,236,2,7.34,182.99,31.14,214.13,Cash,1,13.0,22,Saturday,January,2024-01-13,False,24.93,17.02
4548,2024-01-08 16:54:00,2024-01-08 17:11:00,219,169,2,22.84,473.55,58.66,532.21,Card,1,17.0,16,Monday,January,2024-01-08,False,20.73,12.39
4549,2024-01-16 13:43:00,2024-01-16 14:45:00,197,7,2,22.97,479.57,61.44,541.01,Card,1,62.0,13,Tuesday,January,2024-01-16,False,20.88,12.81
4550,2024-01-24 04:58:00,2024-01-24 05:05:00,237,22,1,8.9,211.82,41.15,252.97,Card,2,7.0,4,Wednesday,January,2024-01-24,False,23.8,19.43
4551,2024-01-04 23:41:00,2024-01-05 00:20:00,169,72,1,17.93,382.45,35.44,417.89,Card,2,39.0,23,Thursday,January,2024-01-04,False,21.33,9.27
4552,2024-01-05 17:58:00,2024-01-05 18:23:00,76,106,1,17.22,372.67,61.21,433.88,Card,2,25.0,17,Friday,January,2024-01-05,False,21.64,16.42
4553,2024-01-03 06:22:00,2024-01-03 07:30:00,33,139,5,20.36,412.18,56.15,468.33,Cash,1,68.0,6,Wednesday,January,2024-01-03,False,20.24,13.62
4554,2024-01-04 11:16:00,2024-01-04 12:12:00,230,30,3,8.12,196.14,30.43,226.57,Card,1,56.0,11,Thursday,January,2024-01-04,False,24.16,15.51
4555,2024-01-16 09:24:00,2024-01-16 10:02:00,195,89,1,13.24,281.58,31.73,313.31,Card,1,38.0,9,Tuesday,January,2024-01-16,False,21.27,11.27
4556,2024-01-25 17:15:00,2024-01-25 17:54:00,230,153,1,17.02,364.43,33.48,397.91,Card,2,39.0,17,Thursday,January,2024-01-25,False,21.41,9.19
4557,2024-01-22 00:17:00,2024-01-22 00:36:00,96,73,2,1.63,93.37,12.32,105.69,Card,2,19.0,0,Monday,January,2024-01-22,False,57.28,13.19
4558,2024-01-10 20:51:00,2024-01-10 21:01:00,171,238,1,10.04,239.05,25.4,264.45,Card,1,10.0,20,Wednesday,January,2024-01-10,False,23.81,10.63
4559,2024-01-22 03:33:00,2024-01-22 05:02:00,32,251,4,17.7,363.99,30.37,394.36,Card,2,89.0,3,Monday,January,2024-01-22,False,20.56,8.34
4560,2024-01-04 15:12:00,2024-01-04 15:48:00,45,8,2,7.06,183.47,32.27,215.74,Card,2,36.0,15,Thursday,January,2024-01-04,False,25.99,17.59
4561,2024-01-02 12:57:00,2024-01-02 13:53:00,72,207,1,23.98,496.69,60.29,556.98,Card,1,56.0,12,Tuesday,January,2024-01-02,False,20.71,12.14
4562,2024-01-17 19:49:00,2024-01-17 21:16:00,20,258,1,1.72,80.04,14.17,94.21,Cash,2,87.0,19,Wednesday,January,2024-01-17,False,46.53,17.7
4563,2024-01-10 21:12:00,2024-01-10 21:44:00,239,139,2,23.99,496.8,60.16,556.96,Cash,2,32.0,21,Wednesday,January,2024-01-10,False,20.71,12.11
4564,2024-01-18 18:53:00,2024-01-18 20:22:00,199,46,1,6.2,175.14,23.38,198.52,Card,1,89.0,18,Thursday,January,2024-01-18,False,28.25,13.35
4565,2024-01-10 17:46:00,2024-01-10 18:54:00,65,126,2,2.17,79.71,15.89,95.6,Card,2,68.0,17,Wednesday,January,2024-01-10,False,36.73,19.93
4566,2024-01-20 19:54:00,2024-01-20 21:17:00,188,21,1,8.02,191.54,36.91,228.45,Card,1,83.0,19,Saturday,January,2024-01-20,False,23.88,19.27
4567,2024-01-22 11:08:00,2024-01-22 12:30:00,89,170,1,19.87,413.95,37.57,451.52,Cash,1,82.0,11,Monday,January,2024-01-22,False,20.83,9.08
4568,2024-01-14 14:50:00,2024-01-14 15:13:00,201,32,2,19.06,404.61,72.95,477.56,Card,2,23.0,14,Sunday,January,2024-01-14,False,21.23,18.03
4569,2024-01-28 12:05:00,2024-01-28 12:24:00,23,150,1,6.01,174.6,18.95,193.55,Card,1,19.0,12,Sunday,January,2024-01-28,False,29.05,10.85
4570,2024-01-05 21:11:00,2024-01-05 21:21:00,130,206,1,5.72,162.19,9.84,172.03,Card,2,10.0,21,Friday,January,2024-01-05,False,28.35,6.07
4571,2024-01-18 17:15:00,2024-01-18 18:32:00,154,21,1,16.42,346.97,47.32,394.29,Card,2,77.0,17,Thursday,January,2024-01-18,False,21.13,13.64
4572,2024-01-26 08:04:00,2024-01-26 09:32:00,78,138,2,11.99,261.36,51.37,312.73,Cash,1,88.0,8,Friday,January,2024-01-26,False,21.8,19.65
4573,2024-01-26 03:02:00,2024-01-26 03:44:00,190,65,2,20.01,422.98,82.97,505.95,Card,2,42.0,3,Friday,January,2024-01-26,False,21.14,19.62
4574,2024-01-01 09:30:00,2024-01-01 10:00:00,154,65,1,1.58,74.64,5.15,79.79,Card,1,30.0,9,Monday,January,2024-01-01,False,47.24,6.9
4575,2024-01-23 09:34:00,2024-01-23 11:00:00,113,88,2,15.65,342.56,56.76,399.32,Card,2,86.0,9,Tuesday,January,2024-01-23,False,21.89,16.57
4576,2024-01-14 09:28:00,2024-01-14 10:23:00,117,43,1,18.54,379.16,64.62,443.78,Card,1,55.0,9,Sunday,January,2024-01-14,False,20.45,17.04
4577,2024-01-10 05:28:00,2024-01-10 06:45:00,5,141,1,24.84,489.85,51.59,541.44,Card,1,77.0,5,Wednesday,January,2024-01-10,False,19.72,10.53
4578,2024-01-21 17:57:00,2024-01-21 18:54:00,35,4,2,17.29,358.75,53.38,412.13,Cash,1,57.0,17,Sunday,January,2024-01-21,False,20.75,14.88
4579,2024-01-14 02:49:00,2024-01-14 03:49:00,159,41,2,6.56,166.63,20.53,187.16,Cash,1,60.0,2,Sunday,January,2024-01-14,False,25.4,12.32
4580,2024-01-01 15:17:00,2024-01-01 16:20:00,210,90,1,3.6,124.22,10.46,134.68,Cash,1,63.0,15,Monday,January,2024-01-01,False,34.51,8.42
4581,2024-01-07 23:46:00,2024-01-08 01:00:00,14,256,1,16.38,339.67,55.77,395.44,Card,1,74.0,23,Sunday,January,2024-01-07,False,20.74,16.42
4582,2024-01-21 11:44:00,2024-01-21 13:06:00,25,145,1,13.56,311.99,27.9,339.89,Card,1,82.0,11,Sunday,January,2024-01-21,False,23.01,8.94
4583,2024-01-05 20:22:00,2024-01-05 21:24:00,218,184,3,22.58,463.07,46.8,509.87,Cash,1,62.0,20,Friday,January,2024-01-05,False,20.51,10.11
4584,2024-01-28 03:44:00,2024-01-28 04:01:00,254,119,1,18.44,386.65,30.35,417.0,Card,2,17.0,3,Sunday,January,2024-01-28,False,20.97,7.85
4585,2024-01-13 13:02:00,2024-01-13 13:49:00,203,113,1,13.23,291.18,45.97,337.15,Card,2,47.0,13,Saturday,January,2024-01-13,False,22.01,15.79
4586,2024-01-12 19:19:00,2024-01-12 20:39:00,101,249,1,10.69,249.42,29.63,279.05,Card,2,80.0,19,Friday,January,2024-01-12,False,23.33,11.88
4587,2024-01-07 21:41:00,2024-01-07 22:36:00,229,92,1,10.7,233.27,27.18,260.45,Cash,2,55.0,21,Sunday,January,2024-01-07,False,21.8,11.65
4588,2024-01-17 07:10:00,2024-01-17 07:33:00,199,59,2,6.43,185.44,26.09,211.53,Card,2,23.0,7,Wednesday,January,2024-01-17,False,28.84,14.07
4589,2024-01-15 16:13:00,2024-01-15 16:38:00,178,94,1,1.42,82.29,6.06,88.35,Card,2,25.0,16,Monday,January,2024-01-15,False,57.95,7.36
4590,2024-01-04 03:29:00,2024-01-04 04:56:00,130,254,1,14.8,307.46,56.79,364.25,Card,2,87.0,3,Thursday,January,2024-01-04,False,20.77,18.47
4591,2024-01-13 03:59:00,2024-01-13 04:27:00,141,175,1,6.1,167.5,20.06,187.56,Cash,2,28.0,3,Saturday,January,2024-01-13,False,27.46,11.98
4592,2024-01-09 11:12:00,2024-01-09 11:42:00,13,3,1,6.0,161.11,16.91,178.02,Cash,1,30.0,11,Tuesday,January,2024-01-09,False,26.85,10.5
4593,2024-01-06 22:46:00,2024-01-06 23:35:00,217,21,1,4.01,112.9,7.79,120.69,Card,2,49.0,22,Saturday,January,2024-01-06,False,28.15,6.9
4594,2024-01-06 00:26:00,2024-01-06 00:58:00,186,104,1,5.55,167.63,12.6,180.23,Card,2,32.0,0,Saturday,January,2024-01-06,False,30.2,7.52
4595,2024-01-27 08:10:00,2024-01-27 09:36:00,27,209,1,1.76,72.0,13.54,85.54,Card,2,86.0,8,Saturday,January,2024-01-27,False,40.91,18.81
4596,2024-01-15 18:19:00,2024-01-15 18:52:00,218,96,2,17.18,366.58,43.44,410.02,Card,2,33.0,18,Monday,January,2024-01-15,False,21.34,11.85
4597,2024-01-24 16:07:00,2024-01-24 16:28:00,14,93,2,10.63,260.19,41.2,301.39,Cash,1,21.0,16,Wednesday,January,2024-01-24,False,24.48,15.83
4598,2024-01-01 19:01:00,2024-01-01 20:13:00,142,45,1,14.48,307.77,19.11,326.88,Card,1,72.0,19,Monday,January,2024-01-01,False,21.25,6.21
4599,2024-01-04 05:07:00,2024-01-04 05:55:00,55,62,1,16.29,340.85,49.94,390.79,Card,2,48.0,5,Thursday,January,2024-01-04,False,20.92,14.65
4600,2024-01-02 20:50:00,2024-01-02 21:55:00,191,30,1,24.34,478.13,90.0,568.13,Card,2,65.0,20,Tuesday,January,2024-01-02,False,19.64,18.82
4601,2024-01-28 20:11:00,2024-01-28 21:23:00,89,10,1,2.64,89.51,8.5,98.01,Card,1,72.0,20,Sunday,January,2024-01-28,False,33.91,9.5
4602,2024-01-03 06:15:00,2024-01-03 07:33:00,45,6,3,11.03,239.89,32.83,272.72,Card,1,78.0,6,Wednesday,January,2024-01-03,False,21.75,13.69
4603,2024-01-04 14:53:00,2024-01-04 15:22:00,132,19,5,6.9,188.88,36.08,224.96,Cash,1,29.0,14,Thursday,January,2024-01-04,False,27.37,19.1
4604,2024-01-26 14:36:00,2024-01-26 15:47:00,66,12,2,12.44,289.02,45.64,334.66,Card,2,71.0,14,Friday,January,2024-01-26,False,23.23,15.79
4605,2024-01-14 11:24:00,2024-01-14 11:30:00,148,192,1,23.09,477.42,28.33,505.75,Card,1,6.0,11,Sunday,January,2024-01-14,False,20.68,5.93
4606,2024-01-18 15:00:00,2024-01-18 15:53:00,145,103,2,18.38,381.42,40.74,422.16,Card,1,53.0,15,Thursday,January,2024-01-18,False,20.75,10.68
4607,2024-01-18 17:20:00,2024-01-18 18:34:00,6,250,1,16.89,368.66,23.18,391.84,Cash,1,74.0,17,Thursday,January,2024-01-18,False,21.83,6.29
4608,2024-01-14 07:33:00,2024-01-14 08:03:00,82,244,2,11.59,264.81,47.45,312.26,Cash,1,30.0,7,Sunday,January,2024-01-14,False,22.85,17.92
4609,2024-01-17 15:49:00,2024-01-17 17:05:00,123,195,1,17.11,357.11,51.16,408.27,Card,1,76.0,15,Wednesday,January,2024-01-17,False,20.87,14.33
4610,2024-01-30 13:30:00,2024-01-30 14:01:00,167,134,1,1.78,85.16,16.47,101.63,Card,1,31.0,13,Tuesday,January,2024-01-30,False,47.84,19.34
4611,2024-01-18 00:39:00,2024-01-18 01:01:00,237,177,1,15.07,313.23,16.59,329.82,Card,2,22.0,0,Thursday,January,2024-01-18,False,20.79,5.3
4612,2024-01-16 13:59:00,2024-01-16 14:57:00,105,99,1,14.29,325.57,36.94,362.51,Card,2,58.0,13,Tuesday,January,2024-01-16,False,22.78,11.35
4613,2024-01-08 22:13:00,2024-01-08 22:18:00,238,30,2,9.32,226.33,14.86,241.19,Card,1,5.0,22,Monday,January,2024-01-08,False,24.28,6.57
4614,2024-01-11 09:55:00,2024-01-11 11:00:00,82,63,2,5.84,167.06,17.14,184.2,Cash,1,65.0,9,Thursday,January,2024-01-11,False,28.61,10.26
4615,2024-01-17 08:39:00,2024-01-17 08:46:00,94,28,3,20.38,427.14,31.73,458.87,Card,1,7.0,8,Wednesday,January,2024-01-17,False,20.96,7.43
4616,2024-01-17 07:53:00,2024-01-17 09:05:00,66,146,6,2.29,101.25,10.06,111.31,Cash,2,72.0,7,Wednesday,January,2024-01-17,False,44.21,9.94
4617,2024-01-04 11:41:00,2024-01-04 12:26:00,112,69,1,2.67,88.58,15.31,103.89,Card,2,45.0,11,Thursday,January,2024-01-04,False,33.18,17.28
4618,2024-01-23 13:04:00,2024-01-23 13:45:00,171,252,1,11.57,264.02,19.57,283.59,Card,2,41.0,13,Tuesday,January,2024-01-23,False,22.82,7.41
4619,2024-01-15 15:59:00,2024-01-15 16:54:00,247,162,1,7.06,191.73,23.21,214.94,Card,2,55.0,15,Monday,January,2024-01-15,False,27.16,12.11
4620,2024-01-21 08:19:00,2024-01-21 08:38:00,66,110,3,18.89,381.36,71.79,453.15,Card,1,19.0,8,Sunday,January,2024-01-21,False,20.19,18.82
4621,2024-01-28 07:50:00,2024-01-28 08:02:00,68,132,1,16.22,360.64,72.06,432.7,Card,2,12.0,7,Sunday,January,2024-01-28,False,22.23,19.98
4622,2024-01-18 17:17:00,2024-01-18 17:59:00,34,188,1,19.54,404.44,35.43,439.87,Card,1,42.0,17,Thursday,January,2024-01-18,False,20.7,8.76
4623,2024-01-10 02:37:00,2024-01-10 04:04:00,1,20,1,8.79,206.92,39.38,246.3,Card,1,87.0,2,Wednesday,January,2024-01-10,False,23.54,19.03
4624,2024-01-16 10:50:00,2024-01-16 11:50:00,151,177,6,18.77,393.81,35.13,428.94,Card,1,60.0,10,Tuesday,January,2024-01-16,False,20.98,8.92
4625,2024-01-14 03:50:00,2024-01-14 04:41:00,258,99,3,21.7,454.64,50.93,505.57,Cash,1,51.0,3,Sunday,January,2024-01-14,False,20.95,11.2
4626,2024-01-13 01:19:00,2024-01-13 01:33:00,238,247,1,9.29,221.46,40.24,261.7,Cash,1,14.0,1,Saturday,January,2024-01-13,False,23.84,18.17
4627,2024-01-17 09:16:00,2024-01-17 10:38:00,116,18,3,9.16,224.23,37.65,261.88,Card,1,82.0,9,Wednesday,January,2024-01-17,False,24.48,16.79
4628,2024-01-18 17:30:00,2024-01-18 18:23:00,76,125,1,22.6,461.8,82.49,544.29,Cash,1,53.0,17,Thursday,January,2024-01-18,False,20.43,17.86
4629,2024-01-01 21:02:00,2024-01-01 21:47:00,19,153,1,2.19,98.36,16.72,115.08,Card,1,45.0,21,Monday,January,2024-01-01,False,44.91,17.0
4630,2024-01-28 21:10:00,2024-01-28 22:37:00,35,69,2,9.4,213.34,18.19,231.53,Card,2,87.0,21,Sunday,January,2024-01-28,False,22.7,8.53
4631,2024-01-16 16:55:00,2024-01-16 17:29:00,241,146,1,3.85,110.46,14.78,125.24,Card,1,34.0,16,Tuesday,January,2024-01-16,False,28.69,13.38
4632,2024-01-03 07:27:00,2024-01-03 07:36:00,7,45,1,1.7,74.71,8.05,82.76,Cash,2,9.0,7,Wednesday,January,2024-01-03,False,43.95,10.77
4633,2024-01-21 16:08:00,2024-01-21 17:23:00,37,20,3,3.71,115.36,13.72,129.08,Card,1,75.0,16,Sunday,January,2024-01-21,False,31.09,11.89
4634,2024-01-21 00:50:00,2024-01-21 02:17:00,153,247,2,11.35,251.9,18.41,270.31,Card,1,87.0,0,Sunday,January,2024-01-21,False,22.19,7.31
4635,2024-01-30 17:08:00,2024-01-30 17:43:00,245,203,6,17.49,373.28,36.34,409.62,Card,1,35.0,17,Tuesday,January,2024-01-30,False,21.34,9.74
4636,2024-01-12 16:48:00,2024-01-12 17:44:00,250,9,1,7.94,196.6,35.12,231.72,Card,1,56.0,16,Friday,January,2024-01-12,False,24.76,17.86
4637,2024-01-28 11:02:00,2024-01-28 11:29:00,115,180,1,21.39,426.18,78.69,504.87,Card,1,27.0,11,Sunday,January,2024-01-28,False,19.92,18.46
4638,2024-01-11 12:40:00,2024-01-11 13:32:00,41,156,1,11.5,248.05,35.1,283.15,Card,2,52.0,12,Thursday,January,2024-01-11,False,21.57,14.15
4639,2024-01-24 14:38:00,2024-01-24 15:22:00,62,19,3,24.24,479.04,59.76,538.8,Card,1,44.0,14,Wednesday,January,2024-01-24,False,19.76,12.47
4640,2024-01-19 21:50:00,2024-01-19 22:00:00,169,103,1,23.9,480.79,75.45,556.24,Card,2,10.0,21,Friday,January,2024-01-19,False,20.12,15.69
4641,2024-01-07 07:16:00,2024-01-07 07:58:00,142,246,1,19.56,392.27,55.44,447.71,Card,1,42.0,7,Sunday,January,2024-01-07,False,20.05,14.13
4642,2024-01-03 15:25:00,2024-01-03 16:10:00,258,85,1,23.38,475.66,93.97,569.63,Card,2,45.0,15,Wednesday,January,2024-01-03,False,20.34,19.76
4643,2024-01-22 14:05:00,2024-01-22 14:36:00,88,234,2,17.97,374.28,29.39,403.67,Card,2,31.0,14,Monday,January,2024-01-22,False,20.83,7.85
4644,2024-01-11 05:15:00,2024-01-11 06:34:00,48,135,1,22.49,461.48,54.16,515.64,Card,2,79.0,5,Thursday,January,2024-01-11,False,20.52,11.74
4645,2024-01-04 23:50:00,2024-01-05 01:03:00,12,37,1,6.68,181.86,34.14,216.0,Card,1,73.0,23,Thursday,January,2024-01-04,False,27.22,18.77
4646,2024-01-10 04:32:00,2024-01-10 05:33:00,211,92,1,9.29,214.75,40.2,254.95,Card,2,61.0,4,Wednesday,January,2024-01-10,False,23.12,18.72
4647,2024-01-25 22:23:00,2024-01-25 22:44:00,244,17,1,19.07,387.97,48.23,436.2,Card,2,21.0,22,Thursday,January,2024-01-25,False,20.34,12.43
4648,2024-01-05 19:53:00,2024-01-05 21:08:00,239,90,1,11.19,249.76,17.54,267.3,Cash,1,75.0,19,Friday,January,2024-01-05,False,22.32,7.02
4649,2024-01-23 06:53:00,2024-01-23 07:44:00,197,165,1,21.1,419.85,72.32,492.17,Card,1,51.0,6,Tuesday,January,2024-01-23,False,19.9,17.23
4650,2024-01-18 17:00:00,2024-01-18 18:23:00,257,253,3,22.06,440.68,60.71,501.39,Card,1,83.0,17,Thursday,January,2024-01-18,False,19.98,13.78
4651,2024-01-16 13:38:00,2024-01-16 13:55:00,235,81,1,8.19,209.94,34.84,244.78,Cash,2,17.0,13,Tuesday,January,2024-01-16,False,25.63,16.6
4652,2024-01-24 19:54:00,2024-01-24 20:09:00,187,184,1,20.76,420.36,50.18,470.54,Card,1,15.0,19,Wednesday,January,2024-01-24,False,20.25,11.94
4653,2024-01-16 14:09:00,2024-01-16 15:39:00,201,249,1,4.7,154.43,12.44,166.87,Card,1,90.0,14,Tuesday,January,2024-01-16,False,32.86,8.06
4654,2024-01-13 03:18:00,2024-01-13 03:46:00,103,215,5,9.02,207.39,11.12,218.51,Cash,2,28.0,3,Saturday,January,2024-01-13,False,22.99,5.36
4655,2024-01-25 10:19:00,2024-01-25 11:36:00,221,158,1,13.43,305.4,40.88,346.28,Card,1,77.0,10,Thursday,January,2024-01-25,False,22.74,13.39
4656,2024-01-18 14:18:00,2024-01-18 14:26:00,187,179,3,6.43,176.89,13.12,190.01,Card,1,8.0,14,Thursday,January,2024-01-18,False,27.51,7.42
4657,2024-01-19 16:19:00,2024-01-19 17:09:00,99,20,3,14.9,317.86,24.82,342.68,Card,1,50.0,16,Friday,January,2024-01-19,False,21.33,7.81
4658,2024-01-03 21:05:00,2024-01-03 21:27:00,245,147,1,14.89,317.94,36.7,354.64,Card,1,22.0,21,Wednesday,January,2024-01-03,False,21.35,11.54
4659,2024-01-23 07:01:00,2024-01-23 07:48:00,22,68,1,5.97,164.37,19.12,183.49,Card,2,47.0,7,Tuesday,January,2024-01-23,False,27.53,11.63
4660,2024-01-02 22:15:00,2024-01-02 23:39:00,68,77,2,20.1,427.37,38.96,466.33,Card,1,84.0,22,Tuesday,January,2024-01-02,False,21.26,9.12
4661,2024-01-22 23:27:00,2024-01-23 00:04:00,65,102,2,16.16,342.47,23.9,366.37,Cash,2,37.0,23,Monday,January,2024-01-22,False,21.19,6.98
4662,2024-01-14 13:39:00,2024-01-14 13:53:00,217,140,2,8.63,197.18,37.81,234.99,Cash,1,14.0,13,Sunday,January,2024-01-14,False,22.85,19.18
4663,2024-01-26 12:18:00,2024-01-26 13:35:00,29,73,3,6.57,169.49,11.82,181.31,Card,2,77.0,12,Friday,January,2024-01-26,False,25.8,6.97
4664,2024-01-19 11:36:00,2024-01-19 12:39:00,193,207,1,22.09,443.84,45.55,489.39,Cash,2,63.0,11,Friday,January,2024-01-19,False,20.09,10.26
4665,2024-01-10 19:19:00,2024-01-10 19:54:00,56,213,2,21.06,447.26,42.82,490.08,Card,1,35.0,19,Wednesday,January,2024-01-10,False,21.24,9.57
4666,2024-01-18 11:19:00,2024-01-18 11:51:00,212,79,1,6.51,178.1,32.05,210.15,Card,1,32.0,11,Thursday,January,2024-01-18,False,27.36,18.0
4667,2024-01-26 18:19:00,2024-01-26 19:23:00,238,113,1,1.85,74.82,8.34,83.16,Cash,1,64.0,18,Friday,January,2024-01-26,False,40.44,11.15
4668,2024-01-08 03:35:00,2024-01-08 03:42:00,200,253,2,20.31,414.37,28.43,442.8,Card,2,7.0,3,Monday,January,2024-01-08,False,20.4,6.86
4669,2024-01-25 02:30:00,2024-01-25 03:29:00,178,133,1,15.77,325.37,16.77,342.14,Card,2,59.0,2,Thursday,January,2024-01-25,False,20.63,5.15
4670,2024-01-18 03:25:00,2024-01-18 03:43:00,153,197,1,3.42,126.46,20.02,146.48,Card,1,18.0,3,Thursday,January,2024-01-18,False,36.98,15.83
4671,2024-01-18 16:39:00,2024-01-18 17:41:00,44,25,1,15.1,338.99,53.28,392.27,Card,2,62.0,16,Thursday,January,2024-01-18,False,22.45,15.72
4672,2024-01-24 08:29:00,2024-01-24 08:48:00,168,101,1,11.85,256.67,28.92,285.59,Card,1,19.0,8,Wednesday,January,2024-01-24,False,21.66,11.27
4673,2024-01-30 04:43:00,2024-01-30 04:49:00,197,245,3,19.59,405.83,27.98,433.81,Card,1,6.0,4,Tuesday,January,2024-01-30,False,20.72,6.89
4674,2024-01-12 19:53:00,2024-01-12 20:21:00,74,31,1,6.02,176.32,18.64,194.96,Cash,1,28.0,19,Friday,January,2024-01-12,False,29.29,10.57
4675,2024-01-26 15:02:00,2024-01-26 16:24:00,171,256,2,11.88,258.2,35.76,293.96,Card,1,82.0,15,Friday,January,2024-01-26,False,21.73,13.85
4676,2024-01-11 16:48:00,2024-01-11 17:56:00,183,206,1,4.75,134.26,20.89,155.15,Card,2,68.0,16,Thursday,January,2024-01-11,False,28.27,15.56
4677,2024-01-13 02:20:00,2024-01-13 03:35:00,16,68,1,23.98,480.77,29.68,510.45,Card,1,75.0,2,Saturday,January,2024-01-13,False,20.05,6.17
4678,2024-01-12 08:31:00,2024-01-12 08:59:00,68,215,1,19.69,395.32,52.75,448.07,Card,2,28.0,8,Friday,January,2024-01-12,False,20.08,13.34
4679,2024-01-03 20:51:00,2024-01-03 21:22:00,42,122,1,18.68,377.33,34.49,411.82,Cash,1,31.0,20,Wednesday,January,2024-01-03,False,20.2,9.14
4680,2024-01-08 21:09:00,2024-01-08 21:50:00,110,46,1,17.56,384.66,54.85,439.51,Cash,1,41.0,21,Monday,January,2024-01-08,False,21.91,14.26
4681,2024-01-27 13:05:00,2024-01-27 13:48:00,41,69,3,11.16,258.01,37.98,295.99,Card,2,43.0,13,Saturday,January,2024-01-27,False,23.12,14.72
4682,2024-01-27 23:27:00,2024-01-28 00:34:00,6,27,1,23.16,466.08,86.97,553.05,Card,2,67.0,23,Saturday,January,2024-01-27,False,20.12,18.66
4683,2024-01-09 15:33:00,2024-01-09 16:56:00,181,171,1,2.75,100.86,11.25,112.11,Cash,1,83.0,15,Tuesday,January,2024-01-09,False,36.68,11.15
4684,2024-01-14 01:34:00,2024-01-14 02:04:00,185,245,1,20.28,426.49,55.72,482.21,Card,1,30.0,1,Sunday,January,2024-01-14,False,21.03,13.06
4685,2024-01-13 16:23:00,2024-01-13 17:32:00,144,249,1,6.17,162.06,14.62,176.68,Card,2,69.0,16,Saturday,January,2024-01-13,False,26.27,9.02
4686,2024-01-09 10:38:00,2024-01-09 10:46:00,100,2,1,8.78,204.87,19.05,223.92,Card,2,8.0,10,Tuesday,January,2024-01-09,False,23.33,9.3
4687,2024-01-11 22:15:00,2024-01-11 22:48:00,90,20,2,13.47,285.52,16.25,301.77,Cash,2,33.0,22,Thursday,January,2024-01-11,False,21.2,5.69
4688,2024-01-11 23:50:00,2024-01-11 23:55:00,246,257,1,19.78,417.91,38.83,456.74,Card,1,5.0,23,Thursday,January,2024-01-11,False,21.13,9.29
4689,2024-01-17 14:46:00,2024-01-17 15:40:00,239,249,1,21.12,425.58,25.35,450.93,Card,1,54.0,14,Wednesday,January,2024-01-17,False,20.15,5.96
4690,2024-01-25 03:39:00,2024-01-25 05:09:00,212,153,2,15.01,312.27,60.76,373.03,Card,1,90.0,3,Thursday,January,2024-01-25,False,20.8,19.46
4691,2024-01-03 08:13:00,2024-01-03 08:28:00,81,137,1,10.67,244.87,35.17,280.04,Card,1,15.0,8,Wednesday,January,2024-01-03,False,22.95,14.36
4692,2024-01-08 04:15:00,2024-01-08 05:33:00,115,222,1,23.72,468.15,35.57,503.72,Cash,2,78.0,4,Monday,January,2024-01-08,False,19.74,7.6
4693,2024-01-17 11:41:00,2024-01-17 12:44:00,80,211,2,6.92,193.51,13.06,206.57,Card,2,63.0,11,Wednesday,January,2024-01-17,False,27.96,6.75
4694,2024-01-08 10:12:00,2024-01-08 11:18:00,56,189,2,20.27,423.68,44.71,468.39,Card,2,66.0,10,Monday,January,2024-01-08,False,20.9,10.55
4695,2024-01-24 15:37:00,2024-01-24 17:02:00,179,232,1,15.69,327.0,31.44,358.44,Card,2,85.0,15,Wednesday,January,2024-01-24,False,20.84,9.61
4696,2024-01-02 00:07:00,2024-01-02 00:47:00,49,136,2,10.05,226.07,20.77,246.84,Cash,2,40.0,0,Tuesday,January,2024-01-02,False,22.49,9.19
4697,2024-01-14 14:23:00,2024-01-14 15:23:00,260,16,1,1.03,75.63,9.09,84.72,Card,2,60.0,14,Sunday,January,2024-01-14,False,73.43,12.02
4698,2024-01-16 19:25:00,2024-01-16 19:50:00,30,114,2,11.72,261.66,48.91,310.57,Card,1,25.0,19,Tuesday,January,2024-01-16,False,22.33,18.69
4699,2024-01-17 14:26:00,2024-01-17 14:43:00,252,73,4,7.64,200.75,27.14,227.89,Card,1,17.0,14,Wednesday,January,2024-01-17,False,26.28,13.52
4700,2024-01-14 14:07:00,2024-01-14 14:20:00,63,224,1,3.5,119.37,15.3,134.67,Card,2,13.0,14,Sunday,January,2024-01-14,False,34.11,12.82
4701,2024-01-10 19:39:00,2024-01-10 19:54:00,82,34,1,2.8,103.4,17.68,121.08,Cash,2,15.0,19,Wednesday,January,2024-01-10,False,36.93,17.1
4702,2024-01-27 13:10:00,2024-01-27 14:29:00,169,245,1,9.34,237.01,11.99,249.0,Cash,1,79.0,13,Saturday,January,2024-01-27,False,25.38,5.06
4703,2024-01-14 13:20:00,2024-01-14 14:34:00,158,238,1,15.75,335.22,26.69,361.91,Card,2,74.0,13,Sunday,January,2024-01-14,False,21.28,7.96
4704,2024-01-14 16:22:00,2024-01-14 16:27:00,56,18,1,21.1,431.82,53.73,485.55,Card,1,5.0,16,Sunday,January,2024-01-14,False,20.47,12.44
4705,2024-01-18 18:06:00,2024-01-18 19:20:00,142,44,2,5.41,157.35,24.51,181.86,Card,1,74.0,18,Thursday,January,2024-01-18,False,29.09,15.58
4706,2024-01-06 07:37:00,2024-01-06 08:58:00,149,143,1,11.19,265.7,32.62,298.32,Card,2,81.0,7,Saturday,January,2024-01-06,False,23.74,12.28
4707,2024-01-27 04:08:00,2024-01-27 05:38:00,226,15,1,10.41,246.17,18.35,264.52,Card,2,90.0,4,Saturday,January,2024-01-27,False,23.65,7.45
4708,2024-01-21 22:14:00,2024-01-21 23:14:00,25,93,2,13.32,300.72,56.99,357.71,Card,1,60.0,22,Sunday,January,2024-01-21,False,22.58,18.95
4709,2024-01-08 04:25:00,2024-01-08 05:00:00,178,215,2,20.43,418.93,41.6,460.53,Cash,1,35.0,4,Monday,January,2024-01-08,False,20.51,9.93
4710,2024-01-29 14:25:00,2024-01-29 15:55:00,95,249,1,14.29,311.6,52.42,364.02,Cash,2,90.0,14,Monday,January,2024-01-29,False,21.81,16.82
4711,2024-01-20 00:53:00,2024-01-20 01:34:00,53,71,2,21.32,429.67,78.94,508.61,Cash,1,41.0,0,Saturday,January,2024-01-20,False,20.15,18.37
4712,2024-01-04 14:48:00,2024-01-04 15:39:00,70,109,4,13.45,302.51,30.85,333.36,Card,2,51.0,14,Thursday,January,2024-01-04,False,22.49,10.2
4713,2024-01-24 05:35:00,2024-01-24 06:57:00,176,160,1,15.49,325.46,57.54,383.0,Cash,1,82.0,5,Wednesday,January,2024-01-24,False,21.01,17.68
4714,2024-01-20 10:58:00,2024-01-20 11:49:00,132,171,1,11.5,247.04,38.69,285.73,Card,2,51.0,10,Saturday,January,2024-01-20,False,21.48,15.66
4715,2024-01-06 14:40:00,2024-01-06 15:53:00,213,13,2,20.75,441.51,81.96,523.47,Card,1,73.0,14,Saturday,January,2024-01-06,False,21.28,18.56
4716,2024-01-16 05:02:00,2024-01-16 06:04:00,211,220,2,23.17,466.24,40.89,507.13,Cash,2,62.0,5,Tuesday,January,2024-01-16,False,20.12,8.77
4717,2024-01-07 14:06:00,2024-01-07 14:46:00,64,185,1,16.34,340.02,64.5,404.52,Cash,2,40.0,14,Sunday,January,2024-01-07,False,20.81,18.97
4718,2024-01-27 23:42:00,2024-01-28 00:18:00,35,209,1,20.7,420.64,25.15,445.79,Cash,2,36.0,23,Saturday,January,2024-01-27,False,20.32,5.98
4719,2024-01-15 16:38:00,2024-01-15 17:46:00,12,106,2,2.42,93.47,15.8,109.27,Cash,2,68.0,16,Monday,January,2024-01-15,False,38.62,16.9
4720,2024-01-29 02:20:00,2024-01-29 03:35:00,248,212,5,22.75,463.74,53.49,517.23,Card,2,75.0,2,Monday,January,2024-01-29,False,20.38,11.53
4721,2024-01-25 21:51:00,2024-01-25 22:37:00,112,232,2,5.53,141.62,10.86,152.48,Card,1,46.0,21,Thursday,January,2024-01-25,False,25.61,7.67
4722,2024-01-25 10:48:00,2024-01-25 11:40:00,91,213,5,7.16,170.46,10.55,181.01,Cash,1,52.0,10,Thursday,January,2024-01-25,False,23.81,6.19
4723,2024-01-15 05:59:00,2024-01-15 07:17:00,29,196,2,2.28,89.83,9.74,99.57,Card,2,78.0,5,Monday,January,2024-01-15,False,39.4,10.84
4724,2024-01-22 18:59:00,2024-01-22 20:24:00,12,249,4,24.17,483.93,52.46,536.39,Card,1,85.0,18,Monday,January,2024-01-22,False,20.02,10.84
4725,2024-01-20 16:58:00,2024-01-20 17:32:00,147,217,2,21.45,429.63,36.3,465.93,Cash,1,34.0,16,Saturday,January,2024-01-20,False,20.03,8.45
4726,2024-01-28 16:52:00,2024-01-28 17:17:00,137,263,4,22.92,464.7,38.26,502.96,Cash,2,25.0,16,Sunday,January,2024-01-28,False,20.27,8.23
4727,2024-01-10 17:51:00,2024-01-10 18:55:00,157,170,1,21.33,432.46,47.54,480.0,Card,1,64.0,17,Wednesday,January,2024-01-10,False,20.27,10.99
4728,2024-01-11 02:16:00,2024-01-11 02:33:00,259,156,3,12.51,265.96,29.66,295.62,Cash,1,17.0,2,Thursday,January,2024-01-11,False,21.26,11.15
4729,2024-01-01 07:26:00,2024-01-01 07:31:00,87,70,1,23.18,483.81,56.29,540.1,Card,1,5.0,7,Monday,January,2024-01-01,False,20.87,11.63
4730,2024-01-26 11:23:00,2024-01-26 12:32:00,158,234,1,24.27,503.44,90.78,594.22,Cash,2,69.0,11,Friday,January,2024-01-26,False,20.74,18.03
4731,2024-01-13 05:38:00,2024-01-13 06:15:00,186,54,1,13.06,281.36,39.87,321.23,Card,1,37.0,5,Saturday,January,2024-01-13,False,21.54,14.17
4732,2024-01-05 13:47:00,2024-01-05 14:29:00,229,170,1,5.21,138.67,7.36,146.03,Card,1,42.0,13,Friday,January,2024-01-05,False,26.62,5.31
4733,2024-01-22 20:40:00,2024-01-22 21:09:00,4,36,1,16.81,359.0,45.9,404.9,Cash,2,29.0,20,Monday,January,2024-01-22,False,21.36,12.79
4734,2024-01-23 21:54:00,2024-01-23 22:24:00,57,259,6,24.41,498.3,81.9,580.2,Cash,1,30.0,21,Tuesday,January,2024-01-23,False,20.41,16.44
4735,2024-01-15 06:07:00,2024-01-15 07:28:00,28,251,2,21.93,463.47,27.1,490.57,Cash,2,81.0,6,Monday,January,2024-01-15,False,21.13,5.85
4736,2024-01-17 08:49:00,2024-01-17 09:52:00,16,13,4,21.68,441.56,50.07,491.63,Cash,1,63.0,8,Wednesday,January,2024-01-17,False,20.37,11.34
4737,2024-01-08 17:51:00,2024-01-08 18:28:00,13,159,6,23.41,479.93,56.48,536.41,Card,2,37.0,17,Monday,January,2024-01-08,False,20.5,11.77
4738,2024-01-04 20:38:00,2024-01-04 21:23:00,200,29,1,22.45,470.45,90.85,561.3,Card,2,45.0,20,Thursday,January,2024-01-04,False,20.96,19.31
4739,2024-01-23 21:14:00,2024-01-23 21:48:00,184,57,1,19.63,406.84,49.37,456.21,Cash,2,34.0,21,Tuesday,January,2024-01-23,False,20.73,12.13
4740,2024-01-25 12:23:00,2024-01-25 13:24:00,158,161,1,18.24,371.99,60.44,432.43,Cash,1,61.0,12,Thursday,January,2024-01-25,False,20.39,16.25
4741,2024-01-25 02:20:00,2024-01-25 03:13:00,259,230,1,7.35,183.62,17.52,201.14,Card,2,53.0,2,Thursday,January,2024-01-25,False,24.98,9.54
4742,2024-01-20 02:20:00,2024-01-20 03:12:00,157,193,2,15.91,330.48,55.16,385.64,Card,1,52.0,2,Saturday,January,2024-01-20,False,20.77,16.69
4743,2024-01-02 09:52:00,2024-01-02 11:08:00,94,108,1,13.52,283.86,27.93,311.79,Card,1,76.0,9,Tuesday,January,2024-01-02,False,21.0,9.84
4744,2024-01-01 20:52:00,2024-01-01 21:45:00,21,258,1,21.69,452.97,51.87,504.84,Card,1,53.0,20,Monday,January,2024-01-01,False,20.88,11.45
4745,2024-01-04 19:49:00,2024-01-04 20:40:00,127,110,1,12.8,277.55,33.84,311.39,Cash,1,51.0,19,Thursday,January,2024-01-04,False,21.68,12.19
4746,2024-01-27 06:42:00,2024-01-27 07:42:00,112,130,1,4.07,113.32,21.41,134.73,Card,2,60.0,6,Saturday,January,2024-01-27,False,27.84,18.89
4747,2024-01-10 15:40:00,2024-01-10 16:49:00,234,123,1,1.12,86.33,5.01,91.34,Card,2,69.0,15,Wednesday,January,2024-01-10,False,77.08,5.8
4748,2024-01-11 02:03:00,2024-01-11 02:19:00,34,116,3,17.27,364.17,28.96,393.13,Cash,2,16.0,2,Thursday,January,2024-01-11,False,21.09,7.95
4749,2024-01-02 07:21:00,2024-01-02 08:34:00,80,230,1,14.2,302.77,47.19,349.96,Card,1,73.0,7,Tuesday,January,2024-01-02,False,21.32,15.59
4750,2024-01-23 22:37:00,2024-01-23 22:47:00,83,233,1,8.94,208.8,28.53,237.33,Cash,2,10.0,22,Tuesday,January,2024-01-23,False,23.36,13.66
4751,2024-01-02 03:10:00,2024-01-02 04:19:00,29,234,1,5.06,138.3,12.13,150.43,Card,1,69.0,3,Tuesday,January,2024-01-02,False,27.33,8.77
4752,2024-01-15 10:29:00,2024-01-15 10:58:00,131,191,2,12.2,265.44,24.79,290.23,Card,1,29.0,10,Monday,January,2024-01-15,False,21.76,9.34
4753,2024-01-16 15:23:00,2024-01-16 15:28:00,11,25,1,3.41,126.62,13.31,139.93,Card,2,5.0,15,Tuesday,January,2024-01-16,False,37.13,10.51
4754,2024-01-13 11:18:00,2024-01-13 11:54:00,62,166,1,9.07,208.37,24.49,232.86,Card,2,36.0,11,Saturday,January,2024-01-13,False,22.97,11.75
4755,2024-01-02 04:15:00,2024-01-02 04:22:00,33,210,1,10.1,238.66,41.22,279.88,Card,1,7.0,4,Tuesday,January,2024-01-02,False,23.63,17.27
4756,2024-01-11 07:01:00,2024-01-11 07:54:00,136,27,4,12.17,261.38,13.61,274.99,Cash,1,53.0,7,Thursday,January,2024-01-11,False,21.48,5.21
4757,2024-01-03 06:22:00,2024-01-03 06:45:00,88,178,4,12.2,288.09,53.21,341.3,Card,2,23.0,6,Wednesday,January,2024-01-03,False,23.61,18.47
4758,2024-01-02 00:05:00,2024-01-02 01:09:00,17,44,1,7.17,187.16,20.95,208.11,Card,2,64.0,0,Tuesday,January,2024-01-02,False,26.1,11.19
4759,2024-01-12 09:56:00,2024-01-12 10:29:00,91,72,2,21.41,452.47,38.27,490.74,Cash,2,33.0,9,Friday,January,2024-01-12,False,21.13,8.46
4760,2024-01-07 21:49:00,2024-01-07 22:43:00,253,222,1,9.53,223.48,28.22,251.7,Card,1,54.0,21,Sunday,January,2024-01-07,False,23.45,12.63
4761,2024-01-17 15:23:00,2024-01-17 15:29:00,73,228,1,6.51,181.5,27.03,208.53,Cash,1,6.0,15,Wednesday,January,2024-01-17,False,27.88,14.89
4762,2024-01-21 18:52:00,2024-01-21 20:09:00,206,233,1,5.22,159.57,9.05,168.62,Card,2,77.0,18,Sunday,January,2024-01-21,False,30.57,5.67
4763,2024-01-05 19:01:00,2024-01-05 20:01:00,261,254,1,8.74,218.41,34.37,252.78,Card,1,60.0,19,Friday,January,2024-01-05,False,24.99,15.74
4764,2024-01-24 06:07:00,2024-01-24 06:28:00,178,163,2,2.62,89.95,14.76,104.71,Card,1,21.0,6,Wednesday,January,2024-01-24,False,34.33,16.41
4765,2024-01-06 23:17:00,2024-01-07 00:21:00,220,6,4,1.79,72.7,5.45,78.15,Card,2,64.0,23,Saturday,January,2024-01-06,False,40.61,7.5
4766,2024-01-05 18:15:00,2024-01-05 18:55:00,173,47,1,15.52,324.42,24.39,348.81,Card,2,40.0,18,Friday,January,2024-01-05,False,20.9,7.52
4767,2024-01-13 23:18:00,2024-01-14 00:23:00,165,68,1,15.86,329.02,26.51,355.53,Card,1,65.0,23,Saturday,January,2024-01-13,False,20.75,8.06
4768,2024-01-06 17:43:00,2024-01-06 18:04:00,220,254,1,13.71,308.53,52.29,360.82,Card,1,21.0,17,Saturday,January,2024-01-06,False,22.5,16.95
4769,2024-01-18 22:05:00,2024-01-18 22:58:00,161,59,2,19.29,403.93,36.68,440.61,Cash,2,53.0,22,Thursday,January,2024-01-18,False,20.94,9.08
4770,2024-01-19 03:43:00,2024-01-19 05:03:00,248,119,4,1.94,90.7,15.36,106.06,Cash,2,80.0,3,Friday,January,2024-01-19,False,46.75,16.93
4771,2024-01-09 05:54:00,2024-01-09 06:58:00,71,186,3,23.46,469.87,61.59,531.46,Card,2,64.0,5,Tuesday,January,2024-01-09,False,20.03,13.11
4772,2024-01-20 02:49:00,2024-01-20 03:13:00,92,48,2,3.28,103.68,17.12,120.8,Card,2,24.0,2,Saturday,January,2024-01-20,False,31.61,16.51
4773,2024-01-15 11:46:00,2024-01-15 12:40:00,245,191,1,17.18,355.44,47.29,402.73,Card,2,54.0,11,Monday,January,2024-01-15,False,20.69,13.3
4774,2024-01-10 18:39:00,2024-01-10 18:46:00,24,172,2,4.2,127.61,12.81,140.42,Card,1,7.0,18,Wednesday,January,2024-01-10,False,30.38,10.04
4775,2024-01-06 00:43:00,2024-01-06 01:30:00,45,46,1,22.12,460.36,85.91,546.27,Cash,2,47.0,0,Saturday,January,2024-01-06,False,20.81,18.66
4776,2024-01-21 17:52:00,2024-01-21 18:53:00,189,143,5,13.26,286.32,45.04,331.36,Card,2,61.0,17,Sunday,January,2024-01-21,False,21.59,15.73
4777,2024-01-07 06:18:00,2024-01-07 07:12:00,83,246,1,2.98,114.6,14.05,128.65,Card,1,54.0,6,Sunday,January,2024-01-07,False,38.46,12.26
4778,2024-01-09 09:40:00,2024-01-09 10:52:00,222,216,2,15.8,339.15,49.39,388.54,Card,2,72.0,9,Tuesday,January,2024-01-09,False,21.47,14.56
4779,2024-01-14 18:00:00,2024-01-14 19:25:00,219,176,1,1.22,88.52,12.6,101.12,Card,1,85.0,18,Sunday,January,2024-01-14,False,72.56,14.23
4780,2024-01-19 16:30:00,2024-01-19 17:24:00,218,145,1,19.62,400.15,41.5,441.65,Cash,2,54.0,16,Friday,January,2024-01-19,False,20.4,10.37
4781,2024-01-21 10:37:00,2024-01-21 11:18:00,190,35,2,16.61,352.51,40.03,392.54,Card,1,41.0,10,Sunday,January,2024-01-21,False,21.22,11.36
4782,2024-01-27 02:28:00,2024-01-27 03:18:00,67,132,2,6.1,152.7,14.92,167.62,Card,1,50.0,2,Saturday,January,2024-01-27,False,25.03,9.77
4783,2024-01-08 15:21:00,2024-01-08 16:07:00,31,153,2,9.99,229.87,45.96,275.83,Card,2,46.0,15,Monday,January,2024-01-08,False,23.01,19.99
4784,2024-01-14 20:22:00,2024-01-14 20:41:00,250,48,2,1.19,76.63,10.5,87.13,Card,2,19.0,20,Sunday,January,2024-01-14,False,64.39,13.7
4785,2024-01-15 11:42:00,2024-01-15 12:19:00,54,168,1,17.65,379.68,24.23,403.91,Card,1,37.0,11,Monday,January,2024-01-15,False,21.51,6.38
4786,2024-01-09 02:29:00,2024-01-09 03:53:00,10,178,3,8.74,203.26,25.99,229.25,Cash,1,84.0,2,Tuesday,January,2024-01-09,False,23.26,12.79
4787,2024-01-12 01:16:00,2024-01-12 01:31:00,166,263,3,14.72,311.5,17.91,329.41,Card,2,15.0,1,Friday,January,2024-01-12,False,21.16,5.75
4788,2024-01-08 13:18:00,2024-01-08 13:42:00,153,95,1,23.96,490.23,45.74,535.97,Card,1,24.0,13,Monday,January,2024-01-08,False,20.46,9.33
4789,2024-01-03 01:45:00,2024-01-03 02:13:00,32,230,3,8.19,198.89,23.25,222.14,Card,1,28.0,1,Wednesday,January,2024-01-03,False,24.28,11.69
4790,2024-01-23 11:29:00,2024-01-23 12:37:00,17,191,5,24.77,500.32,65.11,565.43,Card,1,68.0,11,Tuesday,January,2024-01-23,False,20.2,13.01
4791,2024-01-06 15:12:00,2024-01-06 16:36:00,146,144,2,16.19,356.5,70.03,426.53,Cash,2,84.0,15,Saturday,January,2024-01-06,False,22.02,19.64
4792,2024-01-29 15:15:00,2024-01-29 16:24:00,75,164,1,6.81,177.55,35.04,212.59,Card,1,69.0,15,Monday,January,2024-01-29,False,26.07,19.74
4793,2024-01-14 03:31:00,2024-01-14 04:48:00,124,19,2,11.48,266.21,17.23,283.44,Card,2,77.0,3,Sunday,January,2024-01-14,False,23.19,6.47
4794,2024-01-19 23:40:00,2024-01-20 01:10:00,52,68,1,18.77,397.56,51.97,449.53,Card,1,90.0,23,Friday,January,2024-01-19,False,21.18,13.07
4795,2024-01-01 05:36:00,2024-01-01 06:56:00,190,98,2,11.72,275.07,47.47,322.54,Card,1,80.0,5,Monday,January,2024-01-01,False,23.47,17.26
4796,2024-01-30 19:33:00,2024-01-30 19:54:00,141,7,1,2.64,106.66,9.14,115.8,Cash,2,21.0,19,Tuesday,January,2024-01-30,False,40.4,8.57
4797,2024-01-14 10:43:00,2024-01-14 11:48:00,88,177,4,5.05,132.84,21.6,154.44,Card,2,65.0,10,Sunday,January,2024-01-14,False,26.3,16.26
4798,2024-01-03 18:08:00,2024-01-03 18:27:00,84,206,2,19.99,410.09,74.55,484.64,Card,2,19.0,18,Wednesday,January,2024-01-03,False,20.51,18.18
4799,2024-01-24 09:18:00,2024-01-24 10:13:00,243,229,1,16.56,367.76,54.93,422.69,Card,1,55.0,9,Wednesday,January,2024-01-24,False,22.21,14.94
4800,2024-01-12 07:19:00,2024-01-12 07:50:00,106,119,2,14.68,310.14,30.75,340.89,Card,1,31.0,7,Friday,January,2024-01-12,False,21.13,9.91
4801,2024-01-03 04:09:00,2024-01-03 05:39:00,92,81,1,5.02,147.96,27.89,175.85,Card,2,90.0,4,Wednesday,January,2024-01-03,False,29.47,18.85
4802,2024-01-27 12:55:00,2024-01-27 14:13:00,21,160,1,21.11,445.27,81.27,526.54,Cash,1,78.0,12,Saturday,January,2024-01-27,False,21.09,18.25
4803,2024-01-28 00:17:00,2024-01-28 01:22:00,6,188,1,24.06,490.68,77.22,567.9,Card,2,65.0,0,Sunday,January,2024-01-28,False,20.39,15.74
4804,2024-01-05 01:30:00,2024-01-05 02:32:00,221,188,1,1.98,86.81,9.08,95.89,Card,1,62.0,1,Friday,January,2024-01-05,False,43.84,10.46
4805,2024-01-15 07:08:00,2024-01-15 07:43:00,87,194,5,2.87,94.07,15.88,109.95,Card,2,35.0,7,Monday,January,2024-01-15,False,32.78,16.88
4806,2024-01-28 22:14:00,2024-01-28 22:30:00,180,260,1,22.23,450.99,43.93,494.92,Card,2,16.0,22,Sunday,January,2024-01-28,False,20.29,9.74
4807,2024-01-09 07:09:00,2024-01-09 07:59:00,246,191,2,20.57,415.72,36.56,452.28,Card,1,50.0,7,Tuesday,January,2024-01-09,False,20.21,8.79
4808,2024-01-06 21:59:00,2024-01-06 22:34:00,174,106,1,15.83,353.77,45.02,398.79,Cash,2,35.0,21,Saturday,January,2024-01-06,False,22.35,12.73
4809,2024-01-19 07:35:00,2024-01-19 08:11:00,113,129,2,23.68,487.69,97.33,585.02,Cash,2,36.0,7,Friday,January,2024-01-19,False,20.6,19.96
4810,2024-01-23 23:22:00,2024-01-23 23:58:00,71,97,2,16.51,359.66,61.38,421.04,Card,2,36.0,23,Tuesday,January,2024-01-23,False,21.78,17.07
4811,2024-01-09 03:37:00,2024-01-09 04:34:00,158,64,1,6.18,164.32,26.2,190.52,Cash,2,57.0,3,Tuesday,January,2024-01-09,False,26.59,15.94
4812,2024-01-01 18:54:00,2024-01-01 19:59:00,237,128,5,18.49,376.12,44.31,420.43,Card,2,65.0,18,Monday,January,2024-01-01,False,20.34,11.78
4813,2024-01-08 14:18:00,2024-01-08 15:08:00,187,223,1,16.5,345.0,33.39,378.39,Card,1,50.0,14,Monday,January,2024-01-08,False,20.91,9.68
4814,2024-01-18 00:06:00,2024-01-18 01:35:00,243,104,2,24.66,491.67,87.71,579.38,Card,2,89.0,0,Thursday,January,2024-01-18,False,19.94,17.84
4815,2024-01-19 02:56:00,2024-01-19 04:14:00,166,152,1,6.13,164.94,22.29,187.23,Card,1,78.0,2,Friday,January,2024-01-19,False,26.91,13.51
4816,2024-01-29 13:15:00,2024-01-29 14:39:00,34,114,1,15.35,330.13,56.78,386.91,Cash,2,84.0,13,Monday,January,2024-01-29,False,21.51,17.2
4817,2024-01-04 21:12:00,2024-01-04 21:23:00,255,55,3,19.72,407.96,50.25,458.21,Card,1,11.0,21,Thursday,January,2024-01-04,False,20.69,12.32
4818,2024-01-13 13:48:00,2024-01-13 13:56:00,220,121,2,9.14,219.4,35.78,255.18,Card,2,8.0,13,Saturday,January,2024-01-13,False,24.0,16.31
4819,2024-01-12 23:50:00,2024-01-13 00:46:00,32,217,1,10.11,251.59,45.33,296.92,Card,1,56.0,23,Friday,January,2024-01-12,False,24.89,18.02
4820,2024-01-20 04:49:00,2024-01-20 05:24:00,257,123,4,22.31,450.53,48.98,499.51,Card,2,35.0,4,Saturday,January,2024-01-20,False,20.19,10.87
4821,2024-01-08 15:17:00,2024-01-08 16:36:00,233,3,1,10.7,251.06,13.06,264.12,Card,2,79.0,15,Monday,January,2024-01-08,False,23.46,5.2
4822,2024-01-24 06:09:00,2024-01-24 07:37:00,215,92,2,15.99,335.01,29.56,364.57,Cash,1,88.0,6,Wednesday,January,2024-01-24,False,20.95,8.82
4823,2024-01-07 07:44:00,2024-01-07 08:24:00,242,164,1,22.34,456.12,85.4,541.52,Card,1,40.0,7,Sunday,January,2024-01-07,False,20.42,18.72
4824,2024-01-01 14:30:00,2024-01-01 15:28:00,245,119,2,6.04,154.72,23.69,178.41,Card,1,58.0,14,Monday,January,2024-01-01,False,25.62,15.31
4825,2024-01-20 22:04:00,2024-01-20 23:02:00,20,61,1,24.57,499.01,80.13,579.14,Card,2,58.0,22,Saturday,January,2024-01-20,False,20.31,16.06
4826,2024-01-28 10:39:00,2024-01-28 11:00:00,210,214,1,17.85,369.25,36.48,405.73,Card,1,21.0,10,Sunday,January,2024-01-28,False,20.69,9.88
4827,2024-01-24 23:24:00,2024-01-25 00:43:00,210,247,5,12.91,273.48,42.44,315.92,Card,2,79.0,23,Wednesday,January,2024-01-24,False,21.18,15.52
4828,2024-01-22 11:57:00,2024-01-22 12:31:00,72,235,1,11.34,268.58,39.47,308.05,Card,1,34.0,11,Monday,January,2024-01-22,False,23.68,14.7
4829,2024-01-24 12:45:00,2024-01-24 13:11:00,162,78,1,23.9,474.05,36.39,510.44,Cash,2,26.0,12,Wednesday,January,2024-01-24,False,19.83,7.68
4830,2024-01-25 17:16:00,2024-01-25 18:03:00,178,24,1,5.94,157.96,30.85,188.81,Card,2,47.0,17,Thursday,January,2024-01-25,False,26.59,19.53
4831,2024-01-21 17:46:00,2024-01-21 18:17:00,11,101,1,8.48,206.96,21.34,228.3,Card,1,31.0,17,Sunday,January,2024-01-21,False,24.41,10.31
4832,2024-01-22 07:16:00,2024-01-22 07:57:00,8,251,1,8.39,203.99,20.28,224.27,Card,2,41.0,7,Monday,January,2024-01-22,False,24.31,9.94
4833,2024-01-10 15:18:00,2024-01-10 16:08:00,193,123,1,7.94,204.69,21.57,226.26,Card,2,50.0,15,Wednesday,January,2024-01-10,False,25.78,10.54
4834,2024-01-28 14:40:00,2024-01-28 15:19:00,259,215,1,12.24,278.22,17.74,295.96,Card,1,39.0,14,Sunday,January,2024-01-28,False,22.73,6.38
4835,2024-01-20 03:19:00,2024-01-20 03:27:00,53,262,2,24.74,494.18,71.04,565.22,Card,1,8.0,3,Saturday,January,2024-01-20,False,19.97,14.38
4836,2024-01-05 16:51:00,2024-01-05 18:15:00,96,123,2,22.33,443.49,38.05,481.54,Card,1,84.0,16,Friday,January,2024-01-05,False,19.86,8.58
4837,2024-01-12 11:26:00,2024-01-12 12:50:00,92,252,5,8.87,222.69,37.97,260.66,Card,1,84.0,11,Friday,January,2024-01-12,False,25.11,17.05
4838,2024-01-21 18:16:00,2024-01-21 19:45:00,144,158,2,11.15,251.28,27.42,278.7,Card,1,89.0,18,Sunday,January,2024-01-21,False,22.54,10.91
4839,2024-01-23 04:03:00,2024-01-23 04:33:00,18,149,1,17.07,373.95,44.42,418.37,Card,2,30.0,4,Tuesday,January,2024-01-23,False,21.91,11.88
4840,2024-01-26 03:23:00,2024-01-26 03:46:00,126,65,1,1.41,77.23,11.35,88.58,Cash,2,23.0,3,Friday,January,2024-01-26,False,54.77,14.7
4841,2024-01-28 08:30:00,2024-01-28 09:55:00,154,4,2,20.68,433.77,71.26,505.03,Cash,2,85.0,8,Sunday,January,2024-01-28,False,20.98,16.43
4842,2024-01-09 22:12:00,2024-01-09 23:01:00,6,174,2,22.12,466.35,39.48,505.83,Cash,2,49.0,22,Tuesday,January,2024-01-09,False,21.08,8.47
4843,2024-01-02 06:48:00,2024-01-02 07:18:00,88,136,1,21.57,447.79,87.29,535.08,Card,1,30.0,6,Tuesday,January,2024-01-02,False,20.76,19.49
4844,2024-01-22 13:07:00,2024-01-22 13:33:00,65,244,1,10.0,232.4,33.31,265.71,Card,1,26.0,13,Monday,January,2024-01-22,False,23.24,14.33
4845,2024-01-25 15:04:00,2024-01-25 16:06:00,166,60,2,12.09,274.64,13.96,288.6,Card,2,62.0,15,Thursday,January,2024-01-25,False,22.72,5.08
4846,2024-01-24 22:45:00,2024-01-24 23:52:00,64,45,2,1.3,79.7,8.95,88.65,Card,2,67.0,22,Wednesday,January,2024-01-24,False,61.31,11.23
4847,2024-01-14 12:16:00,2024-01-14 12:48:00,145,72,2,10.59,248.16,28.67,276.83,Cash,2,32.0,12,Sunday,January,2024-01-14,False,23.43,11.55
4848,2024-01-07 10:19:00,2024-01-07 11:28:00,6,95,1,12.05,261.3,44.78,306.08,Card,2,69.0,10,Sunday,January,2024-01-07,False,21.68,17.14
4849,2024-01-25 16:34:00,2024-01-25 17:22:00,121,31,2,22.77,470.82,45.09,515.91,Cash,2,48.0,16,Thursday,January,2024-01-25,False,20.68,9.58
4850,2024-01-10 07:29:00,2024-01-10 08:16:00,132,156,2,22.46,448.63,44.72,493.35,Cash,1,47.0,7,Wednesday,January,2024-01-10,False,19.97,9.97
4851,2024-01-03 15:11:00,2024-01-03 15:52:00,189,240,3,24.19,475.86,28.82,504.68,Cash,2,41.0,15,Wednesday,January,2024-01-03,False,19.67,6.06
4852,2024-01-18 23:04:00,2024-01-19 00:14:00,209,64,2,22.24,459.06,42.48,501.54,Cash,2,70.0,23,Thursday,January,2024-01-18,False,20.64,9.25
4853,2024-01-26 10:39:00,2024-01-26 11:00:00,42,109,2,1.2,65.11,10.26,75.37,Card,2,21.0,10,Friday,January,2024-01-26,False,54.26,15.76
4854,2024-01-25 00:14:00,2024-01-25 00:58:00,78,68,2,16.4,358.31,52.03,410.34,Card,2,44.0,0,Thursday,January,2024-01-25,False,21.85,14.52
4855,2024-01-13 10:08:00,2024-01-13 10:50:00,145,35,1,2.64,113.5,7.06,120.56,Card,1,42.0,10,Saturday,January,2024-01-13,False,42.99,6.22
4856,2024-01-14 16:12:00,2024-01-14 17:41:00,171,251,1,7.54,204.06,13.71,217.77,Card,1,89.0,16,Sunday,January,2024-01-14,False,27.06,6.72
4857,2024-01-17 07:41:00,2024-01-17 08:46:00,93,36,3,14.88,327.77,34.92,362.69,Card,2,65.0,7,Wednesday,January,2024-01-17,False,22.03,10.65
4858,2024-01-10 05:44:00,2024-01-10 05:57:00,263,132,1,17.81,375.04,60.59,435.63,Card,2,13.0,5,Wednesday,January,2024-01-10,False,21.06,16.16
4859,2024-01-20 02:47:00,2024-01-20 04:08:00,23,222,2,16.71,351.35,61.46,412.81,Cash,1,81.0,2,Saturday,January,2024-01-20,False,21.03,17.49
4860,2024-01-13 13:14:00,2024-01-13 14:33:00,142,167,6,2.18,93.97,4.9,98.87,Card,1,79.0,13,Saturday,January,2024-01-13,False,43.11,5.21
4861,2024-01-11 19:09:00,2024-01-11 20:14:00,148,60,6,3.49,108.53,10.78,119.31,Card,1,65.0,19,Thursday,January,2024-01-11,False,31.1,9.93
4862,2024-01-21 19:23:00,2024-01-21 20:47:00,116,113,2,4.09,124.07,14.1,138.17,Card,2,84.0,19,Sunday,January,2024-01-21,False,30.33,11.36
4863,2024-01-19 00:00:00,2024-01-19 00:20:00,81,221,1,3.19,118.96,22.21,141.17,Cash,2,20.0,0,Friday,January,2024-01-19,False,37.29,18.67
4864,2024-01-22 09:46:00,2024-01-22 09:52:00,25,68,1,5.28,141.56,17.72,159.28,Card,2,6.0,9,Monday,January,2024-01-22,False,26.81,12.52
4865,2024-01-26 01:11:00,2024-01-26 02:27:00,115,263,4,17.52,363.28,32.86,396.14,Card,2,76.0,1,Friday,January,2024-01-26,False,20.74,9.05
4866,2024-01-12 03:41:00,2024-01-12 04:28:00,94,131,1,20.94,439.4,47.68,487.08,Card,2,47.0,3,Friday,January,2024-01-12,False,20.98,10.85
4867,2024-01-21 00:10:00,2024-01-21 00:56:00,185,208,6,10.81,239.92,27.7,267.62,Cash,2,46.0,0,Sunday,January,2024-01-21,False,22.19,11.55
4868,2024-01-16 20:00:00,2024-01-16 21:21:00,155,212,1,17.63,364.72,54.89,419.61,Card,2,81.0,20,Tuesday,January,2024-01-16,False,20.69,15.05
4869,2024-01-29 22:52:00,2024-01-29 23:53:00,174,51,2,5.8,144.93,8.14,153.07,Cash,2,61.0,22,Monday,January,2024-01-29,False,24.99,5.62
4870,2024-01-07 21:40:00,2024-01-07 23:05:00,173,42,1,24.36,500.08,54.22,554.3,Card,2,85.0,21,Sunday,January,2024-01-07,False,20.53,10.84
4871,2024-01-03 17:24:00,2024-01-03 18:35:00,154,247,1,9.4,227.74,33.47,261.21,Card,2,71.0,17,Wednesday,January,2024-01-03,False,24.23,14.7
4872,2024-01-20 11:34:00,2024-01-20 12:08:00,14,195,4,21.3,444.23,41.09,485.32,Card,2,34.0,11,Saturday,January,2024-01-20,False,20.86,9.25
4873,2024-01-07 19:03:00,2024-01-07 19:20:00,128,244,2,23.69,472.85,65.61,538.46,Cash,1,17.0,19,Sunday,January,2024-01-07,False,19.96,13.88
4874,2024-01-26 20:53:00,2024-01-26 21:16:00,92,200,1,21.75,452.12,46.84,498.96,Card,1,23.0,20,Friday,January,2024-01-26,False,20.79,10.36
4875,2024-01-10 04:33:00,2024-01-10 04:44:00,222,121,1,2.61,104.87,17.18,122.05,Cash,2,11.0,4,Wednesday,January,2024-01-10,False,40.18,16.38
4876,2024-01-18 00:04:00,2024-01-18 00:17:00,108,203,2,16.61,349.96,20.68,370.64,Card,2,13.0,0,Thursday,January,2024-01-18,False,21.07,5.91
4877,2024-01-18 09:48:00,2024-01-18 11:15:00,28,106,1,3.88,122.97,23.08,146.05,Card,2,87.0,9,Thursday,January,2024-01-18,False,31.69,18.77
4878,2024-01-01 03:11:00,2024-01-01 04:09:00,197,250,3,1.14,77.56,5.87,83.43,Card,1,58.0,3,Monday,January,2024-01-01,False,68.04,7.57
4879,2024-01-18 09:54:00,2024-01-18 11:24:00,200,79,1,2.24,95.12,7.02,102.14,Card,2,90.0,9,Thursday,January,2024-01-18,False,42.46,7.38
4880,2024-01-04 09:57:00,2024-01-04 11:23:00,154,165,1,22.99,473.07,83.31,556.38,Card,2,86.0,9,Thursday,January,2024-01-04,False,20.58,17.61
4881,2024-01-27 19:19:00,2024-01-27 20:24:00,70,119,1,22.8,455.83,82.23,538.06,Cash,2,65.0,19,Saturday,January,2024-01-27,False,19.99,18.04
4882,2024-01-18 22:32:00,2024-01-18 22:38:00,160,57,1,6.42,171.78,10.98,182.76,Cash,1,6.0,22,Thursday,January,2024-01-18,False,26.76,6.39
4883,2024-01-30 19:28:00,2024-01-30 20:22:00,103,188,1,14.13,307.85,57.35,365.2,Card,2,54.0,19,Tuesday,January,2024-01-30,False,21.79,18.63
4884,2024-01-15 09:06:00,2024-01-15 10:25:00,236,52,6,23.92,484.39,44.08,528.47,Card,1,79.0,9,Monday,January,2024-01-15,False,20.25,9.1
4885,2024-01-10 12:02:00,2024-01-10 12:37:00,189,72,1,12.92,286.64,40.93,327.57,Card,2,35.0,12,Wednesday,January,2024-01-10,False,22.19,14.28
4886,2024-01-19 14:02:00,2024-01-19 14:39:00,109,241,1,10.45,254.54,15.35,269.89,Cash,1,37.0,14,Friday,January,2024-01-19,False,24.36,6.03
4887,2024-01-17 05:43:00,2024-01-17 07:05:00,255,100,1,12.6,291.36,31.2,322.56,Cash,1,82.0,5,Wednesday,January,2024-01-17,False,23.12,10.71
4888,2024-01-20 07:16:00,2024-01-20 08:40:00,193,155,2,19.97,418.35,49.2,467.55,Card,2,84.0,7,Saturday,January,2024-01-20,False,20.95,11.76
4889,2024-01-17 10:26:00,2024-01-17 10:41:00,71,59,2,12.45,285.59,39.98,325.57,Card,2,15.0,10,Wednesday,January,2024-01-17,False,22.94,14.0
4890,2024-01-18 19:42:00,2024-01-18 20:19:00,209,259,2,19.8,397.68,51.22,448.9,Cash,1,37.0,19,Thursday,January,2024-01-18,False,20.08,12.88
4891,2024-01-25 01:22:00,2024-01-25 01:33:00,176,201,1,11.36,266.8,31.81,298.61,Card,2,11.0,1,Thursday,January,2024-01-25,False,23.49,11.92
4892,2024-01-30 01:10:00,2024-01-30 01:45:00,239,176,2,7.05,181.48,35.2,216.68,Cash,1,35.0,1,Tuesday,January,2024-01-30,False,25.74,19.4
4893,2024-01-27 01:31:00,2024-01-27 02:23:00,98,98,2,8.84,208.65,16.22,224.87,Card,1,52.0,1,Saturday,January,2024-01-27,False,23.6,7.77
4894,2024-01-08 02:34:00,2024-01-08 03:25:00,89,182,1,2.87,95.85,7.06,102.91,Card,2,51.0,2,Monday,January,2024-01-08,False,33.4,7.37
4895,2024-01-07 09:41:00,2024-01-07 11:03:00,252,35,1,12.94,275.18,43.21,318.39,Card,1,82.0,9,Sunday,January,2024-01-07,False,21.27,15.7
4896,2024-01-08 22:10:00,2024-01-08 23:07:00,99,87,2,4.55,123.25,7.54,130.79,Card,1,57.0,22,Monday,January,2024-01-08,False,27.09,6.12
4897,2024-01-11 01:59:00,2024-01-11 03:23:00,154,158,1,20.48,413.49,50.63,464.12,Cash,1,84.0,1,Thursday,January,2024-01-11,False,20.19,12.24
4898,2024-01-01 17:31:00,2024-01-01 17:54:00,31,116,1,11.09,240.52,29.49,270.01,Card,2,23.0,17,Monday,January,2024-01-01,False,21.69,12.26
4899,2024-01-07 18:45:00,2024-01-07 20:10:00,131,8,1,19.36,410.46,39.61,450.07,Card,2,85.0,18,Sunday,January,2024-01-07,False,21.2,9.65
4900,2024-01-08 21:42:00,2024-01-08 21:52:00,216,107,1,23.91,477.84,90.58,568.42,Cash,1,10.0,21,Monday,January,2024-01-08,False,19.98,18.96
4901,2024-01-09 17:40:00,2024-01-09 18:33:00,15,107,1,21.39,436.08,40.29,476.37,Card,2,53.0,17,Tuesday,January,2024-01-09,False,20.39,9.24
4902,2024-01-23 10:43:00,2024-01-23 12:00:00,43,114,2,23.84,493.8,46.05,539.85,Card,2,77.0,10,Tuesday,January,2024-01-23,False,20.71,9.33
4903,2024-01-09 06:59:00,2024-01-09 07:53:00,168,10,3,14.63,306.78,26.12,332.9,Card,2,54.0,6,Tuesday,January,2024-01-09,False,20.97,8.51
4904,2024-01-21 19:24:00,2024-01-21 20:49:00,255,60,2,4.97,154.53,11.11,165.64,Card,1,85.0,19,Sunday,January,2024-01-21,False,31.09,7.19
4905,2024-01-01 05:07:00,2024-01-01 05:23:00,170,102,1,23.45,481.29,50.34,531.63,Card,2,16.0,5,Monday,January,2024-01-01,False,20.52,10.46
4906,2024-01-03 07:59:00,2024-01-03 08:26:00,259,63,2,21.84,443.38,67.45,510.83,Card,2,27.0,7,Wednesday,January,2024-01-03,False,20.3,15.21
4907,2024-01-21 14:08:00,2024-01-21 15:06:00,78,175,2,21.75,435.03,70.18,505.21,Card,2,58.0,14,Sunday,January,2024-01-21,False,20.0,16.13
4908,2024-01-25 23:04:00,2024-01-26 00:17:00,85,197,1,17.64,360.26,61.97,422.23,Card,1,73.0,23,Thursday,January,2024-01-25,False,20.42,17.2
4909,2024-01-24 14:59:00,2024-01-24 16:02:00,149,222,2,16.0,338.07,26.92,364.99,Card,2,63.0,14,Wednesday,January,2024-01-24,False,21.13,7.96
4910,2024-01-27 11:34:00,2024-01-27 12:14:00,201,190,2,1.35,68.51,3.79,72.3,Card,2,40.0,11,Saturday,January,2024-01-27,False,50.75,5.53
4911,2024-01-19 23:23:00,2024-01-19 23:30:00,77,128,1,18.95,389.13,76.35,465.48,Card,1,7.0,23,Friday,January,2024-01-19,False,20.53,19.62
4912,2024-01-05 07:46:00,2024-01-05 08:48:00,250,46,1,3.2,99.19,5.17,104.36,Card,2,62.0,7,Friday,January,2024-01-05,False,31.0,5.21
4913,2024-01-16 01:29:00,2024-01-16 02:28:00,53,69,1,7.23,187.99,36.49,224.48,Card,2,59.0,1,Tuesday,January,2024-01-16,False,26.0,19.41
4914,2024-01-22 12:11:00,2024-01-22 13:12:00,109,58,6,14.24,300.68,52.42,353.1,Card,2,61.0,12,Monday,January,2024-01-22,False,21.12,17.43
4915,2024-01-19 00:34:00,2024-01-19 00:55:00,88,216,1,11.84,275.82,51.53,327.35,Card,1,21.0,0,Friday,January,2024-01-19,False,23.3,18.68
4916,2024-01-17 23:03:00,2024-01-17 23:46:00,166,115,1,1.38,71.39,7.72,79.11,Cash,2,43.0,23,Wednesday,January,2024-01-17,False,51.73,10.81
4917,2024-01-22 02:31:00,2024-01-22 03:43:00,93,10,1,20.78,437.98,34.85,472.83,Card,1,72.0,2,Monday,January,2024-01-22,False,21.08,7.96
4918,2024-01-10 22:50:00,2024-01-10 23:49:00,173,86,3,22.09,443.32,62.49,505.81,Card,2,59.0,22,Wednesday,January,2024-01-10,False,20.07,14.1
4919,2024-01-04 09:31:00,2024-01-04 10:20:00,64,147,1,17.36,374.12,60.3,434.42,Card,1,49.0,9,Thursday,January,2024-01-04,False,21.55,16.12
4920,2024-01-04 11:12:00,2024-01-04 12:32:00,126,118,2,13.99,301.81,21.01,322.82,Card,2,80.0,11,Thursday,January,2024-01-04,False,21.57,6.96
4921,2024-01-02 08:41:00,2024-01-02 08:46:00,230,135,2,24.06,490.57,83.22,573.79,Cash,1,5.0,8,Tuesday,January,2024-01-02,False,20.39,16.96
4922,2024-01-09 16:17:00,2024-01-09 16:42:00,105,15,2,3.88,111.0,9.02,120.02,Card,1,25.0,16,Tuesday,January,2024-01-09,False,28.61,8.13
4923,2024-01-23 14:31:00,2024-01-23 15:58:00,209,206,3,18.71,391.64,48.47,440.11,Card,2,87.0,14,Tuesday,January,2024-01-23,False,20.93,12.38
4924,2024-01-08 12:48:00,2024-01-08 13:13:00,62,233,1,4.08,117.9,21.04,138.94,Card,1,25.0,12,Monday,January,2024-01-08,False,28.9,17.85
4925,2024-01-10 04:55:00,2024-01-10 05:51:00,240,66,4,10.16,237.47,18.76,256.23,Card,2,56.0,4,Wednesday,January,2024-01-10,False,23.37,7.9
4926,2024-01-04 04:07:00,2024-01-04 05:33:00,61,4,3,15.05,315.14,27.19,342.33,Card,1,86.0,4,Thursday,January,2024-01-04,False,20.94,8.63
4927,2024-01-28 06:41:00,2024-01-28 07:28:00,12,3,4,18.69,389.53,23.14,412.67,Cash,2,47.0,6,Sunday,January,2024-01-28,False,20.84,5.94
4928,2024-01-15 03:49:00,2024-01-15 04:45:00,137,259,2,1.09,62.94,4.53,67.47,Card,1,56.0,3,Monday,January,2024-01-15,False,57.74,7.2
4929,2024-01-12 12:07:00,2024-01-12 13:18:00,195,203,3,7.25,177.1,12.75,189.85,Card,2,71.0,12,Friday,January,2024-01-12,False,24.43,7.2
4930,2024-01-03 07:58:00,2024-01-03 08:46:00,74,240,1,13.92,308.41,24.83,333.24,Card,1,48.0,7,Wednesday,January,2024-01-03,False,22.16,8.05
4931,2024-01-16 23:19:00,2024-01-16 23:55:00,136,93,1,13.79,317.52,29.51,347.03,Cash,1,36.0,23,Tuesday,January,2024-01-16,False,23.03,9.29
4932,2024-01-30 09:58:00,2024-01-30 10:12:00,43,23,1,16.3,346.88,59.75,406.63,Card,2,14.0,9,Tuesday,January,2024-01-30,False,21.28,17.22
4933,2024-01-08 15:08:00,2024-01-08 16:16:00,39,87,1,8.29,209.84,39.32,249.16,Cash,2,68.0,15,Monday,January,2024-01-08,False,25.31,18.74
4934,2024-01-29 02:06:00,2024-01-29 03:29:00,31,51,2,13.97,307.64,34.13,341.77,Card,1,83.0,2,Monday,January,2024-01-29,False,22.02,11.09
4935,2024-01-22 21:21:00,2024-01-22 22:34:00,142,43,1,5.55,154.85,10.72,165.57,Cash,1,73.0,21,Monday,January,2024-01-22,False,27.9,6.92
4936,2024-01-04 22:58:00,2024-01-05 00:10:00,44,204,1,5.48,140.58,11.75,152.33,Cash,1,72.0,22,Thursday,January,2024-01-04,False,25.65,8.36
4937,2024-01-01 21:13:00,2024-01-01 21:45:00,188,58,2,14.84,311.45,49.97,361.42,Card,1,32.0,21,Monday,January,2024-01-01,False,20.99,16.04
4938,2024-01-20 03:03:00,2024-01-20 04:00:00,2,59,4,17.45,380.59,57.7,438.29,Cash,2,57.0,3,Saturday,January,2024-01-20,False,21.81,15.16
4939,2024-01-22 18:29:00,2024-01-22 19:24:00,24,168,2,3.89,122.32,23.86,146.18,Card,2,55.0,18,Monday,January,2024-01-22,False,31.44,19.51
4940,2024-01-08 19:21:00,2024-01-08 20:18:00,104,174,3,3.95,129.53,6.76,136.29,Card,1,57.0,19,Monday,January,2024-01-08,False,32.79,5.22
4941,2024-01-07 14:17:00,2024-01-07 14:25:00,62,207,2,14.57,318.11,51.73,369.84,Card,2,8.0,14,Sunday,January,2024-01-07,False,21.83,16.26
4942,2024-01-30 01:55:00,2024-01-30 03:18:00,153,111,3,7.48,186.01,23.41,209.42,Card,2,83.0,1,Tuesday,January,2024-01-30,False,24.87,12.59
4943,2024-01-23 17:03:00,2024-01-23 17:24:00,263,23,1,10.42,239.19,44.35,283.54,Card,1,21.0,17,Tuesday,January,2024-01-23,False,22.95,18.54
4944,2024-01-23 04:34:00,2024-01-23 05:45:00,243,233,6,10.62,247.82,33.81,281.63,Card,1,71.0,4,Tuesday,January,2024-01-23,False,23.34,13.64
4945,2024-01-06 13:22:00,2024-01-06 14:40:00,121,172,1,5.29,139.45,16.32,155.77,Card,1,78.0,13,Saturday,January,2024-01-06,False,26.36,11.7
4946,2024-01-03 22:47:00,2024-01-03 23:38:00,173,11,3,1.03,70.16,10.52,80.68,Cash,2,51.0,22,Wednesday,January,2024-01-03,False,68.12,14.99
4947,2024-01-30 03:48:00,2024-01-30 04:48:00,103,60,2,21.48,440.05,77.02,517.07,Card,2,60.0,3,Tuesday,January,2024-01-30,False,20.49,17.5
4948,2024-01-16 01:38:00,2024-01-16 02:05:00,160,232,2,18.16,396.43,36.62,433.05,Card,1,27.0,1,Tuesday,January,2024-01-16,False,21.83,9.24
4949,2024-01-14 16:58:00,2024-01-14 17:20:00,257,235,2,17.57,366.8,24.26,391.06,Card,1,22.0,16,Sunday,January,2024-01-14,False,20.88,6.61
4950,2024-01-08 10:23:00,2024-01-08 10:28:00,202,3,3,14.12,313.5,36.04,349.54,Card,1,5.0,10,Monday,January,2024-01-08,False,22.2,11.5
4951,2024-01-13 04:50:00,2024-01-13 05:29:00,45,144,3,17.82,364.88,29.99,394.87,Card,2,39.0,4,Saturday,January,2024-01-13,False,20.48,8.22
4952,2024-01-09 14:32:00,2024-01-09 15:40:00,64,230,1,23.46,464.24,53.12,517.36,Cash,1,68.0,14,Tuesday,January,2024-01-09,False,19.79,11.44
4953,2024-01-23 10:19:00,2024-01-23 11:21:00,196,9,1,16.98,371.79,73.86,445.65,Card,2,62.0,10,Tuesday,January,2024-01-23,False,21.9,19.87
4954,2024-01-11 20:41:00,2024-01-11 21:44:00,70,193,1,7.36,194.4,26.46,220.86,Card,2,63.0,20,Thursday,January,2024-01-11,False,26.41,13.61
4955,2024-01-10 17:18:00,2024-01-10 17:23:00,181,127,1,14.69,313.94,48.36,362.3,Card,2,5.0,17,Wednesday,January,2024-01-10,False,21.37,15.4
4956,2024-01-05 09:05:00,2024-01-05 09:12:00,247,48,1,11.62,264.3,40.09,304.39,Card,1,7.0,9,Friday,January,2024-01-05,False,22.75,15.17
4957,2024-01-23 17:26:00,2024-01-23 18:37:00,158,107,2,14.35,302.37,52.34,354.71,Card,2,71.0,17,Tuesday,January,2024-01-23,False,21.07,17.31
4958,2024-01-14 01:02:00,2024-01-14 01:43:00,186,253,1,13.42,302.77,58.02,360.79,Card,2,41.0,1,Sunday,January,2024-01-14,False,22.56,19.16
4959,2024-01-09 20:01:00,2024-01-09 21:28:00,231,27,2,21.61,431.09,64.16,495.25,Card,2,87.0,20,Tuesday,January,2024-01-09,False,19.95,14.88
4960,2024-01-28 14:43:00,2024-01-28 15:16:00,73,9,1,16.64,362.23,43.98,406.21,Card,1,33.0,14,Sunday,January,2024-01-28,False,21.77,12.14
4961,2024-01-09 15:07:00,2024-01-09 15:44:00,55,220,2,5.53,155.95,15.23,171.18,Card,1,37.0,15,Tuesday,January,2024-01-09,False,28.2,9.77
4962,2024-01-15 06:46:00,2024-01-15 07:51:00,243,158,1,2.51,93.55,9.73,103.28,Card,2,65.0,6,Monday,January,2024-01-15,False,37.27,10.4
4963,2024-01-02 13:10:00,2024-01-02 13:18:00,215,14,2,11.18,267.12,26.76,293.88,Card,2,8.0,13,Tuesday,January,2024-01-02,False,23.89,10.02
4964,2024-01-05 12:31:00,2024-01-05 12:49:00,15,29,2,1.37,94.24,9.3,103.54,Cash,2,18.0,12,Friday,January,2024-01-05,False,68.79,9.87
4965,2024-01-30 07:49:00,2024-01-30 08:26:00,147,26,1,8.64,203.15,31.32,234.47,Card,2,37.0,7,Tuesday,January,2024-01-30,False,23.51,15.42
4966,2024-01-19 04:17:00,2024-01-19 04:43:00,144,214,1,9.83,241.13,33.31,274.44,Card,2,26.0,4,Friday,January,2024-01-19,False,24.53,13.81
4967,2024-01-04 07:25:00,2024-01-04 08:17:00,25,143,1,10.01,242.68,19.49,262.17,Card,1,52.0,7,Thursday,January,2024-01-04,False,24.24,8.03
4968,2024-01-15 03:14:00,2024-01-15 03:21:00,99,115,3,24.5,503.42,98.39,601.81,Cash,2,7.0,3,Monday,January,2024-01-15,False,20.55,19.54
4969,2024-01-17 14:49:00,2024-01-17 16:18:00,179,218,2,8.29,217.94,24.88,242.82,Cash,1,89.0,14,Wednesday,January,2024-01-17,False,26.29,11.42
4970,2024-01-21 00:20:00,2024-01-21 00:47:00,174,81,2,7.37,187.26,25.26,212.52,Cash,1,27.0,0,Sunday,January,2024-01-21,False,25.41,13.49
4971,2024-01-21 12:03:00,2024-01-21 13:15:00,263,201,1,4.11,134.21,20.85,155.06,Card,2,72.0,12,Sunday,January,2024-01-21,False,32.65,15.54
4972,2024-01-04 20:32:00,2024-01-04 20:57:00,58,67,1,13.26,303.4,43.1,346.5,Cash,2,25.0,20,Thursday,January,2024-01-04,False,22.88,14.21
4973,2024-01-01 10:27:00,2024-01-01 11:14:00,145,249,1,4.69,138.81,13.42,152.23,Cash,2,47.0,10,Monday,January,2024-01-01,False,29.6,9.67
4974,2024-01-09 07:49:00,2024-01-09 09:18:00,122,144,1,15.79,338.66,57.46,396.12,Card,1,89.0,7,Tuesday,January,2024-01-09,False,21.45,16.97
4975,2024-01-10 13:40:00,2024-01-10 14:10:00,27,141,1,4.72,134.52,8.95,143.47,Cash,2,30.0,13,Wednesday,January,2024-01-10,False,28.5,6.65
4976,2024-01-05 13:49:00,2024-01-05 14:34:00,66,96,1,14.84,330.54,44.74,375.28,Cash,1,45.0,13,Friday,January,2024-01-05,False,22.27,13.54
4977,2024-01-25 04:12:00,2024-01-25 04:54:00,101,118,2,20.83,435.53,39.63,475.16,Cash,2,42.0,4,Thursday,January,2024-01-25,False,20.91,9.1
4978,2024-01-20 12:48:00,2024-01-20 13:03:00,94,185,1,2.02,89.89,12.8,102.69,Cash,2,15.0,12,Saturday,January,2024-01-20,False,44.5,14.24
4979,2024-01-27 20:12:00,2024-01-27 20:45:00,67,245,1,11.07,251.84,20.83,272.67,Cash,1,33.0,20,Saturday,January,2024-01-27,False,22.75,8.27
4980,2024-01-20 07:10:00,2024-01-20 08:14:00,250,201,2,12.07,259.44,43.02,302.46,Cash,2,64.0,7,Saturday,January,2024-01-20,False,21.49,16.58
4981,2024-01-29 10:33:00,2024-01-29 11:44:00,142,110,2,19.99,400.02,33.65,433.67,Card,1,71.0,10,Monday,January,2024-01-29,False,20.01,8.41
4982,2024-01-01 04:09:00,2024-01-01 05:18:00,40,212,2,12.23,276.01,50.66,326.67,Cash,2,69.0,4,Monday,January,2024-01-01,False,22.57,18.35
4983,2024-01-14 09:49:00,2024-01-14 10:54:00,215,259,1,14.62,315.68,56.58,372.26,Card,1,65.0,9,Sunday,January,2024-01-14,False,21.59,17.92
4984,2024-01-18 23:41:00,2024-01-19 00:04:00,131,164,3,19.99,423.7,44.22,467.92,Card,1,23.0,23,Thursday,January,2024-01-18,False,21.2,10.44
4985,2024-01-17 08:56:00,2024-01-17 09:46:00,1,97,4,14.43,316.02,34.09,350.11,Cash,2,50.0,8,Wednesday,January,2024-01-17,False,21.9,10.79
4986,2024-01-22 21:08:00,2024-01-22 22:01:00,9,210,1,9.6,240.9,37.39,278.29,Card,2,53.0,21,Monday,January,2024-01-22,False,25.09,15.52
4987,2024-01-07 08:55:00,2024-01-07 09:21:00,144,36,1,3.06,100.96,6.42,107.38,Cash,2,26.0,8,Sunday,January,2024-01-07,False,32.99,6.36
4988,2024-01-18 16:24:00,2024-01-18 17:46:00,138,100,3,18.52,403.06,25.05,428.11,Card,1,82.0,16,Thursday,January,2024-01-18,False,21.76,6.21
4989,2024-01-12 07:00:00,2024-01-12 08:01:00,179,21,4,21.91,443.32,31.23,474.55,Card,2,61.0,7,Friday,January,2024-01-12,False,20.23,7.04
4990,2024-01-25 14:40:00,2024-01-25 14:58:00,144,217,1,24.28,496.31,66.69,563.0,Card,2,18.0,14,Thursday,January,2024-01-25,False,20.44,13.44
4991,2024-01-21 12:26:00,2024-01-21 13:14:00,190,104,1,23.24,473.38,34.25,507.63,Card,2,48.0,12,Sunday,January,2024-01-21,False,20.37,7.24
4992,2024-01-28 19:27:00,2024-01-28 19:47:00,187,112,3,20.14,413.31,37.88,451.19,Card,1,20.0,19,Sunday,January,2024-01-28,False,20.52,9.17
4993,2024-01-29 18:30:00,2024-01-29 19:51:00,154,219,1,16.44,340.1,50.01,390.11,Card,1,81.0,18,Monday,January,2024-01-29,False,20.69,14.7
4994,2024-01-02 09:07:00,2024-01-02 09:23:00,172,120,4,19.76,399.73,20.92,420.65,Card,1,16.0,9,Tuesday,January,2024-01-02,False,20.23,5.23
4995,2024-01-18 10:25:00,2024-01-18 11:24:00,247,249,1,11.37,266.01,20.49,286.5,Card,2,59.0,10,Thursday,January,2024-01-18,False,23.4,7.7
4996,2024-01-09 23:48:00,2024-01-10 00:43:00,11,96,3,15.27,326.19,61.81,388.0,Card,1,55.0,23,Tuesday,January,2024-01-09,False,21.36,18.95
4997,2024-01-10 01:06:00,2024-01-10 01:49:00,47,188,1,9.37,237.5,35.51,273.01,Card,1,43.0,1,Wednesday,January,2024-01-10,False,25.35,14.95
4998,2024-01-02 22:13:00,2024-01-02 22:50:00,111,144,1,8.84,208.89,20.02,228.91,Card,2,37.0,22,Tuesday,January,2024-01-02,False,23.63,9.58
4999,2024-01-07 20:38:00,2024-01-07 21:15:00,252,28,5,19.16,414.39,23.54,437.93,Card,2,37.0,20,Sunday,January,2024-01-07,False,21.63,5.68
5000,2024-01-30 19:46:00,2024-01-30 20:19:00,76,6,1,11.89,260.18,35.88,296.06,Cash,2,33.0,19,Tuesday,January,2024-01-30,False,21.88,13.79
